theme_id,theme_name,code,name
590,2026 상반기 신규상장,153890,져스텍
590,2026 상반기 신규상장,279570,케이뱅크
590,2026 상반기 신규상장,288180,케이피항공산업
590,2026 상반기 신규상장,394420,리센스메디컬
590,2026 상반기 신규상장,408470,한패스
590,2026 상반기 신규상장,439960,코스모로보틱스
590,2026 상반기 신규상장,458350,에스팀
590,2026 상반기 신규상장,475040,스트라드비젼
590,2026 상반기 신규상장,477850,마키나락스
590,2026 상반기 신규상장,487580,폴레드
590,2026 상반기 신규상장,493280,아이엠바이오로직스
590,2026 상반기 신규상장,493330,지에프아이
615,2026 하반기 신규상장,282620,기도산업
615,2026 하반기 신규상장,365660,레몬헬스케어
615,2026 하반기 신규상장,386380,스카이랩스
615,2026 하반기 신규상장,387690,레메디
615,2026 하반기 신규상장,417030,니어스랩
615,2026 하반기 신규상장,483350,딜리셔스
615,2026 하반기 신규상장,487400,케이앤에스아이앤씨
615,2026 하반기 신규상장,950260,인제니아테라퓨틱스(Reg.S)
64,2차전지,001390,KG케미칼
64,2차전지,001530,DI동일
64,2차전지,001780,알루코
64,2차전지,002710,TCC스틸
64,2차전지,003670,포스코퓨처엠
64,2차전지,004490,세방전지
64,2차전지,004910,조광페인트
64,2차전지,005070,코스모신소재
64,2차전지,005420,코스모화학
64,2차전지,005490,POSCO홀딩스
64,2차전지,006110,삼아알미늄
64,2차전지,006400,삼성SDI
64,2차전지,006650,대한유화
64,2차전지,008730,율촌화학
64,2차전지,010130,고려아연
64,2차전지,011500,한농화성
64,2차전지,011790,SKC
64,2차전지,014680,한솔케미칼
64,2차전지,014820,동원시스템즈
64,2차전지,015750,성우하이텍
64,2차전지,017370,우신시스템
64,2차전지,018470,조일알미늄
64,2차전지,020150,롯데에너지머티리얼즈
64,2차전지,025900,동화기업
64,2차전지,029480,광무
64,2차전지,032560,황금에스티
64,2차전지,032680,소프트센
64,2차전지,033160,엠케이전자
64,2차전지,033790,피노
64,2차전지,036830,솔브레인홀딩스
64,2차전지,037030,파워넷
64,2차전지,042600,새로닉스
64,2차전지,047310,파워로직스
64,2차전지,049950,미래컴퍼니
64,2차전지,051490,나라엠앤디
64,2차전지,051910,LG화학
64,2차전지,053080,케이엔솔
64,2차전지,054090,삼진엘앤디
64,2차전지,054210,이랜텍
64,2차전지,055490,테이팩스
64,2차전지,056190,SFA
64,2차전지,059090,미코
64,2차전지,064290,인텍플러스
64,2차전지,065130,탑엔지니어링
64,2차전지,065350,신성델타테크
64,2차전지,066970,엘앤에프
64,2차전지,075970,동국알앤에스
64,2차전지,076080,웰크론한텍
64,2차전지,078150,HB테크놀러지
64,2차전지,078600,대주전자재료
64,2차전지,079810,APS이노베이션
64,2차전지,081180,쎄크
64,2차전지,083930,아바코
64,2차전지,084850,아이티엠반도체
64,2차전지,086520,에코프로
64,2차전지,088390,이녹스
64,2차전지,089890,코세스
64,2차전지,089980,상아프론테크
64,2차전지,090470,제이스로보틱스
64,2차전지,091580,상신이디피
64,2차전지,093370,후성
64,2차전지,093920,서원인텍
64,2차전지,096630,에스코넥
64,2차전지,096770,SK이노베이션
64,2차전지,101360,에코앤드림
64,2차전지,107600,새빗켐
64,2차전지,108230,톱텍
64,2차전지,109740,디에스케이
64,2차전지,110990,디아이티
64,2차전지,114190,강원에너지
64,2차전지,121600,나노신소재
64,2차전지,126730,코칩
64,2차전지,129920,대성하이텍
64,2차전지,131760,파인텍
64,2차전지,137400,피엔티
64,2차전지,148930,에이치와이티씨
64,2차전지,161000,애경케미칼
64,2차전지,161580,필옵틱스
64,2차전지,168360,펨트론
64,2차전지,178920,PI첨단소재
64,2차전지,217820,원익피앤이
64,2차전지,220260,켐트로스
64,2차전지,222080,SFA넥셀
64,2차전지,222420,쎄노텍
64,2차전지,240600,유진테크놀로지
64,2차전지,241790,티이엠씨씨엔에스
64,2차전지,243840,신흥에스이씨
64,2차전지,247540,에코프로비엠
64,2차전지,251630,브이원텍
64,2차전지,254120,자비스
64,2차전지,257370,피엔티엠에스
64,2차전지,259630,엠플러스
64,2차전지,262260,에이프로
64,2차전지,263770,유에스티
64,2차전지,265560,영화테크
64,2차전지,267320,나인테크
64,2차전지,277880,티에스아이
64,2차전지,278280,천보
64,2차전지,282880,코윈테크
64,2차전지,290670,대보마그네틱
64,2차전지,294140,레몬
64,2차전지,299030,하나기술
64,2차전지,302430,이노메트리
64,2차전지,317330,덕산테코피아
64,2차전지,320000,한울반도체
64,2차전지,333620,엔시스
64,2차전지,336370,솔루스첨단소재
64,2차전지,348370,엔켐
64,2차전지,354320,알멕
64,2차전지,357780,솔브레인
64,2차전지,360070,탑머티리얼
64,2차전지,361610,SK아이이테크놀로지
64,2차전지,364950,에이아이코리아
64,2차전지,365340,성일하이텍
64,2차전지,372170,윤성에프앤씨
64,2차전지,373220,LG에너지솔루션
64,2차전지,378340,필에너지
64,2차전지,382480,지아이텍
64,2차전지,382840,원준
64,2차전지,393890,더블유씨피
64,2차전지,396300,HT로보틱스
64,2차전지,413390,엠오티
64,2차전지,416180,신성에스티
64,2차전지,417010,나노팀
64,2차전지,418550,제이오
64,2차전지,419050,삼기에너지솔루션즈
64,2차전지,432470,케이엔에스
64,2차전지,446540,메가터치
64,2차전지,450080,에코프로머티
64,2차전지,452190,한빛레이저
64,2차전지,452200,민테크
64,2차전지,452400,이닉스
64,2차전지,452450,피아이이
64,2차전지,455180,케이지에이
64,2차전지,457190,이수스페셜티케미컬
64,2차전지,458650,성우
64,2차전지,469750,아이비젼웍스
64,2차전지,475660,에스켐
64,2차전지,480370,씨케이솔루션
64,2차전지,493330,지에프아이
64,2차전지,900070,글로벌에스엠
503,2차전지(LFP/리튬인산철),018290,브이티
503,2차전지(LFP/리튬인산철),032680,소프트센
503,2차전지(LFP/리튬인산철),037030,파워넷
503,2차전지(LFP/리튬인산철),037370,EG
503,2차전지(LFP/리튬인산철),054300,팬스타엔터프라이즈
503,2차전지(LFP/리튬인산철),066970,엘앤에프
503,2차전지(LFP/리튬인산철),096770,SK이노베이션
503,2차전지(LFP/리튬인산철),125210,아모그린텍
503,2차전지(LFP/리튬인산철),222080,SFA넥셀
503,2차전지(LFP/리튬인산철),282880,코윈테크
503,2차전지(LFP/리튬인산철),360070,탑머티리얼
503,2차전지(LFP/리튬인산철),373220,LG에너지솔루션
579,2차전지(나트륨이온),006400,삼성SDI
579,2차전지(나트륨이온),086520,에코프로
579,2차전지(나트륨이온),092200,디아이씨
579,2차전지(나트륨이온),161000,애경케미칼
579,2차전지(나트륨이온),247540,에코프로비엠
579,2차전지(나트륨이온),267320,나인테크
579,2차전지(나트륨이온),373220,LG에너지솔루션
579,2차전지(나트륨이온),393890,더블유씨피
579,2차전지(나트륨이온),446540,메가터치
449,2차전지(생산),006400,삼성SDI
449,2차전지(생산),096770,SK이노베이션
449,2차전지(생산),373220,LG에너지솔루션
446,2차전지(소재/부품),001390,KG케미칼
446,2차전지(소재/부품),001530,DI동일
446,2차전지(소재/부품),001780,알루코
446,2차전지(소재/부품),002710,TCC스틸
446,2차전지(소재/부품),003670,포스코퓨처엠
446,2차전지(소재/부품),004910,조광페인트
446,2차전지(소재/부품),005070,코스모신소재
446,2차전지(소재/부품),005420,코스모화학
446,2차전지(소재/부품),005490,POSCO홀딩스
446,2차전지(소재/부품),006110,삼아알미늄
446,2차전지(소재/부품),006650,대한유화
446,2차전지(소재/부품),008730,율촌화학
446,2차전지(소재/부품),010130,고려아연
446,2차전지(소재/부품),011500,한농화성
446,2차전지(소재/부품),011790,SKC
446,2차전지(소재/부품),014680,한솔케미칼
446,2차전지(소재/부품),014820,동원시스템즈
446,2차전지(소재/부품),015750,성우하이텍
446,2차전지(소재/부품),018470,조일알미늄
446,2차전지(소재/부품),020150,롯데에너지머티리얼즈
446,2차전지(소재/부품),025900,동화기업
446,2차전지(소재/부품),029480,광무
446,2차전지(소재/부품),032560,황금에스티
446,2차전지(소재/부품),033160,엠케이전자
446,2차전지(소재/부품),033790,피노
446,2차전지(소재/부품),036830,솔브레인홀딩스
446,2차전지(소재/부품),047310,파워로직스
446,2차전지(소재/부품),051490,나라엠앤디
446,2차전지(소재/부품),051910,LG화학
446,2차전지(소재/부품),054090,삼진엘앤디
446,2차전지(소재/부품),054210,이랜텍
446,2차전지(소재/부품),055490,테이팩스
446,2차전지(소재/부품),065350,신성델타테크
446,2차전지(소재/부품),066970,엘앤에프
446,2차전지(소재/부품),075970,동국알앤에스
446,2차전지(소재/부품),078600,대주전자재료
446,2차전지(소재/부품),084850,아이티엠반도체
446,2차전지(소재/부품),086520,에코프로
446,2차전지(소재/부품),088390,이녹스
446,2차전지(소재/부품),089980,상아프론테크
446,2차전지(소재/부품),091580,상신이디피
446,2차전지(소재/부품),093370,후성
446,2차전지(소재/부품),093920,서원인텍
446,2차전지(소재/부품),096630,에스코넥
446,2차전지(소재/부품),101360,에코앤드림
446,2차전지(소재/부품),114190,강원에너지
446,2차전지(소재/부품),121600,나노신소재
446,2차전지(소재/부품),161000,애경케미칼
446,2차전지(소재/부품),178920,PI첨단소재
446,2차전지(소재/부품),220260,켐트로스
446,2차전지(소재/부품),222420,쎄노텍
446,2차전지(소재/부품),240600,유진테크놀로지
446,2차전지(소재/부품),243840,신흥에스이씨
446,2차전지(소재/부품),247540,에코프로비엠
446,2차전지(소재/부품),263770,유에스티
446,2차전지(소재/부품),265560,영화테크
446,2차전지(소재/부품),278280,천보
446,2차전지(소재/부품),317330,덕산테코피아
446,2차전지(소재/부품),336370,솔루스첨단소재
446,2차전지(소재/부품),348370,엔켐
446,2차전지(소재/부품),354320,알멕
446,2차전지(소재/부품),357780,솔브레인
446,2차전지(소재/부품),361610,SK아이이테크놀로지
446,2차전지(소재/부품),393890,더블유씨피
446,2차전지(소재/부품),416180,신성에스티
446,2차전지(소재/부품),417010,나노팀
446,2차전지(소재/부품),419050,삼기에너지솔루션즈
446,2차전지(소재/부품),446540,메가터치
446,2차전지(소재/부품),450080,에코프로머티
446,2차전지(소재/부품),452400,이닉스
446,2차전지(소재/부품),458650,성우
446,2차전지(소재/부품),475660,에스켐
446,2차전지(소재/부품),900070,글로벌에스엠
445,2차전지(장비),017370,우신시스템
445,2차전지(장비),032680,소프트센
445,2차전지(장비),056190,SFA
445,2차전지(장비),065130,탑엔지니어링
445,2차전지(장비),076080,웰크론한텍
445,2차전지(장비),078150,HB테크놀러지
445,2차전지(장비),079810,APS이노베이션
445,2차전지(장비),081180,쎄크
445,2차전지(장비),083930,아바코
445,2차전지(장비),089890,코세스
445,2차전지(장비),108230,톱텍
445,2차전지(장비),109740,디에스케이
445,2차전지(장비),110990,디아이티
445,2차전지(장비),114190,강원에너지
445,2차전지(장비),129920,대성하이텍
445,2차전지(장비),131760,파인텍
445,2차전지(장비),137400,피엔티
445,2차전지(장비),148930,에이치와이티씨
445,2차전지(장비),161580,필옵틱스
445,2차전지(장비),168360,펨트론
445,2차전지(장비),217820,원익피앤이
445,2차전지(장비),222080,SFA넥셀
445,2차전지(장비),241790,티이엠씨씨엔에스
445,2차전지(장비),251630,브이원텍
445,2차전지(장비),254120,자비스
445,2차전지(장비),257370,피엔티엠에스
445,2차전지(장비),259630,엠플러스
445,2차전지(장비),262260,에이프로
445,2차전지(장비),267320,나인테크
445,2차전지(장비),277880,티에스아이
445,2차전지(장비),282880,코윈테크
445,2차전지(장비),290670,대보마그네틱
445,2차전지(장비),299030,하나기술
445,2차전지(장비),302430,이노메트리
445,2차전지(장비),320000,한울반도체
445,2차전지(장비),333620,엔시스
445,2차전지(장비),372170,윤성에프앤씨
445,2차전지(장비),378340,필에너지
445,2차전지(장비),382480,지아이텍
445,2차전지(장비),382840,원준
445,2차전지(장비),413390,엠오티
445,2차전지(장비),432470,케이엔에스
445,2차전지(장비),452190,한빛레이저
445,2차전지(장비),452200,민테크
445,2차전지(장비),455180,케이지에이
445,2차전지(장비),469750,아이비젼웍스
445,2차전지(장비),480370,씨케이솔루션
472,2차전지(전고체),006400,삼성SDI
472,2차전지(전고체),009150,삼성전기
472,2차전지(전고체),011500,한농화성
472,2차전지(전고체),020150,롯데에너지머티리얼즈
472,2차전지(전고체),025900,동화기업
472,2차전지(전고체),049950,미래컴퍼니
472,2차전지(전고체),055490,테이팩스
472,2차전지(전고체),059090,미코
472,2차전지(전고체),078600,대주전자재료
472,2차전지(전고체),083930,아바코
472,2차전지(전고체),096770,SK이노베이션
472,2차전지(전고체),131400,이브이첨단소재
472,2차전지(전고체),222080,SFA넥셀
472,2차전지(전고체),259630,엠플러스
472,2차전지(전고체),267320,나인테크
472,2차전지(전고체),277880,티에스아이
472,2차전지(전고체),278280,천보
472,2차전지(전고체),281740,레이크머티리얼즈
472,2차전지(전고체),282880,코윈테크
472,2차전지(전고체),294140,레몬
472,2차전지(전고체),299030,하나기술
472,2차전지(전고체),307180,아이엘
472,2차전지(전고체),317330,덕산테코피아
472,2차전지(전고체),357550,석경에이티
472,2차전지(전고체),361610,SK아이이테크놀로지
472,2차전지(전고체),373220,LG에너지솔루션
472,2차전지(전고체),382840,원준
472,2차전지(전고체),413390,엠오티
472,2차전지(전고체),452200,민테크
472,2차전지(전고체),457190,이수스페셜티케미컬
326,3D 프린터,033200,모아텍
326,3D 프린터,039440,에스티아이
326,3D 프린터,048770,TPC로보틱스
326,3D 프린터,090360,로보스타
326,3D 프린터,090710,휴림로봇
326,3D 프린터,099440,스맥
326,3D 프린터,104540,코렌텍
326,3D 프린터,126700,하이비젼시스템
326,3D 프린터,246710,티앤알바이오팹
326,3D 프린터,376900,로킷헬스케어
326,3D 프린터,474650,링크솔루션
373,5G(5세대 이동통신),005930,삼성전자
373,5G(5세대 이동통신),007660,이수페타시스
373,5G(5세대 이동통신),010170,대한광통신
373,5G(5세대 이동통신),017670,SK텔레콤
373,5G(5세대 이동통신),030200,KT
373,5G(5세대 이동통신),032500,케이엠더블유
373,5G(5세대 이동통신),032640,LG유플러스
373,5G(5세대 이동통신),035460,기산텔레콤
373,5G(5세대 이동통신),037460,삼지전자
373,5G(5세대 이동통신),046970,우리로
373,5G(5세대 이동통신),049080,기가레인
373,5G(5세대 이동통신),050890,쏠리드
373,5G(5세대 이동통신),052460,아이크래프트
373,5G(5세대 이동통신),056360,코위버
373,5G(5세대 이동통신),060370,LS마린솔루션
373,5G(5세대 이동통신),061040,알에프텍
373,5G(5세대 이동통신),062970,한국첨단소재
373,5G(5세대 이동통신),065440,이루온
373,5G(5세대 이동통신),065530,와이어블
373,5G(5세대 이동통신),065770,CS
373,5G(5세대 이동통신),066570,LG전자
373,5G(5세대 이동통신),069410,엔텔스
373,5G(5세대 이동통신),069540,빛과전자
373,5G(5세대 이동통신),073490,LIG아큐버
373,5G(5세대 이동통신),073540,에프알텍
373,5G(5세대 이동통신),078000,텔코웨어
373,5G(5세대 이동통신),088280,쏘닉스
373,5G(5세대 이동통신),088800,에이스테크
373,5G(5세대 이동통신),091440,한울소재과학
373,5G(5세대 이동통신),095270,웨이브일렉트로
373,5G(5세대 이동통신),115440,우리넷
373,5G(5세대 이동통신),122990,와이솔
373,5G(5세대 이동통신),138080,오이솔루션
373,5G(5세대 이동통신),153460,네이블
373,5G(5세대 이동통신),173130,오파스넷
373,5G(5세대 이동통신),175140,아고스
373,5G(5세대 이동통신),178320,서진시스템
373,5G(5세대 이동통신),178920,PI첨단소재
373,5G(5세대 이동통신),192410,오늘이엔엠
373,5G(5세대 이동통신),215790,이노인스트루먼트
373,5G(5세대 이동통신),218410,RFHIC
373,5G(5세대 이동통신),229640,LS에코에너지
373,5G(5세대 이동통신),230240,에치에프알
373,5G(5세대 이동통신),242040,나무AX
373,5G(5세대 이동통신),264450,유비쿼스
373,5G(5세대 이동통신),289930,웨이비스
373,5G(5세대 이동통신),321370,센서뷰
373,5G(5세대 이동통신),332570,PS일렉트로닉스
373,5G(5세대 이동통신),340360,다보링크
373,5G(5세대 이동통신),353200,대덕전자
373,5G(5세대 이동통신),355150,코스텍시스
373,5G(5세대 이동통신),377330,이지트로닉스
373,5G(5세대 이동통신),388790,라이콤
373,5G(5세대 이동통신),389020,자람테크놀로지
529,AI 챗봇(챗GPT 등),007660,이수페타시스
529,AI 챗봇(챗GPT 등),018260,삼성에스디에스
529,AI 챗봇(챗GPT 등),030520,한컴
529,AI 챗봇(챗GPT 등),035420,NAVER
529,AI 챗봇(챗GPT 등),035720,카카오
529,AI 챗봇(챗GPT 등),039290,인포뱅크
529,AI 챗봇(챗GPT 등),039980,폴라리스AI
529,AI 챗봇(챗GPT 등),041020,폴라리스오피스
529,AI 챗봇(챗GPT 등),047560,이스트소프트
529,AI 챗봇(챗GPT 등),060850,영림원소프트랩
529,AI 챗봇(챗GPT 등),064480,브리지텍
529,AI 챗봇(챗GPT 등),072130,유엔젤
529,AI 챗봇(챗GPT 등),096250,와이즈넛
529,AI 챗봇(챗GPT 등),099390,브레인즈컴퍼니
529,AI 챗봇(챗GPT 등),108860,셀바스AI
529,AI 챗봇(챗GPT 등),204620,글로벌텍스프리
529,AI 챗봇(챗GPT 등),205100,엑셈
529,AI 챗봇(챗GPT 등),263800,데이타솔루션
529,AI 챗봇(챗GPT 등),279600,미디어젠
529,AI 챗봇(챗GPT 등),300080,플리토
529,AI 챗봇(챗GPT 등),301300,바이브컴퍼니
529,AI 챗봇(챗GPT 등),304100,솔트룩스
529,AI 챗봇(챗GPT 등),333050,이노테나
529,AI 챗봇(챗GPT 등),357880,SKAI
529,AI 챗봇(챗GPT 등),377480,마음AI
529,AI 챗봇(챗GPT 등),402030,코난테크놀로지
529,AI 챗봇(챗GPT 등),417970,모델솔루션
529,AI 챗봇(챗GPT 등),443670,에스피소프트
529,AI 챗봇(챗GPT 등),450520,인스웨이브
529,AI 챗봇(챗GPT 등),466410,사이냅소프트
28,CCTV＆DVR,015710,코콤
28,CCTV＆DVR,054220,비츠로시스
28,CCTV＆DVR,083640,인콘
28,CCTV＆DVR,092600,앤씨앤
28,CCTV＆DVR,143160,아이디스
28,CCTV＆DVR,331380,포커스에이아이
28,CCTV＆DVR,489790,한화비전
547,CXL(컴퓨트익스프레스링크),000660,SK하이닉스
547,CXL(컴퓨트익스프레스링크),005930,삼성전자
547,CXL(컴퓨트익스프레스링크),007810,코리아써키트
547,CXL(컴퓨트익스프레스링크),019680,대교
547,CXL(컴퓨트익스프레스링크),043650,국순당
547,CXL(컴퓨트익스프레스링크),080580,오킨스전자
547,CXL(컴퓨트익스프레스링크),092870,엑시콘
547,CXL(컴퓨트익스프레스링크),253590,네오셈
547,CXL(컴퓨트익스프레스링크),356860,티엘비
547,CXL(컴퓨트익스프레스링크),394280,오픈엣지테크놀로지
547,CXL(컴퓨트익스프레스링크),405100,큐알티
547,CXL(컴퓨트익스프레스링크),432720,퀄리타스반도체
547,CXL(컴퓨트익스프레스링크),440110,파두
398,DMZ 평화공원,004920,씨아이테크
398,DMZ 평화공원,005740,크라운해태홀딩스
398,DMZ 평화공원,006920,모헨즈
398,DMZ 평화공원,007110,일신석재
398,DMZ 평화공원,010820,퍼스텍
398,DMZ 평화공원,014970,삼륭물산
398,DMZ 평화공원,020710,시공테크
398,DMZ 평화공원,033170,시그네틱스
398,DMZ 평화공원,043910,자연과환경
398,DMZ 평화공원,056080,유진로봇
398,DMZ 평화공원,065950,웰크론
398,DMZ 평화공원,069140,누리플랜
398,DMZ 평화공원,070960,모나용평
398,DMZ 평화공원,071950,코아스
398,DMZ 평화공원,101670,하이드로리튬
398,DMZ 평화공원,131180,딜리
398,DMZ 평화공원,140520,대창스틸
398,DMZ 평화공원,196700,웹스
237,GTX(수도권 광역급행철도),000720,현대건설
237,GTX(수도권 광역급행철도),001260,남광토건
237,GTX(수도권 광역급행철도),002150,도화엔지니어링
237,GTX(수도권 광역급행철도),002990,금호건설
237,GTX(수도권 광역급행철도),005960,동부건설
237,GTX(수도권 광역급행철도),006360,GS건설
237,GTX(수도권 광역급행철도),009410,태영건설
237,GTX(수도권 광역급행철도),011370,서한
237,GTX(수도권 광역급행철도),014790,HL D&I
237,GTX(수도권 광역급행철도),017480,삼현철강
237,GTX(수도권 광역급행철도),017510,세명전기
237,GTX(수도권 광역급행철도),023410,유진기업
237,GTX(수도권 광역급행철도),026150,특수건설
237,GTX(수도권 광역급행철도),028100,동아지질
237,GTX(수도권 광역급행철도),039980,폴라리스AI
237,GTX(수도권 광역급행철도),045390,대아티아이
237,GTX(수도권 광역급행철도),046940,우원개발
237,GTX(수도권 광역급행철도),047040,대우건설
237,GTX(수도권 광역급행철도),054220,비츠로시스
237,GTX(수도권 광역급행철도),054930,유신
237,GTX(수도권 광역급행철도),064350,현대로템
237,GTX(수도권 광역급행철도),097230,HJ중공업
237,GTX(수도권 광역급행철도),294870,IPARK현대산업개발
237,GTX(수도권 광역급행철도),375500,DL이앤씨
536,HBM(고대역폭메모리),000660,SK하이닉스
536,HBM(고대역폭메모리),003160,디아이
536,HBM(고대역폭메모리),005930,삼성전자
536,HBM(고대역폭메모리),031980,피에스케이홀딩스
536,HBM(고대역폭메모리),033160,엠케이전자
536,HBM(고대역폭메모리),039030,이오테크닉스
536,HBM(고대역폭메모리),039440,에스티아이
536,HBM(고대역폭메모리),042700,한미반도체
536,HBM(고대역폭메모리),079370,제우스
536,HBM(고대역폭메모리),086390,유니테스트
536,HBM(고대역폭메모리),089030,테크윙
536,HBM(고대역폭메모리),095340,ISC
536,HBM(고대역폭메모리),097800,윈팩
536,HBM(고대역폭메모리),098460,고영
536,HBM(고대역폭메모리),110990,디아이티
536,HBM(고대역폭메모리),112290,와이씨켐
536,HBM(고대역폭메모리),122640,예스티
536,HBM(고대역폭메모리),168360,펨트론
536,HBM(고대역폭메모리),217190,제너셈
536,HBM(고대역폭메모리),220260,켐트로스
536,HBM(고대역폭메모리),228850,레이언스
536,HBM(고대역폭메모리),232140,와이씨
536,HBM(고대역폭메모리),254490,미래반도체
536,HBM(고대역폭메모리),281820,케이씨텍
536,HBM(고대역폭메모리),307750,국전
536,HBM(고대역폭메모리),322310,오로스테크놀로지
536,HBM(고대역폭메모리),348210,넥스틴
536,HBM(고대역폭메모리),394280,오픈엣지테크놀로지
536,HBM(고대역폭메모리),396470,워트
536,HBM(고대역폭메모리),405100,큐알티
536,HBM(고대역폭메모리),412350,레이저쎌
536,HBM(고대역폭메모리),424980,마이크로투나노
536,HBM(고대역폭메모리),451220,아이엠티
536,HBM(고대역폭메모리),489790,한화비전
173,IT 대표주,000660,SK하이닉스
173,IT 대표주,005930,삼성전자
173,IT 대표주,006400,삼성SDI
173,IT 대표주,018260,삼성에스디에스
173,IT 대표주,034220,LG디스플레이
173,IT 대표주,066570,LG전자
33,LED,001210,금호전기
33,LED,004710,한솔테크닉스
33,LED,005930,삼성전자
33,LED,011690,와이투솔루션
33,LED,014580,태경비케이
33,LED,015890,태경산업
33,LED,017900,광전자
33,LED,025540,한국단자
33,LED,032500,케이엠더블유
33,LED,036170,에이치엠넥스
33,LED,037400,우리엔터프라이즈
33,LED,037950,엘컴텍
33,LED,038060,루멘스
33,LED,043260,성호전자
33,LED,045970,코아시아
33,LED,046890,서울반도체
33,LED,050760,에스폴리텍
33,LED,061040,알에프텍
33,LED,065690,파커스
33,LED,066570,LG전자
33,LED,072950,빛샘전자
33,LED,073540,에프알텍
33,LED,080520,오디텍
33,LED,082850,우리바이오
33,LED,092190,서울바이오시스
33,LED,092460,한라IMS
33,LED,096870,엘디티
33,LED,106240,파인테크닉스
33,LED,121600,나노신소재
33,LED,153490,우리이앤엘하루틴
33,LED,214330,금호에이치티
33,LED,256630,포인트엔지니어링
33,LED,272110,케이엔제이
33,LED,281740,레이크머티리얼즈
33,LED,290690,아리바이오홀딩스
33,LED,307180,아이엘
33,LED,382800,지앤비에스 에코
269,LED장비,036930,주성엔지니어링
269,LED장비,039030,이오테크닉스
269,LED장비,049080,기가레인
269,LED장비,049950,미래컴퍼니
269,LED장비,053610,프로텍
269,LED장비,064760,티씨케이
269,LED장비,065130,탑엔지니어링
269,LED장비,122640,예스티
269,LED장비,131290,티에스이
269,LED장비,306620,지아이에스
269,LED장비,412350,레이저쎌
381,LNG(액화천연가스),004690,삼천리
381,LNG(액화천연가스),005490,POSCO홀딩스
381,LNG(액화천연가스),005880,대한해운
381,LNG(액화천연가스),009540,HD한국조선해양
381,LNG(액화천연가스),010140,삼성중공업
381,LNG(액화천연가스),015760,한국전력
381,LNG(액화천연가스),017960,한국카본
381,LNG(액화천연가스),018670,SK가스
381,LNG(액화천연가스),028670,팬오션
381,LNG(액화천연가스),033500,동성화인텍
381,LNG(액화천연가스),034730,SK
381,LNG(액화천연가스),036460,한국가스공사
381,LNG(액화천연가스),071320,지역난방공사
381,LNG(액화천연가스),078930,GS
381,LNG(액화천연가스),082740,한화엔진
381,LNG(액화천연가스),083650,비에이치아이
381,LNG(액화천연가스),085310,엔케이
381,LNG(액화천연가스),096350,대창솔루션
381,LNG(액화천연가스),097230,HJ중공업
381,LNG(액화천연가스),098070,한텍
381,LNG(액화천연가스),100090,SK오션플랜트
381,LNG(액화천연가스),100840,SNT에너지
381,LNG(액화천연가스),136150,원일티엔아이
381,LNG(액화천연가스),258610,케일럼
381,LNG(액화천연가스),329180,HD현대중공업
381,LNG(액화천연가스),333430,일승
177,LPG(액화석유가스),000440,중앙에너비스
177,LPG(액화석유가스),010950,S-Oil
177,LPG(액화석유가스),014530,극동유화
177,LPG(액화석유가스),017940,E1
177,LPG(액화석유가스),018670,SK가스
177,LPG(액화석유가스),024060,흥구석유
177,LPG(액화석유가스),078930,GS
177,LPG(액화석유가스),096770,SK이노베이션
177,LPG(액화석유가스),128820,대성산업
405,MLCC(적층세라믹콘덴서),001820,삼화콘덴서
405,MLCC(적층세라믹콘덴서),005070,코스모신소재
405,MLCC(적층세라믹콘덴서),009150,삼성전기
405,MLCC(적층세라믹콘덴서),052710,아모텍
405,MLCC(적층세라믹콘덴서),078600,대주전자재료
405,MLCC(적층세라믹콘덴서),126730,코칩
405,MLCC(적층세라믹콘덴서),149950,아바텍
405,MLCC(적층세라믹콘덴서),306620,지아이에스
405,MLCC(적층세라믹콘덴서),320000,한울반도체
405,MLCC(적층세라믹콘덴서),382840,원준
405,MLCC(적층세라믹콘덴서),457370,한켐
492,NFT(대체불가토큰),005930,삼성전자
492,NFT(대체불가토큰),011420,갤럭시아에스엠
492,NFT(대체불가토큰),035420,NAVER
492,NFT(대체불가토큰),035720,카카오
492,NFT(대체불가토큰),041020,폴라리스오피스
492,NFT(대체불가토큰),044480,빌리언스
492,NFT(대체불가토큰),047820,초록뱀미디어
492,NFT(대체불가토큰),058630,엠게임
492,NFT(대체불가토큰),063080,컴투스홀딩스
492,NFT(대체불가토큰),063170,서울옥션
492,NFT(대체불가토큰),064260,다날
492,NFT(대체불가토큰),094480,갤럭시아머니트리
492,NFT(대체불가토큰),112040,위메이드
492,NFT(대체불가토큰),158430,아톤
492,NFT(대체불가토큰),163730,핑거
492,NFT(대체불가토큰),201490,미투온
492,NFT(대체불가토큰),214270,FSN
492,NFT(대체불가토큰),241840,에이스토리
492,NFT(대체불가토큰),293490,카카오게임즈
492,NFT(대체불가토큰),307930,컴퍼니케이
56,NI(네트워크통합),029480,광무
56,NI(네트워크통합),031820,아이티센씨티에스
56,NI(네트워크통합),033230,인성정보
56,NI(네트워크통합),038680,에스넷
56,NI(네트워크통합),042500,링네트
56,NI(네트워크통합),049480,오픈베이스
56,NI(네트워크통합),173130,오파스넷
9,OLED(유기 발광 다이오드),005930,삼성전자
9,OLED(유기 발광 다이오드),011690,와이투솔루션
9,OLED(유기 발광 다이오드),014680,한솔케미칼
9,OLED(유기 발광 다이오드),034220,LG디스플레이
9,OLED(유기 발광 다이오드),036930,주성엔지니어링
9,OLED(유기 발광 다이오드),040910,아이씨디
9,OLED(유기 발광 다이오드),043590,웰킵스하이텍
9,OLED(유기 발광 다이오드),049120,파인디앤씨
9,OLED(유기 발광 다이오드),049950,미래컴퍼니
9,OLED(유기 발광 다이오드),051910,LG화학
9,OLED(유기 발광 다이오드),054040,한국컴퓨터
9,OLED(유기 발광 다이오드),054620,APS
9,OLED(유기 발광 다이오드),056190,SFA
9,OLED(유기 발광 다이오드),059100,아이컴포넌트
9,OLED(유기 발광 다이오드),063760,이엘피
9,OLED(유기 발광 다이오드),065130,탑엔지니어링
9,OLED(유기 발광 다이오드),066570,LG전자
9,OLED(유기 발광 다이오드),068790,DMS
9,OLED(유기 발광 다이오드),078150,HB테크놀러지
9,OLED(유기 발광 다이오드),079950,인베니아
9,OLED(유기 발광 다이오드),083310,엘오티베큠
9,OLED(유기 발광 다이오드),083470,이엠앤아이
9,OLED(유기 발광 다이오드),083500,에프엔에스테크
9,OLED(유기 발광 다이오드),083930,아바코
9,OLED(유기 발광 다이오드),088130,동아엘텍
9,OLED(유기 발광 다이오드),089980,상아프론테크
9,OLED(유기 발광 다이오드),090360,로보스타
9,OLED(유기 발광 다이오드),090470,제이스로보틱스
9,OLED(유기 발광 다이오드),094970,제이엠티
9,OLED(유기 발광 다이오드),096870,엘디티
9,OLED(유기 발광 다이오드),104830,원익머트리얼즈
9,OLED(유기 발광 다이오드),108230,톱텍
9,OLED(유기 발광 다이오드),108320,LX세미콘
9,OLED(유기 발광 다이오드),110990,디아이티
9,OLED(유기 발광 다이오드),114810,한솔아이원스
9,OLED(유기 발광 다이오드),115440,우리넷
9,OLED(유기 발광 다이오드),117730,티로보틱스
9,OLED(유기 발광 다이오드),121600,나노신소재
9,OLED(유기 발광 다이오드),122640,예스티
9,OLED(유기 발광 다이오드),131290,티에스이
9,OLED(유기 발광 다이오드),131760,파인텍
9,OLED(유기 발광 다이오드),137080,나래나노텍
9,OLED(유기 발광 다이오드),141000,비아트론
9,OLED(유기 발광 다이오드),143540,영우디에스피
9,OLED(유기 발광 다이오드),144960,뉴파워프라즈마
9,OLED(유기 발광 다이오드),155650,와이엠씨
9,OLED(유기 발광 다이오드),161580,필옵틱스
9,OLED(유기 발광 다이오드),171010,램테크놀러지
9,OLED(유기 발광 다이오드),171090,선익시스템
9,OLED(유기 발광 다이오드),177350,베셀
9,OLED(유기 발광 다이오드),178920,PI첨단소재
9,OLED(유기 발광 다이오드),187870,디바이스
9,OLED(유기 발광 다이오드),213420,덕산네오룩스
9,OLED(유기 발광 다이오드),238490,힘스
9,OLED(유기 발광 다이오드),239890,피엔에이치테크
9,OLED(유기 발광 다이오드),240810,원익IPS
9,OLED(유기 발광 다이오드),250930,예선테크
9,OLED(유기 발광 다이오드),251630,브이원텍
9,OLED(유기 발광 다이오드),255440,야스
9,OLED(유기 발광 다이오드),256630,포인트엔지니어링
9,OLED(유기 발광 다이오드),256940,킵스파마
9,OLED(유기 발광 다이오드),257370,피엔티엠에스
9,OLED(유기 발광 다이오드),265520,AP시스템
9,OLED(유기 발광 다이오드),267320,나인테크
9,OLED(유기 발광 다이오드),272290,이녹스첨단소재
9,OLED(유기 발광 다이오드),278280,천보
9,OLED(유기 발광 다이오드),290520,신도기연
9,OLED(유기 발광 다이오드),295310,에이치브이엠
9,OLED(유기 발광 다이오드),297890,HB솔루션
9,OLED(유기 발광 다이오드),317330,덕산테코피아
9,OLED(유기 발광 다이오드),320000,한울반도체
9,OLED(유기 발광 다이오드),321260,프로이천
9,OLED(유기 발광 다이오드),336370,솔루스첨단소재
9,OLED(유기 발광 다이오드),336680,탑런토탈솔루션
9,OLED(유기 발광 다이오드),347770,핌스
9,OLED(유기 발광 다이오드),351320,넥사다이내믹스
9,OLED(유기 발광 다이오드),371950,풍원정밀
9,OLED(유기 발광 다이오드),457370,한켐
9,OLED(유기 발광 다이오드),475660,에스켐
287,PCB(FPCB 등),007660,이수페타시스
287,PCB(FPCB 등),007810,코리아써키트
287,PCB(FPCB 등),009150,삼성전기
287,PCB(FPCB 등),015260,에이엔피
287,PCB(FPCB 등),020150,롯데에너지머티리얼즈
287,PCB(FPCB 등),025320,시노펙스
287,PCB(FPCB 등),036010,아비코전자
287,PCB(FPCB 등),045300,성우테크론
287,PCB(FPCB 등),051370,인터플렉스
287,PCB(FPCB 등),066900,디에이피
287,PCB(FPCB 등),082850,우리바이오
287,PCB(FPCB 등),085670,뉴프렉스
287,PCB(FPCB 등),085910,네오티스
287,PCB(FPCB 등),089980,상아프론테크
287,PCB(FPCB 등),090460,비에이치
287,PCB(FPCB 등),092300,현우산업
287,PCB(FPCB 등),125210,아모그린텍
287,PCB(FPCB 등),127980,화인써키트
287,PCB(FPCB 등),131400,이브이첨단소재
287,PCB(FPCB 등),161580,필옵틱스
287,PCB(FPCB 등),168360,펨트론
287,PCB(FPCB 등),178920,PI첨단소재
287,PCB(FPCB 등),209640,와이제이링크
287,PCB(FPCB 등),219130,타이거일렉
287,PCB(FPCB 등),222800,심텍
287,PCB(FPCB 등),251370,와이엠티
287,PCB(FPCB 등),254120,자비스
287,PCB(FPCB 등),272290,이녹스첨단소재
287,PCB(FPCB 등),323280,태성
287,PCB(FPCB 등),353200,대덕전자
287,PCB(FPCB 등),356860,티엘비
614,S7(삼성전자/SK하이닉스 등),000660,SK하이닉스
614,S7(삼성전자/SK하이닉스 등),005930,삼성전자
614,S7(삼성전자/SK하이닉스 등),005935,삼성전자우
614,S7(삼성전자/SK하이닉스 등),009150,삼성전기
614,S7(삼성전자/SK하이닉스 등),028260,삼성물산
614,S7(삼성전자/SK하이닉스 등),032830,삼성생명
614,S7(삼성전자/SK하이닉스 등),402340,SK스퀘어
17,SI(시스템통합),010280,아이티센엔텍
17,SI(시스템통합),012030,DB
17,SI(시스템통합),018260,삼성에스디에스
17,SI(시스템통합),020180,대신정보통신
17,SI(시스템통합),022100,포스코DX
17,SI(시스템통합),023590,다우기술
17,SI(시스템통합),029480,광무
17,SI(시스템통합),032850,비트컴퓨터
17,SI(시스템통합),034730,SK
17,SI(시스템통합),035510,신세계 I&C
17,SI(시스템통합),039420,케이엘넷
17,SI(시스템통합),042500,링네트
17,SI(시스템통합),045510,정원엔시스
17,SI(시스템통합),049470,비트플래닛
17,SI(시스템통합),052460,아이크래프트
17,SI(시스템통합),053980,오상자이엘
17,SI(시스템통합),064400,LG씨엔에스
17,SI(시스템통합),070590,인티큐브
17,SI(시스템통합),115500,케이씨에스
17,SI(시스템통합),124500,아이티센글로벌
17,SI(시스템통합),173130,오파스넷
17,SI(시스템통합),184230,SGA솔루션즈
17,SI(시스템통합),234300,에스트래픽
17,SI(시스템통합),242040,나무AX
17,SI(시스템통합),263800,데이타솔루션
17,SI(시스템통합),267850,아시아나IDT
17,SI(시스템통합),272210,한화시스템
17,SI(시스템통합),286940,롯데이노베이트
17,SI(시스템통합),307950,현대오토에버
17,SI(시스템통합),319400,현대무벡스
317,SNS(소셜네트워크서비스),035420,NAVER
317,SNS(소셜네트워크서비스),035720,카카오
317,SNS(소셜네트워크서비스),039290,인포뱅크
317,SNS(소셜네트워크서비스),064800,포니링크
317,SNS(소셜네트워크서비스),065440,이루온
317,SNS(소셜네트워크서비스),067160,SOOP
317,SNS(소셜네트워크서비스),072130,유엔젤
317,SNS(소셜네트워크서비스),079940,가비아
317,SNS(소셜네트워크서비스),094480,갤럭시아머니트리
317,SNS(소셜네트워크서비스),104200,NHN벅스
531,STO(토큰증권 발행),001200,유진투자증권
531,STO(토큰증권 발행),001510,SK증권
531,STO(토큰증권 발행),003530,한화투자증권
531,STO(토큰증권 발행),005940,NH투자증권
531,STO(토큰증권 발행),011420,갤럭시아에스엠
531,STO(토큰증권 발행),030610,교보증권
531,STO(토큰증권 발행),039490,키움증권
531,STO(토큰증권 발행),041190,우리기술투자
531,STO(토큰증권 발행),053300,한국정보인증
531,STO(토큰증권 발행),055550,신한지주
531,STO(토큰증권 발행),063170,서울옥션
531,STO(토큰증권 발행),064260,다날
531,STO(토큰증권 발행),071050,한국금융지주
531,STO(토큰증권 발행),086790,하나금융지주
531,STO(토큰증권 발행),088340,유라클
531,STO(토큰증권 발행),094480,갤럭시아머니트리
531,STO(토큰증권 발행),102370,케이옥션
531,STO(토큰증권 발행),105560,KB금융
531,STO(토큰증권 발행),124500,아이티센글로벌
531,STO(토큰증권 발행),158430,아톤
531,STO(토큰증권 발행),163730,핑거
531,STO(토큰증권 발행),190650,코리아에셋투자증권
531,STO(토큰증권 발행),199480,뱅크웨어글로벌
531,STO(토큰증권 발행),234340,헥토파이낸셜
531,STO(토큰증권 발행),372800,아이티아이즈
462,UAM(도심항공모빌리티),000720,현대건설
462,UAM(도심항공모빌리티),002350,넥센타이어
462,UAM(도심항공모빌리티),003490,대한항공
462,UAM(도심항공모빌리티),004270,남성
462,UAM(도심항공모빌리티),005380,현대차
462,UAM(도심항공모빌리티),010820,퍼스텍
462,UAM(도심항공모빌리티),017670,SK텔레콤
462,UAM(도심항공모빌리티),017960,한국카본
462,UAM(도심항공모빌리티),030200,KT
462,UAM(도심항공모빌리티),032640,LG유플러스
462,UAM(도심항공모빌리티),035460,기산텔레콤
462,UAM(도심항공모빌리티),035720,카카오
462,UAM(도심항공모빌리티),047810,한국항공우주
462,UAM(도심항공모빌리티),066590,스모트로닉
462,UAM(도심항공모빌리티),078930,GS
462,UAM(도심항공모빌리티),079550,LIG디펜스앤에어로스페이스
462,UAM(도심항공모빌리티),089590,제주항공
462,UAM(도심항공모빌리티),177350,베셀
462,UAM(도심항공모빌리티),200880,서연이화
462,UAM(도심항공모빌리티),221840,하이즈항공
462,UAM(도심항공모빌리티),272210,한화시스템
462,UAM(도심항공모빌리티),274090,켄코아에어로스페이스
462,UAM(도심항공모빌리티),306620,지아이에스
462,UAM(도심항공모빌리티),368770,파이버프로
493,mRNA(메신저 리보핵산),005690,파미셀
493,mRNA(메신저 리보핵산),006280,녹십자
493,mRNA(메신저 리보핵산),008930,한미사이언스
493,mRNA(메신저 리보핵산),038070,서린바이오
493,mRNA(메신저 리보핵산),074430,아미노로직스
493,mRNA(메신저 리보핵산),102460,이연제약
493,mRNA(메신저 리보핵산),128940,한미약품
493,mRNA(메신저 리보핵산),138610,나이벡
493,mRNA(메신저 리보핵산),185490,아이진
493,mRNA(메신저 리보핵산),226950,올릭스
493,mRNA(메신저 리보핵산),237690,에스티팜
493,mRNA(메신저 리보핵산),348080,큐라티스
493,mRNA(메신저 리보핵산),389470,인벤티지랩
422,日 수출 규제(국산화 등),004430,송원산업
422,日 수출 규제(국산화 등),005290,동진쎄미켐
422,日 수출 규제(국산화 등),008730,율촌화학
422,日 수출 규제(국산화 등),009830,한화솔루션
422,日 수출 규제(국산화 등),012610,경인양행
422,日 수출 규제(국산화 등),013310,아진산업
422,日 수출 규제(국산화 등),014970,삼륭물산
422,日 수출 규제(국산화 등),019540,일지테크
422,日 수출 규제(국산화 등),046970,우리로
422,日 수출 규제(국산화 등),079810,APS이노베이션
422,日 수출 규제(국산화 등),093370,후성
422,日 수출 규제(국산화 등),101490,에스앤에스텍
422,日 수출 규제(국산화 등),171010,램테크놀러지
422,日 수출 규제(국산화 등),178920,PI첨단소재
422,日 수출 규제(국산화 등),220260,켐트로스
422,日 수출 규제(국산화 등),272290,이녹스첨단소재
422,日 수출 규제(국산화 등),357780,솔브레인
422,日 수출 규제(국산화 등),371950,풍원정밀
422,日 수출 규제(국산화 등),482630,삼양엔씨켐
421,日제품 불매운동(수혜),000080,하이트진로
421,日제품 불매운동(수혜),000140,하이트진로홀딩스
421,日제품 불매운동(수혜),000890,보해양조
421,日제품 불매운동(수혜),001460,BYC
421,日제품 불매운동(수혜),002070,비비안
421,日제품 불매운동(수혜),004540,깨끗한나라
421,日제품 불매운동(수혜),005360,모나미
421,日제품 불매운동(수혜),005740,크라운해태홀딩스
421,日제품 불매운동(수혜),012690,모나리자
421,日제품 불매운동(수혜),012700,리드코프
421,日제품 불매운동(수혜),013990,아가방컴퍼니
421,日제품 불매운동(수혜),014100,메디앙스
421,日제품 불매운동(수혜),024940,PN풍년
421,日제품 불매운동(수혜),033340,좋은사람들
421,日제품 불매운동(수혜),047770,코데즈컴바인
421,日제품 불매운동(수혜),084870,TBH글로벌
421,日제품 불매운동(수혜),101530,해태제과식품
421,日제품 불매운동(수혜),204020,그리티
421,日제품 불매운동(수혜),250000,보라티알
421,日제품 불매운동(수혜),264900,크라운제과
421,日제품 불매운동(수혜),267790,배럴
352,가상현실(VR),005930,삼성전자
352,가상현실(VR),020710,시공테크
352,가상현실(VR),033320,제이씨현시스템
352,가상현실(VR),035620,바른손이앤에이
352,가상현실(VR),038680,에스넷
352,가상현실(VR),045340,토탈소프트
352,가상현실(VR),047080,한빛소프트
352,가상현실(VR),053450,세코닉스
352,가상현실(VR),054210,이랜텍
352,가상현실(VR),058610,에스피지
352,가상현실(VR),066310,큐에스아이
352,가상현실(VR),066570,LG전자
352,가상현실(VR),067160,SOOP
352,가상현실(VR),094170,동운아나텍
352,가상현실(VR),094360,칩스앤미디어
352,가상현실(VR),096630,에스코넥
352,가상현실(VR),126700,하이비젼시스템
352,가상현실(VR),190510,나무가
352,가상현실(VR),193250,링크드
352,가상현실(VR),194480,데브시스터즈
352,가상현실(VR),206560,덱스터
352,가상현실(VR),274400,이노시뮬레이션
352,가상현실(VR),290520,신도기연
352,가상현실(VR),418420,라온텍
352,가상현실(VR),418620,E8
352,가상현실(VR),431190,케이쓰리아이
331,가상화폐(비트코인 등),003530,한화투자증권
331,가상화폐(비트코인 등),019550,SBI인베스트먼트
331,가상화폐(비트코인 등),021080,에이티넘인베스트
331,가상화폐(비트코인 등),033320,제이씨현시스템
331,가상화폐(비트코인 등),035720,카카오
331,가상화폐(비트코인 등),036090,위지트
331,가상화폐(비트코인 등),036620,감성코퍼레이션
331,가상화폐(비트코인 등),041190,우리기술투자
331,가상화폐(비트코인 등),042420,네오위즈홀딩스
331,가상화폐(비트코인 등),046440,KG파이낸셜
331,가상화폐(비트코인 등),049470,비트플래닛
331,가상화폐(비트코인 등),057680,티사이언티픽
331,가상화폐(비트코인 등),058630,엠게임
331,가상화폐(비트코인 등),063080,컴투스홀딩스
331,가상화폐(비트코인 등),064260,다날
331,가상화폐(비트코인 등),093520,매커스
331,가상화폐(비트코인 등),094480,갤럭시아머니트리
331,가상화폐(비트코인 등),095660,네오위즈
331,가상화폐(비트코인 등),101140,인바이오젠
331,가상화폐(비트코인 등),112040,위메이드
331,가상화폐(비트코인 등),184230,SGA솔루션즈
331,가상화폐(비트코인 등),214270,FSN
331,가상화폐(비트코인 등),246690,TS인베스트먼트
331,가상화폐(비트코인 등),290560,파라택시스이더리움
331,가상화폐(비트코인 등),377030,비트맥스
223,강관업체(Steel pipe),000970,한국주철관
223,강관업체(Steel pipe),005010,휴스틸
223,강관업체(Steel pipe),008970,KBI동양철관
223,강관업체(Steel pipe),009730,이렘
223,강관업체(Steel pipe),014280,금강공업
223,강관업체(Steel pipe),071090,하이스틸
223,강관업체(Steel pipe),092790,넥스틸
223,강관업체(Steel pipe),100090,SK오션플랜트
223,강관업체(Steel pipe),146060,율촌
223,강관업체(Steel pipe),263770,유에스티
223,강관업체(Steel pipe),306200,세아제강
393,갤럭시 부품주,004710,한솔테크닉스
393,갤럭시 부품주,005930,삼성전자
393,갤럭시 부품주,007810,코리아써키트
393,갤럭시 부품주,009150,삼성전기
393,갤럭시 부품주,025320,시노펙스
393,갤럭시 부품주,033240,자화전자
393,갤럭시 부품주,047310,파워로직스
393,갤럭시 부품주,049070,인탑스
393,갤럭시 부품주,049080,기가레인
393,갤럭시 부품주,050110,캠시스
393,갤럭시 부품주,051370,인터플렉스
393,갤럭시 부품주,052710,아모텍
393,갤럭시 부품주,053450,세코닉스
393,갤럭시 부품주,054210,이랜텍
393,갤럭시 부품주,060720,KH바텍
393,갤럭시 부품주,061040,알에프텍
393,갤럭시 부품주,082210,옵트론텍
393,갤럭시 부품주,085670,뉴프렉스
393,갤럭시 부품주,089010,켐트로닉스
393,갤럭시 부품주,090460,비에이치
393,갤럭시 부품주,091700,파트론
393,갤럭시 부품주,096630,에스코넥
393,갤럭시 부품주,097520,엠씨넥스
393,갤럭시 부품주,101330,모베이스
393,갤럭시 부품주,125210,아모그린텍
393,갤럭시 부품주,148150,세경하이테크
393,갤럭시 부품주,178920,PI첨단소재
393,갤럭시 부품주,179900,유티아이
393,갤럭시 부품주,187270,신화콘텍
393,갤럭시 부품주,190510,나무가
393,갤럭시 부품주,192650,드림텍
393,갤럭시 부품주,204270,제이앤티씨
393,갤럭시 부품주,213420,덕산네오룩스
393,갤럭시 부품주,238090,앤디포스
393,갤럭시 부품주,272290,이녹스첨단소재
393,갤럭시 부품주,294140,레몬
393,갤럭시 부품주,332570,PS일렉트로닉스
393,갤럭시 부품주,376290,씨유테크
393,갤럭시 부품주,484120,도우인시스
487,건강기능식품,001630,종근당홀딩스
487,건강기능식품,003220,대원제약
487,건강기능식품,008490,서흥
487,건강기능식품,033780,KT&G
487,건강기능식품,035080,그래디언트
487,건강기능식품,047920,HLB제약
487,건강기능식품,048870,시너지이노베이션
487,건강기능식품,049960,쎌바이오텍
487,건강기능식품,051900,LG생활건강
487,건강기능식품,053950,경남제약
487,건강기능식품,063160,종근당바이오
487,건강기능식품,065170,비엘팜텍
487,건강기능식품,078160,메디포스트
487,건강기능식품,084690,대상홀딩스
487,건강기능식품,084990,헬릭스미스
487,건강기능식품,092040,아미코젠
487,건강기능식품,092730,네오팜
487,건강기능식품,123840,뉴온
487,건강기능식품,142760,모아라이프플러스
487,건강기능식품,153490,우리이앤엘하루틴
487,건강기능식품,168330,내츄럴엔도텍
487,건강기능식품,180400,DXVX
487,건강기능식품,194700,노바렉스
487,건강기능식품,195940,HK이노엔
487,건강기능식품,200130,콜마비앤에이치
487,건강기능식품,214370,케어젠
487,건강기능식품,222040,코스맥스엔비티
487,건강기능식품,223310,사토시홀딩스
487,건강기능식품,225430,케이엠제약
487,건강기능식품,234690,녹십자웰빙
487,건강기능식품,238200,비피도
487,건강기능식품,239610,에이치엘사이언스
487,건강기능식품,243070,휴온스
487,건강기능식품,260970,에스앤디
487,건강기능식품,270870,뉴트리
487,건강기능식품,293780,압타바이오
487,건강기능식품,314140,알피바이오
487,건강기능식품,318010,팜스빌
487,건강기능식품,353190,휴럼
487,건강기능식품,357230,에이치피오
487,건강기능식품,362320,청담글로벌
487,건강기능식품,377220,프롬바이오
487,건강기능식품,435570,에르코스
487,건강기능식품,471820,셀로맥스사이언스
154,건설 대표주,000720,현대건설
154,건설 대표주,006360,GS건설
154,건설 대표주,028260,삼성물산
154,건설 대표주,047040,대우건설
154,건설 대표주,294870,IPARK현대산업개발
154,건설 대표주,375500,DL이앤씨
322,건설 중소형,001260,남광토건
322,건설 중소형,002290,삼일기업공사
322,건설 중소형,002460,HS화성
322,건설 중소형,002780,진흥기업
322,건설 중소형,002990,금호건설
322,건설 중소형,003070,코오롱글로벌
322,건설 중소형,004960,한신공영
322,건설 중소형,005960,동부건설
322,건설 중소형,007680,대원
322,건설 중소형,009410,태영건설
322,건설 중소형,010780,아이에스동서
322,건설 중소형,010960,삼호개발
322,건설 중소형,011370,서한
322,건설 중소형,013120,동원개발
322,건설 중소형,013360,일성건설
322,건설 중소형,013580,계룡건설
322,건설 중소형,013700,까뮤이앤씨
322,건설 중소형,014790,HL D&I
322,건설 중소형,016250,SGC E&C
322,건설 중소형,017000,신원종합개발
322,건설 중소형,021320,KCC건설
322,건설 중소형,025950,동신건설
322,건설 중소형,035890,서희건설
322,건설 중소형,042940,상지건설
322,건설 중소형,046940,우원개발
322,건설 중소형,091590,남화토건
378,건설기계,003010,혜인
378,건설기계,010240,흥국
378,건설기계,012210,삼미금속
378,건설기계,015230,대창단조
378,건설기계,017550,수산세보틱스
378,건설기계,019770,서연탑메탈
378,건설기계,020400,대동금속
378,건설기계,036890,진성티이씨
378,건설기계,041440,현대에버다임
378,건설기계,053160,프리엠스
378,건설기계,079900,전진건설로봇
378,건설기계,109860,동일금속
378,건설기계,210540,디와이파워
378,건설기계,241560,두산밥캣
378,건설기계,267270,HD건설기계
378,건설기계,317850,대모
42,게임,023770,플레이위드
42,게임,035420,NAVER
42,게임,036570,NC
42,게임,042420,네오위즈홀딩스
42,게임,047080,한빛소프트
42,게임,047560,이스트소프트
42,게임,048910,대원미디어
42,게임,052790,액토즈소프트
42,게임,058630,엠게임
42,게임,066910,손오공
42,게임,067000,조이시티
42,게임,069080,웹젠
42,게임,078340,컴투스
42,게임,094860,네오리진
42,게임,095660,네오위즈
42,게임,101730,위메이드맥스
42,게임,112040,위메이드
42,게임,181710,NHN
42,게임,192080,더블유게임즈
42,게임,201490,미투온
42,게임,204610,티쓰리
42,게임,205500,넥써쓰
42,게임,217270,넵튠
42,게임,225570,넥슨게임즈
42,게임,251270,넷마블
42,게임,259960,크래프톤
42,게임,263750,펄어비스
42,게임,293490,카카오게임즈
42,게임,331520,밸로프
42,게임,462870,시프트업
266,겨울,000020,동화약품
266,겨울,000100,유한양행
266,겨울,002700,신일전자
266,겨울,004690,삼천리
266,겨울,005610,삼립
266,겨울,006280,녹십자
266,겨울,008470,부스타
266,겨울,009290,광동제약
266,겨울,009450,경동나비엔
266,겨울,015360,INVENI
266,겨울,016710,대성홀딩스
266,겨울,017390,서울가스
266,겨울,034590,인천도시가스
266,겨울,036460,한국가스공사
266,겨울,037070,파세코
266,겨울,053050,지에스이
266,겨울,071320,지역난방공사
266,겨울,111770,영원무역
266,겨울,117580,대성에너지
266,겨울,128940,한미약품
266,겨울,215000,골프존
266,겨울,267290,경동도시가스
311,고령화 사회(노인복지),001060,JW중외제약
311,고령화 사회(노인복지),003220,대원제약
311,고령화 사회(노인복지),004080,신흥
311,고령화 사회(노인복지),005250,녹십자홀딩스
311,고령화 사회(노인복지),005930,삼성전자
311,고령화 사회(노인복지),006140,피제이전자
311,고령화 사회(노인복지),032620,GC메디아이
311,고령화 사회(노인복지),032850,비트컴퓨터
311,고령화 사회(노인복지),032940,원익
311,고령화 사회(노인복지),033230,인성정보
311,고령화 사회(노인복지),038290,마크로젠
311,고령화 사회(노인복지),039200,오스코텍
311,고령화 사회(노인복지),039860,나노엔텍
311,고령화 사회(노인복지),041830,인바디
311,고령화 사회(노인복지),043150,바텍
311,고령화 사회(노인복지),047920,HLB제약
311,고령화 사회(노인복지),051910,LG화학
311,고령화 사회(노인복지),052260,현대바이오랜드
311,고령화 사회(노인복지),059210,메타바이오메드
311,고령화 사회(노인복지),060280,큐렉소
311,고령화 사회(노인복지),065510,휴비츠
311,고령화 사회(노인복지),066700,테라젠이텍스
311,고령화 사회(노인복지),067170,오텍
311,고령화 사회(노인복지),071200,인피니트헬스케어
311,고령화 사회(노인복지),078160,메디포스트
311,고령화 사회(노인복지),085660,차바이오텍
311,고령화 사회(노인복지),099190,아이센스
311,고령화 사회(노인복지),100120,뷰웍스
311,고령화 사회(노인복지),100700,세운메디칼
311,고령화 사회(노인복지),115480,씨유메디칼
311,고령화 사회(노인복지),119610,인터로조
311,고령화 사회(노인복지),174900,앱클론
311,고령화 사회(노인복지),220100,퓨쳐켐
311,고령화 사회(노인복지),460940,피앤에스로보틱스
311,고령화 사회(노인복지),950160,코오롱티슈진
559,고체산화물 연료전지(SOFC),056190,SFA
559,고체산화물 연료전지(SOFC),059090,미코
559,고체산화물 연료전지(SOFC),083650,비에이치아이
559,고체산화물 연료전지(SOFC),089890,코세스
559,고체산화물 연료전지(SOFC),126340,비나텍
559,고체산화물 연료전지(SOFC),170920,엘티씨
559,고체산화물 연료전지(SOFC),178320,서진시스템
559,고체산화물 연료전지(SOFC),282720,금양그린파워
559,고체산화물 연료전지(SOFC),336260,두산퓨얼셀
559,고체산화물 연료전지(SOFC),357580,아모센스
559,고체산화물 연료전지(SOFC),382900,범한퓨얼셀
559,고체산화물 연료전지(SOFC),417200,LS머트리얼즈
559,고체산화물 연료전지(SOFC),452280,한선엔지니어링
559,고체산화물 연료전지(SOFC),475150,SK이터닉스
170,골판지 제조,002200,한국수출포장
170,골판지 제조,002310,아세아제지
170,골판지 제조,004150,한솔홀딩스
170,골판지 제조,006740,블루산업개발
170,골판지 제조,011280,태림포장
170,골판지 제조,014160,대영포장
170,골판지 제조,016100,리더스코스메틱
170,골판지 제조,016590,신대양제지
170,골판지 제조,017650,대림제지
170,골판지 제조,023600,삼보판지
496,골프,019010,베뉴지
496,골프,025980,아난티
496,골프,067900,와이엔텍
496,골프,069640,한세엠케이
496,골프,070960,모나용평
496,골프,081660,미스토홀딩스
496,골프,100120,뷰웍스
496,골프,110790,크리스에프앤씨
496,골프,111710,남화산업
496,골프,121440,골프존홀딩스
496,골프,122450,KX
496,골프,215000,골프존
496,골프,300120,라온피플
496,골프,308100,형지글로벌
496,골프,365900,브이씨
112,공기청정기,002700,신일전자
112,공기청정기,005930,삼성전자
112,공기청정기,021240,코웨이
112,공기청정기,043260,성호전자
112,공기청정기,044340,위닉스
112,공기청정기,045520,크린앤사이언스
112,공기청정기,058610,에스피지
112,공기청정기,066570,LG전자
112,공기청정기,067170,오텍
112,공기청정기,068100,케이웨더
112,공기청정기,284740,쿠쿠홈시스
112,공기청정기,352700,씨앤투스
297,공작기계,000850,화천기공
297,공작기계,003570,SNT다이내믹스
297,공작기계,004380,삼익THK
297,공작기계,009160,SIMPAC
297,공작기계,010660,화천기계
297,공작기계,019210,와이지-원
297,공작기계,025890,한국주강
297,공작기계,047400,유니온머티리얼
297,공작기계,089140,넥스턴앤롤코리아
297,공작기계,099440,스맥
297,공작기계,100660,서암기계공업
297,공작기계,101680,한국정밀기계
297,공작기계,129920,대성하이텍
297,공작기계,195990,루트K
59,광고,010470,오리콤
59,광고,030000,제일기획
59,광고,035000,HS애드
59,광고,037270,YG PLUS
59,광고,048550,SM C&C
59,광고,050090,비케이홀딩스
59,광고,051160,지어소프트
59,광고,089600,KT나스미디어
59,광고,123570,이엠넷
59,광고,127710,아시아경제
59,광고,214270,FSN
59,광고,214320,이노션
59,광고,216050,인크로스
59,광고,236810,엔비티
59,광고,237820,플레이디
59,광고,263700,케어랩스
59,광고,273060,와이즈버즈
59,광고,291230,컴투스엔
59,광고,321820,아티스트컴퍼니
59,광고,351870,차이커뮤니케이션
59,광고,362990,드림인사이트
59,광고,363260,모비데이즈
59,광고,397810,애드포러스
59,광고,443250,레뷰코퍼레이션
586,광통신(광케이블/광섬유 등),006260,LS
586,광통신(광케이블/광섬유 등),010170,대한광통신
586,광통신(광케이블/광섬유 등),043260,성호전자
586,광통신(광케이블/광섬유 등),062970,한국첨단소재
586,광통신(광케이블/광섬유 등),069540,빛과전자
586,광통신(광케이블/광섬유 등),072950,빛샘전자
586,광통신(광케이블/광섬유 등),092190,서울바이오시스
586,광통신(광케이블/광섬유 등),100590,머큐리
586,광통신(광케이블/광섬유 등),115440,우리넷
586,광통신(광케이블/광섬유 등),217590,티엠씨
586,광통신(광케이블/광섬유 등),218410,RFHIC
586,광통신(광케이블/광섬유 등),327260,RF머트리얼즈
586,광통신(광케이블/광섬유 등),368770,파이버프로
586,광통신(광케이블/광섬유 등),388790,라이콤
586,광통신(광케이블/광섬유 등),389020,자람테크놀로지
52,교육/온라인 교육,012030,DB
52,교육/온라인 교육,019680,대교
52,교육/온라인 교육,032850,비트컴퓨터
52,교육/온라인 교육,035290,골드앤에스
52,교육/온라인 교육,040420,정상제이엘에스
52,교육/온라인 교육,049470,비트플래닛
52,교육/온라인 교육,053290,NE능률
52,교육/온라인 교육,057030,YBM넷
52,교육/온라인 교육,067280,멀티캠퍼스
52,교육/온라인 교육,068290,삼성출판사
52,교육/온라인 교육,068930,디지털대성
52,교육/온라인 교육,072130,유엔젤
52,교육/온라인 교육,072870,메가스터디
52,교육/온라인 교육,084440,유비온
52,교육/온라인 교육,095720,웅진씽크빅
52,교육/온라인 교육,096240,크레버스
52,교육/온라인 교육,100220,비상교육
52,교육/온라인 교육,133750,메가엠디
52,교육/온라인 교육,134060,이퓨쳐
52,교육/온라인 교육,215100,로보로보
52,교육/온라인 교육,215200,메가스터디교육
52,교육/온라인 교육,289010,아이스크림에듀
52,교육/온라인 교육,317530,에피소드컴퍼니
52,교육/온라인 교육,339950,아이비김영
52,교육/온라인 교육,373160,데이원컴퍼니
52,교육/온라인 교육,461300,아이스크림미디어
52,교육/온라인 교육,475580,에이럭스
16,구제역/광우병 수혜,003680,한성기업
16,구제역/광우병 수혜,003960,사조대림
16,구제역/광우병 수혜,004970,신라교역
16,구제역/광우병 수혜,005860,한일사료
16,구제역/광우병 수혜,006040,동원산업
16,구제역/광우병 수혜,006090,사조오양
16,구제역/광우병 수혜,006980,우성
16,구제역/광우병 수혜,007160,사조산업
16,구제역/광우병 수혜,011150,CJ씨푸드
16,구제역/광우병 수혜,014580,태경비케이
16,구제역/광우병 수혜,018620,우진비앤지
16,구제역/광우병 수혜,025870,신라에스지
16,구제역/광우병 수혜,027710,팜스토리
16,구제역/광우병 수혜,027740,마니커
16,구제역/광우병 수혜,030720,동원수산
16,구제역/광우병 수혜,035810,이지홀딩스
16,구제역/광우병 수혜,036480,대성미생물
16,구제역/광우병 수혜,088910,동우팜투테이블
16,구제역/광우병 수혜,136480,하림
16,구제역/광우병 수혜,208140,정다운
228,국내 상장 중국기업,032580,피델릭스
228,국내 상장 중국기업,900070,글로벌에스엠
228,국내 상장 중국기업,900110,딥커머스
228,국내 상장 중국기업,900120,씨엑스아이
228,국내 상장 중국기업,900250,크리스탈신소재
228,국내 상장 중국기업,900260,로스웰
228,국내 상장 중국기업,900270,헝셩그룹
228,국내 상장 중국기업,900290,GRT
228,국내 상장 중국기업,900300,오가닉티코스메틱
228,국내 상장 중국기업,900310,컬러레이
228,국내 상장 중국기업,900340,윙입푸드
593,귀금속(금/은),000670,영풍
593,귀금속(금/은),010130,고려아연
593,귀금속(금/은),037950,엘컴텍
593,귀금속(금/은),124500,아이티센글로벌
415,그래핀,012610,경인양행
415,그래핀,012800,대창
415,그래핀,024900,디와이덕양
415,그래핀,027580,상보
415,그래핀,054940,엑사이엔씨
415,그래핀,065500,오리엔트정공
415,그래핀,073110,엘엠에스
415,그래핀,077360,덕산하이메탈
415,그래핀,078130,국일제지
415,그래핀,079980,휴비스
415,그래핀,119830,아이텍
415,그래핀,154040,다산솔루에타
415,그래핀,900250,크리스탈신소재
284,기업인수목적회사(SPAC),466690,키움히어로제1호스팩
284,기업인수목적회사(SPAC),468760,유진스팩10호
284,기업인수목적회사(SPAC),469480,IBKS제24호스팩
284,기업인수목적회사(SPAC),469900,하나31호스팩
284,기업인수목적회사(SPAC),472230,에스케이증권제11호스팩
284,기업인수목적회사(SPAC),473000,에스케이증권제12호스팩
284,기업인수목적회사(SPAC),473050,유안타제15호스팩
284,기업인수목적회사(SPAC),473950,에스케이증권제13호스팩
284,기업인수목적회사(SPAC),474490,유안타제16호스팩
284,기업인수목적회사(SPAC),474660,신한제12호스팩
284,기업인수목적회사(SPAC),474930,신한제13호스팩
284,기업인수목적회사(SPAC),475240,하나32호스팩
284,기업인수목적회사(SPAC),475250,하나33호스팩
284,기업인수목적회사(SPAC),477340,에이치엠씨제7호스팩
284,기업인수목적회사(SPAC),477380,미래에셋비전스팩4호
284,기업인수목적회사(SPAC),477470,미래에셋비전스팩5호
284,기업인수목적회사(SPAC),477760,DB금융스팩12호
284,기업인수목적회사(SPAC),478110,이베스트스팩6호
284,기업인수목적회사(SPAC),478390,KB제29호스팩
284,기업인수목적회사(SPAC),478440,미래에셋비전스팩6호
284,기업인수목적회사(SPAC),479880,한국제15호스팩
284,기업인수목적회사(SPAC),481890,엔에이치스팩31호
284,기업인수목적회사(SPAC),482520,교보16호스팩
284,기업인수목적회사(SPAC),482680,미래에셋비전스팩7호
284,기업인수목적회사(SPAC),482690,대신밸런스제19호스팩
284,기업인수목적회사(SPAC),484130,하나34호스팩
284,기업인수목적회사(SPAC),486630,KB제30호스팩
284,기업인수목적회사(SPAC),487360,신한제14호스팩
284,기업인수목적회사(SPAC),487720,키움제10호스팩
284,기업인수목적회사(SPAC),487830,신한제15호스팩
284,기업인수목적회사(SPAC),488060,유진스팩11호
284,기업인수목적회사(SPAC),489210,교보17호스팩
284,기업인수목적회사(SPAC),489480,키움제11호스팩
284,기업인수목적회사(SPAC),489730,디비금융제13호스팩
284,기업인수목적회사(SPAC),492220,KB제31호스팩
284,기업인수목적회사(SPAC),493790,유안타제17호스팩
284,기업인수목적회사(SPAC),496070,신한제16호스팩
284,기업인수목적회사(SPAC),498390,한화플러스제5호스팩
585,김밥(냉동김밥 등),003680,한성기업
585,김밥(냉동김밥 등),003960,사조대림
585,김밥(냉동김밥 등),011150,CJ씨푸드
585,김밥(냉동김밥 등),017810,풀무원
585,김밥(냉동김밥 등),103840,우양
585,김밥(냉동김밥 등),276730,한울앤제주
563,낙태/피임,004310,현대약품
563,낙태/피임,017180,명문제약
563,낙태/피임,204840,지엘팜텍
563,낙태/피임,260660,알리코제약
313,남-북-러 가스관사업,005010,휴스틸
313,남-북-러 가스관사업,008420,문배철강
313,남-북-러 가스관사업,008970,KBI동양철관
313,남-북-러 가스관사업,017480,삼현철강
313,남-북-러 가스관사업,026940,부국철강
313,남-북-러 가스관사업,039610,화성밸브
313,남-북-러 가스관사업,048470,대동스틸
313,남-북-러 가스관사업,060380,동양에스텍
313,남-북-러 가스관사업,071090,하이스틸
313,남-북-러 가스관사업,085310,엔케이
313,남-북-러 가스관사업,100090,SK오션플랜트
313,남-북-러 가스관사업,105740,디케이락
313,남-북-러 가스관사업,306200,세아제강
121,남북경협,000720,현대건설
121,남북경협,001260,남광토건
121,남북경협,001550,조비
121,남북경협,002100,경농
121,남북경협,002150,도화엔지니어링
121,남북경협,004000,롯데정밀화학
121,남북경협,004090,한국석유
121,남북경협,006280,녹십자
121,남북경협,007110,일신석재
121,남북경협,009270,신원
121,남북경협,013810,스페코
121,남북경협,014990,인디에프
121,남북경협,015760,한국전력
121,남북경협,017800,현대엘리베이터
121,남북경협,023800,인지컨트롤스
121,남북경협,025860,남해화학
121,남북경협,025980,아난티
121,남북경협,026040,제이에스티나
121,남북경협,030960,양지사
121,남북경협,033240,자화전자
121,남북경협,033340,좋은사람들
121,남북경협,037440,희림
121,남북경협,047770,코데즈컴바인
121,남북경협,049630,재영솔루텍
121,남북경협,058730,다스코
121,남북경협,091590,남화토건
121,남북경협,093240,형지엘리트
121,남북경협,100700,세운메디칼
121,남북경협,119850,지엔씨에너지
560,냉각시스템(액침냉각 등),010950,S-Oil
560,냉각시스템(액침냉각 등),012450,한화에어로스페이스
560,냉각시스템(액침냉각 등),034730,SK
560,냉각시스템(액침냉각 등),036200,유니셈
560,냉각시스템(액침냉각 등),053080,케이엔솔
560,냉각시스템(액침냉각 등),060310,3S
560,냉각시스템(액침냉각 등),066570,LG전자
560,냉각시스템(액침냉각 등),067170,오텍
560,냉각시스템(액침냉각 등),078930,GS
560,냉각시스템(액침냉각 등),083450,GST
560,냉각시스템(액침냉각 등),096770,SK이노베이션
560,냉각시스템(액침냉각 등),107640,한중엔시에스
560,냉각시스템(액침냉각 등),396470,워트
206,농업,000490,대동
206,농업,001390,KG케미칼
206,농업,001550,조비
206,농업,002100,경농
206,농업,002900,TYM
206,농업,003080,SB성보
206,농업,004000,롯데정밀화학
206,농업,007590,동방아그로
206,농업,008830,대동기어
206,농업,014830,유니드
206,농업,020400,대동금속
206,농업,025860,남해화학
206,농업,050860,아세아텍
206,농업,054050,NH농우바이오
206,농업,097870,효성오앤비
206,농업,101170,우림피티에스
206,농업,114450,그린생명과학
206,농업,119500,포메탈
206,농업,154030,아시아종묘
206,농업,186230,그린플러스
206,농업,332290,누보
206,농업,352940,인바이오
206,농업,403490,우듬지팜
556,뉴로모픽 반도체,005930,삼성전자
556,뉴로모픽 반도체,033640,네패스
556,뉴로모픽 반도체,092600,앤씨앤
556,뉴로모픽 반도체,330860,네패스아크
556,뉴로모픽 반도체,389020,자람테크놀로지
556,뉴로모픽 반도체,394280,오픈엣지테크놀로지
556,뉴로모픽 반도체,445090,에이직랜드
511,니켈,001120,LX인터내셔널
511,니켈,004560,현대비앤지스틸
511,니켈,005490,POSCO홀딩스
511,니켈,009190,대양금속
511,니켈,011230,삼화전자
511,니켈,032560,황금에스티
511,니켈,047050,포스코인터내셔널
511,니켈,051910,LG화학
511,니켈,080010,이상네트웍스
511,니켈,081150,티플랙스
511,니켈,263770,유에스티
511,니켈,373220,LG에너지솔루션
511,니켈,377330,이지트로닉스
511,니켈,450080,에코프로머티
176,도시가스,004690,삼천리
176,도시가스,015360,INVENI
176,도시가스,016710,대성홀딩스
176,도시가스,017390,서울가스
176,도시가스,034590,인천도시가스
176,도시가스,036460,한국가스공사
176,도시가스,053050,지에스이
176,도시가스,117580,대성에너지
176,도시가스,267290,경동도시가스
482,두나무(Dunamu),002020,코오롱
482,두나무(Dunamu),003530,한화투자증권
482,두나무(Dunamu),011930,신성이엔지
482,두나무(Dunamu),021080,에이티넘인베스트
482,두나무(Dunamu),027830,대성창투
482,두나무(Dunamu),035720,카카오
482,두나무(Dunamu),041190,우리기술투자
482,두나무(Dunamu),095660,네오위즈
482,두나무(Dunamu),120110,코오롱인더
482,두나무(Dunamu),241520,DSC인베스트먼트
482,두나무(Dunamu),246690,TS인베스트먼트
349,드론(Drone),003490,대한항공
349,드론(Drone),005870,휴니드
349,드론(Drone),010820,퍼스텍
349,드론(Drone),012450,한화에어로스페이스
349,드론(Drone),015710,코콤
349,드론(Drone),023800,인지컨트롤스
349,드론(Drone),030200,KT
349,드론(Drone),033320,제이씨현시스템
349,드론(Drone),035460,기산텔레콤
349,드론(Drone),047080,한빛소프트
349,드론(Drone),047810,한국항공우주
349,드론(Drone),051380,피씨디렉트
349,드론(Drone),054920,한컴위드
349,드론(Drone),077360,덕산하이메탈
349,드론(Drone),079550,LIG디펜스앤에어로스페이스
349,드론(Drone),093520,매커스
349,드론(Drone),093640,케이알엠
349,드론(Drone),096630,에스코넥
349,드론(Drone),097520,엠씨넥스
349,드론(Drone),099320,쎄트렉아이
349,드론(Drone),177350,베셀
349,드론(Drone),187220,디티앤씨
349,드론(Drone),204610,티쓰리
349,드론(Drone),223310,사토시홀딩스
349,드론(Drone),272210,한화시스템
349,드론(Drone),274090,켄코아에어로스페이스
349,드론(Drone),306620,지아이에스
349,드론(Drone),417030,니어스랩
349,드론(Drone),424960,스마트레이더시스템
349,드론(Drone),475580,에이럭스
566,딥페이크(deepfake),042510,라온시큐어
566,딥페이크(deepfake),047080,한빛소프트
566,딥페이크(deepfake),047560,이스트소프트
566,딥페이크(deepfake),075130,플랜티넷
566,딥페이크(deepfake),150900,파수AI
566,딥페이크(deepfake),197140,디지캡
566,딥페이크(deepfake),330730,스톤브릿지벤처스
566,딥페이크(deepfake),340810,시선AI
566,딥페이크(deepfake),347860,알체라
566,딥페이크(deepfake),355390,크라우드웍스
566,딥페이크(deepfake),411080,샌즈랩
566,딥페이크(deepfake),443670,에스피소프트
566,딥페이크(deepfake),456010,아이씨티케이
566,딥페이크(deepfake),476080,M83
525,렌터카,038390,레드캡투어
525,렌터카,089860,롯데렌탈
525,렌터카,381970,케이카
525,렌터카,403550,쏘카
505,로봇(산업용/협동로봇 등),000150,두산
505,로봇(산업용/협동로봇 등),000490,대동
505,로봇(산업용/협동로봇 등),004380,삼익THK
505,로봇(산업용/협동로봇 등),005850,에스엘
505,로봇(산업용/협동로봇 등),006140,피제이전자
505,로봇(산업용/협동로봇 등),008830,대동기어
505,로봇(산업용/협동로봇 등),010820,퍼스텍
505,로봇(산업용/협동로봇 등),011690,와이투솔루션
505,로봇(산업용/협동로봇 등),012200,계양전기
505,로봇(산업용/협동로봇 등),024880,케이피에프
505,로봇(산업용/협동로봇 등),030530,원익홀딩스
505,로봇(산업용/협동로봇 등),033530,SJG세종
505,로봇(산업용/협동로봇 등),048770,TPC로보틱스
505,로봇(산업용/협동로봇 등),049070,인탑스
505,로봇(산업용/협동로봇 등),056080,유진로봇
505,로봇(산업용/협동로봇 등),058610,에스피지
505,로봇(산업용/협동로봇 등),059120,아진엑스텍
505,로봇(산업용/협동로봇 등),059270,해성에어로보틱스
505,로봇(산업용/협동로봇 등),060720,KH바텍
505,로봇(산업용/협동로봇 등),065350,신성델타테크
505,로봇(산업용/협동로봇 등),066430,아이로보틱스
505,로봇(산업용/협동로봇 등),079370,제우스
505,로봇(산업용/협동로봇 등),079550,LIG디펜스앤에어로스페이스
505,로봇(산업용/협동로봇 등),084850,아이티엠반도체
505,로봇(산업용/협동로봇 등),090360,로보스타
505,로봇(산업용/협동로봇 등),090710,휴림로봇
505,로봇(산업용/협동로봇 등),092200,디아이씨
505,로봇(산업용/협동로봇 등),093640,케이알엠
505,로봇(산업용/협동로봇 등),094940,푸른로보틱스
505,로봇(산업용/협동로봇 등),099440,스맥
505,로봇(산업용/협동로봇 등),100660,서암기계공업
505,로봇(산업용/협동로봇 등),101170,우림피티에스
505,로봇(산업용/협동로봇 등),108490,로보티즈
505,로봇(산업용/협동로봇 등),117730,티로보틱스
505,로봇(산업용/협동로봇 등),119500,포메탈
505,로봇(산업용/협동로봇 등),125490,한라캐스트
505,로봇(산업용/협동로봇 등),130740,티피씨글로벌
505,로봇(산업용/협동로봇 등),138360,앤로보틱스
505,로봇(산업용/협동로봇 등),140670,알에스오토메이션
505,로봇(산업용/협동로봇 등),153890,져스텍
505,로봇(산업용/협동로봇 등),160190,하이젠알앤엠
505,로봇(산업용/협동로봇 등),160980,싸이맥스
505,로봇(산업용/협동로봇 등),190510,나무가
505,로봇(산업용/협동로봇 등),192410,오늘이엔엠
505,로봇(산업용/협동로봇 등),199430,케이엔알시스템
505,로봇(산업용/협동로봇 등),204320,HL만도
505,로봇(산업용/협동로봇 등),206400,베노티앤알
505,로봇(산업용/협동로봇 등),217500,러셀
505,로봇(산업용/협동로봇 등),232680,라온로보틱스
505,로봇(산업용/협동로봇 등),251630,브이원텍
505,로봇(산업용/협동로봇 등),264850,이랜시스
505,로봇(산업용/협동로봇 등),270660,에브리봇
505,로봇(산업용/협동로봇 등),277810,레인보우로보틱스
505,로봇(산업용/협동로봇 등),307180,아이엘
505,로봇(산업용/협동로봇 등),317830,에스피시스템스
505,로봇(산업용/협동로봇 등),319400,현대무벡스
505,로봇(산업용/협동로봇 등),322180,LS티라유텍
505,로봇(산업용/협동로봇 등),348340,뉴로메카
505,로봇(산업용/협동로봇 등),368600,아이씨에이치
505,로봇(산업용/협동로봇 등),388720,유일로보틱스
505,로봇(산업용/협동로봇 등),389500,에스비비테크
505,로봇(산업용/협동로봇 등),391710,코닉오토메이션
505,로봇(산업용/협동로봇 등),413630,씨피시스템
505,로봇(산업용/협동로봇 등),437730,삼현
505,로봇(산업용/협동로봇 등),439960,코스모로보틱스
505,로봇(산업용/협동로봇 등),448900,한국피아이엠
505,로봇(산업용/협동로봇 등),454910,두산로보틱스
505,로봇(산업용/협동로봇 등),455900,엔젤로보틱스
505,로봇(산업용/협동로봇 등),459510,나우로보틱스
505,로봇(산업용/협동로봇 등),466100,클로봇
505,로봇(산업용/협동로봇 등),474650,링크솔루션
505,로봇(산업용/협동로봇 등),484810,티엑스알로보틱스
13,리모델링/인테리어,002380,KCC
13,리모델링/인테리어,002820,SUN&L
13,리모델링/인테리어,005750,대림바스
13,리모델링/인테리어,006570,대림통상
13,리모델링/인테리어,007210,벽산
13,리모델링/인테리어,008250,이건산업
13,리모델링/인테리어,009240,한샘
13,리모델링/인테리어,011090,에넥스
13,리모델링/인테리어,018310,삼목에스폼
13,리모델링/인테리어,020710,시공테크
13,리모델링/인테리어,025750,한솔홈데코
13,리모델링/인테리어,025900,동화기업
13,리모델링/인테리어,037070,파세코
13,리모델링/인테리어,037440,희림
13,리모델링/인테리어,039020,이건홀딩스
13,리모델링/인테리어,066130,하츠
13,리모델링/인테리어,066620,국보디자인
13,리모델링/인테리어,079430,현대리바트
13,리모델링/인테리어,108670,LX하우시스
13,리모델링/인테리어,171120,라이온켐텍
13,리모델링/인테리어,285800,진영
13,리모델링/인테리어,309930,조이웍스앤코
13,리모델링/인테리어,344820,KCC글라스
13,리모델링/인테리어,446070,유니드비티플러스
501,리비안(RIVIAN),002710,TCC스틸
501,리비안(RIVIAN),002880,디와이에이
501,리비안(RIVIAN),004270,남성
501,리비안(RIVIAN),006400,삼성SDI
501,리비안(RIVIAN),012860,모베이스전자
501,리비안(RIVIAN),013570,디와이
501,리비안(RIVIAN),017370,우신시스템
501,리비안(RIVIAN),024890,대원화성
501,리비안(RIVIAN),043370,피에이치에이
501,리비안(RIVIAN),047050,포스코인터내셔널
501,리비안(RIVIAN),075970,동국알앤에스
501,리비안(RIVIAN),091580,상신이디피
501,리비안(RIVIAN),125210,아모그린텍
501,리비안(RIVIAN),128540,에코캡
501,리비안(RIVIAN),137400,피엔티
501,리비안(RIVIAN),204320,HL만도
501,리비안(RIVIAN),215360,우리산업
501,리비안(RIVIAN),222080,SFA넥셀
501,리비안(RIVIAN),234100,폴라리스세원
501,리비안(RIVIAN),240600,유진테크놀로지
501,리비안(RIVIAN),354320,알멕
310,리츠(REITs),088260,이리츠코크렙
310,리츠(REITs),145270,케이탑리츠
310,리츠(REITs),293940,신한알파리츠
310,리츠(REITs),330590,롯데리츠
310,리츠(REITs),334890,이지스밸류플러스리츠
310,리츠(REITs),338100,NH프라임리츠
310,리츠(REITs),350520,이지스레지던스리츠
310,리츠(REITs),357120,코람코라이프인프라리츠
310,리츠(REITs),357250,미래에셋맵스리츠
310,리츠(REITs),357430,마스턴프리미어리츠
310,리츠(REITs),365550,ESR켄달스퀘어리츠
310,리츠(REITs),377190,디앤디플랫폼리츠
310,리츠(REITs),395400,SK리츠
310,리츠(REITs),396690,미래에셋글로벌리츠
310,리츠(REITs),400760,NH올원리츠
310,리츠(REITs),404990,신한서부티엔디리츠
310,리츠(REITs),417310,코람코더원리츠
310,리츠(REITs),432320,KB스타리츠
310,리츠(REITs),448730,삼성FN리츠
310,리츠(REITs),451800,한화리츠
310,리츠(REITs),481850,신한글로벌액티브리츠
523,리튬,003670,포스코퓨처엠
523,리튬,004490,세방전지
523,리튬,005420,코스모화학
523,리튬,005490,POSCO홀딩스
523,리튬,009520,포스코엠텍
523,리튬,025560,미래산업
523,리튬,029480,광무
523,리튬,051910,LG화학
523,리튬,051980,중앙첨단소재
523,리튬,073570,리튬포어스
523,리튬,086520,에코프로
523,리튬,093370,후성
523,리튬,095500,미래나노텍
523,리튬,101670,하이드로리튬
523,리튬,107600,새빗켐
523,리튬,114190,강원에너지
523,리튬,270520,앱튼
523,리튬,278280,천보
523,리튬,290670,대보마그네틱
523,리튬,348370,엔켐
523,리튬,365340,성일하이텍
523,리튬,373220,LG에너지솔루션
408,마리화나(대마),052420,오성첨단소재
408,마리화나(대마),060590,씨티씨바이오
408,마리화나(대마),061250,화일약품
408,마리화나(대마),065170,비엘팜텍
408,마리화나(대마),082850,우리바이오
408,마리화나(대마),175250,아이큐어
408,마리화나(대마),256840,한국비엔씨
408,마리화나(대마),265740,엔에프씨
408,마리화나(대마),278650,HLB바이오스텝
408,마리화나(대마),389470,인벤티지랩
408,마리화나(대마),900100,파이온엑스
285,마스크,001060,JW중외제약
285,마스크,001520,동양
285,마스크,002070,비비안
285,마스크,002720,국제약품
285,마스크,004540,깨끗한나라
285,마스크,012690,모나리자
285,마스크,013990,아가방컴퍼니
285,마스크,014100,메디앙스
285,마스크,018250,애경산업
285,마스크,034940,조아제약
285,마스크,042040,케이피엠테크
285,마스크,045520,크린앤사이언스
285,마스크,047770,코데즈컴바인
285,마스크,065950,웰크론
285,마스크,079980,휴비스
285,마스크,083550,케이엠
285,마스크,086450,동국제약
285,마스크,108230,톱텍
285,마스크,263020,디케이앤디
285,마스크,294140,레몬
285,마스크,352700,씨앤투스
285,마스크,372910,한컴라이프케어
507,마이데이터,030190,NICE평가정보
507,마이데이터,035420,NAVER
507,마이데이터,036630,세종텔레콤
507,마이데이터,089850,유비벨록스
507,마이데이터,150900,파수AI
507,마이데이터,158430,아톤
507,마이데이터,163730,핑거
507,마이데이터,170790,파이오링크
507,마이데이터,214180,헥토이노베이션
507,마이데이터,294570,쿠콘
507,마이데이터,372800,아이티아이즈
507,마이데이터,462980,아이지넷
546,마이코플라스마 폐렴,002720,국제약품
546,마이코플라스마 폐렴,004720,팜젠사이언스
546,마이코플라스마 폐렴,009290,광동제약
546,마이코플라스마 폐렴,011040,경동제약
546,마이코플라스마 폐렴,048530,인트론바이오
546,마이코플라스마 폐렴,058110,멕아이씨에스
546,마이코플라스마 폐렴,180400,DXVX
546,마이코플라스마 폐렴,229000,젠큐릭스
546,마이코플라스마 폐렴,253840,수젠텍
546,마이코플라스마 폐렴,307750,국전
546,마이코플라스마 폐렴,330350,위더스제약
546,마이코플라스마 폐렴,950130,엑세스바이오
390,마이크로 LED,005930,삼성전자
390,마이크로 LED,008290,원풍물산
390,마이크로 LED,017900,광전자
390,마이크로 LED,038060,루멘스
390,마이크로 LED,046890,서울반도체
390,마이크로 LED,066310,큐에스아이
390,마이크로 LED,066570,LG전자
390,마이크로 LED,089890,코세스
390,마이크로 LED,143540,영우디에스피
390,마이크로 LED,418420,라온텍
390,마이크로 LED,452430,사피엔반도체
470,마이크로바이옴,024720,콜마홀딩스
470,마이크로바이옴,038290,마크로젠
470,마이크로바이옴,048530,인트론바이오
470,마이크로바이옴,049960,쎌바이오텍
470,마이크로바이옴,051900,LG생활건강
470,마이크로바이옴,063160,종근당바이오
470,마이크로바이옴,084650,랩지노믹스
470,마이크로바이옴,090430,아모레퍼시픽
470,마이크로바이옴,180400,DXVX
470,마이크로바이옴,187420,HLB제넥스
470,마이크로바이옴,206650,유바이오로직스
470,마이크로바이옴,238200,비피도
470,마이크로바이옴,239610,에이치엘사이언스
470,마이크로바이옴,311690,CJ 바이오사이언스
470,마이크로바이옴,314130,지놈앤컴퍼니
470,마이크로바이옴,348150,고바이오랩
470,마이크로바이옴,376270,HEM파마
470,마이크로바이옴,950200,소마젠
481,마켓컬리(kurly),001740,SK네트웍스
481,마켓컬리(kurly),006890,태경케미컬
481,마켓컬리(kurly),025880,케이씨피드
481,마켓컬리(kurly),036580,팜스코
481,마켓컬리(kurly),051160,지어소프트
481,마켓컬리(kurly),067010,이씨에스
481,마켓컬리(kurly),100790,미래에셋벤처투자
481,마켓컬리(kurly),103840,우양
481,마켓컬리(kurly),189980,흥국에프엔비
481,마켓컬리(kurly),241520,DSC인베스트먼트
480,메타버스(Metaverse),005380,현대차
480,메타버스(Metaverse),011070,LG이노텍
480,메타버스(Metaverse),027830,대성창투
480,메타버스(Metaverse),030200,KT
480,메타버스(Metaverse),032640,LG유플러스
480,메타버스(Metaverse),034120,SBS
480,메타버스(Metaverse),035420,NAVER
480,메타버스(Metaverse),035720,카카오
480,메타버스(Metaverse),035760,CJ ENM
480,메타버스(Metaverse),038680,에스넷
480,메타버스(Metaverse),047080,한빛소프트
480,메타버스(Metaverse),052220,iMBC
480,메타버스(Metaverse),054210,이랜텍
480,메타버스(Metaverse),058630,엠게임
480,메타버스(Metaverse),059120,아진엑스텍
480,메타버스(Metaverse),065370,위세아이텍
480,메타버스(Metaverse),066310,큐에스아이
480,메타버스(Metaverse),073110,엘엠에스
480,메타버스(Metaverse),085670,뉴프렉스
480,메타버스(Metaverse),089890,코세스
480,메타버스(Metaverse),094360,칩스앤미디어
480,메타버스(Metaverse),096240,크레버스
480,메타버스(Metaverse),096630,에스코넥
480,메타버스(Metaverse),108860,셀바스AI
480,메타버스(Metaverse),109080,옵티시스
480,메타버스(Metaverse),163730,핑거
480,메타버스(Metaverse),171090,선익시스템
480,메타버스(Metaverse),189330,씨이랩
480,메타버스(Metaverse),193250,링크드
480,메타버스(Metaverse),201490,미투온
480,메타버스(Metaverse),206560,덱스터
480,메타버스(Metaverse),217270,넵튠
480,메타버스(Metaverse),263750,펄어비스
480,메타버스(Metaverse),286940,롯데이노베이트
480,메타버스(Metaverse),289220,자이언트스텝
480,메타버스(Metaverse),290520,신도기연
480,메타버스(Metaverse),291230,컴투스엔
480,메타버스(Metaverse),303530,이노뎁
480,메타버스(Metaverse),336060,웨이버스
480,메타버스(Metaverse),340360,다보링크
480,메타버스(Metaverse),347860,알체라
480,메타버스(Metaverse),357880,SKAI
480,메타버스(Metaverse),376300,디어유
480,메타버스(Metaverse),377030,비트맥스
480,메타버스(Metaverse),431190,케이쓰리아이
480,메타버스(Metaverse),438700,버넥트
380,면세점,004170,신세계
380,면세점,008770,호텔신라
380,면세점,012630,HDC
380,면세점,025770,한국정보통신
380,면세점,069960,현대백화점
380,면세점,204620,글로벌텍스프리
380,면세점,214420,토니모리
380,면세점,950170,JTC
389,면역항암제,000100,유한양행
389,면역항암제,001540,안국약품
389,면역항암제,028300,HLB
389,면역항암제,039200,오스코텍
389,면역항암제,052020,에스티큐브
389,면역항암제,083790,CG인바이츠
389,면역항암제,084990,헬릭스미스
389,면역항암제,085660,차바이오텍
389,면역항암제,086890,이수앱지스
389,면역항암제,095700,제넥신
389,면역항암제,115180,큐리언트
389,면역항암제,141080,리가켐바이오
389,면역항암제,144510,지씨셀
389,면역항암제,170900,동아에스티
389,면역항암제,174900,앱클론
389,면역항암제,195990,루트K
389,면역항암제,215600,신라젠
389,면역항암제,224060,더코디
389,면역항암제,235980,메드팩토
389,면역항암제,291650,츌립앤사이언스
389,면역항암제,293780,압타바이오
389,면역항암제,298380,에이비엘바이오
389,면역항암제,299660,셀리드
389,면역항암제,308080,바이젠셀
389,면역항암제,321550,티움바이오
389,면역항암제,323990,박셀바이오
389,면역항암제,338840,와이바이오로직스
389,면역항암제,358570,지아이이노베이션
389,면역항암제,365270,큐라클
389,면역항암제,378800,샤페론
389,면역항암제,397030,에이프릴바이오
389,면역항암제,424870,이뮨온시아
389,면역항암제,493280,아이엠바이오로직스
389,면역항암제,950220,네오이뮨텍
467,모더나(MODERNA),005690,파미셀
467,모더나(MODERNA),006280,녹십자
467,모더나(MODERNA),207940,삼성바이오로직스
467,모더나(MODERNA),227950,엔투텍
467,모더나(MODERNA),237690,에스티팜
467,모더나(MODERNA),950200,소마젠
524,모듈러주택,003070,코오롱글로벌
524,모듈러주택,004960,한신공영
524,모듈러주택,005490,POSCO홀딩스
524,모듈러주택,006360,GS건설
524,모듈러주택,014280,금강공업
524,모듈러주택,028260,삼성물산
524,모듈러주택,043910,자연과환경
524,모듈러주택,090410,덕신이피씨
524,모듈러주택,109610,에스와이
524,모듈러주택,475230,엔알비
265,모바일게임(스마트폰),023770,플레이위드
265,모바일게임(스마트폰),035420,NAVER
265,모바일게임(스마트폰),036570,NC
265,모바일게임(스마트폰),042420,네오위즈홀딩스
265,모바일게임(스마트폰),047080,한빛소프트
265,모바일게임(스마트폰),047560,이스트소프트
265,모바일게임(스마트폰),052790,액토즈소프트
265,모바일게임(스마트폰),058630,엠게임
265,모바일게임(스마트폰),063080,컴투스홀딩스
265,모바일게임(스마트폰),067000,조이시티
265,모바일게임(스마트폰),069080,웹젠
265,모바일게임(스마트폰),078340,컴투스
265,모바일게임(스마트폰),094860,네오리진
265,모바일게임(스마트폰),095660,네오위즈
265,모바일게임(스마트폰),101730,위메이드맥스
265,모바일게임(스마트폰),112040,위메이드
265,모바일게임(스마트폰),123420,위메이드플레이
265,모바일게임(스마트폰),181710,NHN
265,모바일게임(스마트폰),192080,더블유게임즈
265,모바일게임(스마트폰),193250,링크드
265,모바일게임(스마트폰),194480,데브시스터즈
265,모바일게임(스마트폰),201490,미투온
265,모바일게임(스마트폰),204610,티쓰리
265,모바일게임(스마트폰),205500,넥써쓰
265,모바일게임(스마트폰),207760,미스터블루
265,모바일게임(스마트폰),208640,썸에이지
265,모바일게임(스마트폰),217270,넵튠
265,모바일게임(스마트폰),225570,넥슨게임즈
265,모바일게임(스마트폰),251270,넷마블
265,모바일게임(스마트폰),259960,크래프톤
265,모바일게임(스마트폰),263750,펄어비스
265,모바일게임(스마트폰),293490,카카오게임즈
265,모바일게임(스마트폰),331520,밸로프
265,모바일게임(스마트폰),348030,모비릭스
265,모바일게임(스마트폰),462870,시프트업
265,모바일게임(스마트폰),950190,고스트스튜디오
288,모바일솔루션(스마트폰),039290,인포뱅크
288,모바일솔루션(스마트폰),039560,다산네트웍스
288,모바일솔루션(스마트폰),041020,폴라리스오피스
288,모바일솔루션(스마트폰),042000,카페24
288,모바일솔루션(스마트폰),051160,지어소프트
288,모바일솔루션(스마트폰),058970,엠로
288,모바일솔루션(스마트폰),064260,다날
288,모바일솔루션(스마트폰),064800,포니링크
288,모바일솔루션(스마트폰),065370,위세아이텍
288,모바일솔루션(스마트폰),065440,이루온
288,모바일솔루션(스마트폰),072130,유엔젤
288,모바일솔루션(스마트폰),078000,텔코웨어
288,모바일솔루션(스마트폰),086960,MDS테크
288,모바일솔루션(스마트폰),088340,유라클
288,모바일솔루션(스마트폰),089850,유비벨록스
288,모바일솔루션(스마트폰),094480,갤럭시아머니트리
288,모바일솔루션(스마트폰),099390,브레인즈컴퍼니
288,모바일솔루션(스마트폰),100030,인지소프트
288,모바일솔루션(스마트폰),108860,셀바스AI
288,모바일솔루션(스마트폰),115610,이미지스
288,모바일솔루션(스마트폰),139670,키네마스터
288,모바일솔루션(스마트폰),153460,네이블
288,모바일솔루션(스마트폰),163730,핑거
270,모바일콘텐츠(스마트폰/태블릿PC),020120,키다리스튜디오
270,모바일콘텐츠(스마트폰/태블릿PC),030200,KT
270,모바일콘텐츠(스마트폰/태블릿PC),030520,한컴
270,모바일콘텐츠(스마트폰/태블릿PC),032540,TJ미디어
270,모바일콘텐츠(스마트폰/태블릿PC),035420,NAVER
270,모바일콘텐츠(스마트폰/태블릿PC),035720,카카오
270,모바일콘텐츠(스마트폰/태블릿PC),036030,케이티알파
270,모바일콘텐츠(스마트폰/태블릿PC),039290,인포뱅크
270,모바일콘텐츠(스마트폰/태블릿PC),040300,YTN
270,모바일콘텐츠(스마트폰/태블릿PC),041020,폴라리스오피스
270,모바일콘텐츠(스마트폰/태블릿PC),042420,네오위즈홀딩스
270,모바일콘텐츠(스마트폰/태블릿PC),043610,KT지니뮤직
270,모바일콘텐츠(스마트폰/태블릿PC),046440,KG파이낸셜
270,모바일콘텐츠(스마트폰/태블릿PC),054920,한컴위드
270,모바일콘텐츠(스마트폰/태블릿PC),057030,YBM넷
270,모바일콘텐츠(스마트폰/태블릿PC),057680,티사이언티픽
270,모바일콘텐츠(스마트폰/태블릿PC),063080,컴투스홀딩스
270,모바일콘텐츠(스마트폰/태블릿PC),064260,다날
270,모바일콘텐츠(스마트폰/태블릿PC),068290,삼성출판사
270,모바일콘텐츠(스마트폰/태블릿PC),075130,플랜티넷
270,모바일콘텐츠(스마트폰/태블릿PC),078340,컴투스
270,모바일콘텐츠(스마트폰/태블릿PC),104200,NHN벅스
270,모바일콘텐츠(스마트폰/태블릿PC),108860,셀바스AI
270,모바일콘텐츠(스마트폰/태블릿PC),189690,포시에스
270,모바일콘텐츠(스마트폰/태블릿PC),207760,미스터블루
270,모바일콘텐츠(스마트폰/태블릿PC),208860,다산디엠씨
270,모바일콘텐츠(스마트폰/태블릿PC),214180,헥토이노베이션
270,모바일콘텐츠(스마트폰/태블릿PC),263720,디앤씨미디어
270,모바일콘텐츠(스마트폰/태블릿PC),289220,자이언트스텝
270,모바일콘텐츠(스마트폰/태블릿PC),402340,SK스퀘어
270,모바일콘텐츠(스마트폰/태블릿PC),417180,핑거스토리
270,모바일콘텐츠(스마트폰/태블릿PC),418470,KT밀리의서재
321,무선충전기술,004710,한솔테크닉스
321,무선충전기술,005930,삼성전자
321,무선충전기술,006260,LS
321,무선충전기술,011070,LG이노텍
321,무선충전기술,043590,웰킵스하이텍
321,무선충전기술,054210,이랜텍
321,무선충전기술,061040,알에프텍
321,무선충전기술,066570,LG전자
321,무선충전기술,089010,켐트로닉스
321,무선충전기술,090460,비에이치
321,무선충전기술,357580,아모센스
321,무선충전기술,459100,위츠
232,미디어(방송/신문),033130,디지틀조선
232,미디어(방송/신문),033830,티비씨
232,미디어(방송/신문),034120,SBS
232,미디어(방송/신문),035760,CJ ENM
232,미디어(방송/신문),036420,콘텐트리중앙
232,미디어(방송/신문),039340,한국경제TV
232,미디어(방송/신문),040300,YTN
232,미디어(방송/신문),052220,iMBC
232,미디어(방송/신문),053210,스카이라이프
232,미디어(방송/신문),058400,KNN
232,미디어(방송/신문),127710,아시아경제
232,미디어(방송/신문),310200,애니플러스
513,미용기기,000100,유한양행
513,미용기기,069620,대웅제약
513,미용기기,084110,휴온스글로벌
513,미용기기,086900,메디톡스
513,미용기기,145020,휴젤
513,미용기기,149980,하이로닉
513,미용기기,199550,레이저옵텍
513,미용기기,200670,휴메딕스
513,미용기기,214150,클래시스
513,미용기기,214450,파마리서치
513,미용기기,216080,제테마
513,미용기기,219750,한국비티비
513,미용기기,240550,동방메디컬
513,미용기기,256840,한국비엔씨
513,미용기기,278470,에이피알
513,미용기기,336570,원텍
513,미용기기,450950,아스테라시스
513,미용기기,462510,라메디텍
513,미용기기,483650,달바글로벌
241,바이오시밀러(복제 바이오의약품),000250,삼천당제약
241,바이오시밀러(복제 바이오의약품),003060,에이프로젠바이오로직스
241,바이오시밀러(복제 바이오의약품),003850,보령
241,바이오시밀러(복제 바이오의약품),006280,녹십자
241,바이오시밀러(복제 바이오의약품),007460,에이프로젠
241,바이오시밀러(복제 바이오의약품),009420,한올바이오파마
241,바이오시밀러(복제 바이오의약품),051910,LG화학
241,바이오시밀러(복제 바이오의약품),053030,바이넥스
241,바이오시밀러(복제 바이오의약품),067370,선바이오
241,바이오시밀러(복제 바이오의약품),068270,셀트리온
241,바이오시밀러(복제 바이오의약품),068760,셀트리온제약
241,바이오시밀러(복제 바이오의약품),069620,대웅제약
241,바이오시밀러(복제 바이오의약품),086890,이수앱지스
241,바이오시밀러(복제 바이오의약품),128940,한미약품
241,바이오시밀러(복제 바이오의약품),170900,동아에스티
241,바이오시밀러(복제 바이오의약품),185750,종근당
241,바이오시밀러(복제 바이오의약품),196170,알테오젠
241,바이오시밀러(복제 바이오의약품),222110,팬젠
241,바이오시밀러(복제 바이오의약품),334970,프레스티지바이오로직스
241,바이오시밀러(복제 바이오의약품),950210,프레스티지바이오파마
106,바이오인식(생체인식),036810,에프에스티
106,바이오인식(생체인식),042510,라온시큐어
106,바이오인식(생체인식),047310,파워로직스
106,바이오인식(생체인식),076610,해성옵틱스
106,바이오인식(생체인식),077500,유니퀘스트
106,바이오인식(생체인식),091700,파트론
106,바이오인식(생체인식),094170,동운아나텍
106,바이오인식(생체인식),094840,슈프리마에이치큐
106,바이오인식(생체인식),097520,엠씨넥스
106,바이오인식(생체인식),131090,시큐브
106,바이오인식(생체인식),192650,드림텍
106,바이오인식(생체인식),203450,유니온바이오메트릭스
106,바이오인식(생체인식),203650,드림시큐리티
106,바이오인식(생체인식),208710,포톤
106,바이오인식(생체인식),232830,아이티센피엔에스
106,바이오인식(생체인식),236200,슈프리마
106,바이오인식(생체인식),317770,엑스페릭스
106,바이오인식(생체인식),340810,시선AI
106,바이오인식(생체인식),347860,알체라
608,반도체 기판(FC-BGA/PCB/MLB 등),007660,이수페타시스
608,반도체 기판(FC-BGA/PCB/MLB 등),007810,코리아써키트
608,반도체 기판(FC-BGA/PCB/MLB 등),009150,삼성전기
608,반도체 기판(FC-BGA/PCB/MLB 등),011070,LG이노텍
608,반도체 기판(FC-BGA/PCB/MLB 등),036710,심텍홀딩스
608,반도체 기판(FC-BGA/PCB/MLB 등),064290,인텍플러스
608,반도체 기판(FC-BGA/PCB/MLB 등),077360,덕산하이메탈
608,반도체 기판(FC-BGA/PCB/MLB 등),085910,네오티스
608,반도체 기판(FC-BGA/PCB/MLB 등),222800,심텍
608,반도체 기판(FC-BGA/PCB/MLB 등),323280,태성
608,반도체 기판(FC-BGA/PCB/MLB 등),323350,다원넥스뷰
608,반도체 기판(FC-BGA/PCB/MLB 등),353200,대덕전자
608,반도체 기판(FC-BGA/PCB/MLB 등),356860,티엘비
608,반도체 기판(FC-BGA/PCB/MLB 등),420770,기가비스
155,반도체 대표주(생산),000660,SK하이닉스
155,반도체 대표주(생산),000990,DB하이텍
155,반도체 대표주(생산),005930,삼성전자
12,반도체 장비,003160,디아이
12,반도체 장비,011930,신성이엔지
12,반도체 장비,025560,미래산업
12,반도체 장비,029460,케이씨
12,반도체 장비,030530,원익홀딩스
12,반도체 장비,031980,피에스케이홀딩스
12,반도체 장비,036170,에이치엠넥스
12,반도체 장비,036200,유니셈
12,반도체 장비,036540,SFA반도체
12,반도체 장비,036810,에프에스티
12,반도체 장비,036930,주성엔지니어링
12,반도체 장비,037350,성도이엔지
12,반도체 장비,039030,이오테크닉스
12,반도체 장비,039440,에스티아이
12,반도체 장비,041520,이엘씨
12,반도체 장비,042700,한미반도체
12,반도체 장비,045100,한양이엔지
12,반도체 장비,045300,성우테크론
12,반도체 장비,049080,기가레인
12,반도체 장비,053080,케이엔솔
12,반도체 장비,053610,프로텍
12,반도체 장비,056190,SFA
12,반도체 장비,058470,리노공업
12,반도체 장비,064290,인텍플러스
12,반도체 장비,064760,티씨케이
12,반도체 장비,065130,탑엔지니어링
12,반도체 장비,067310,하나마이크론
12,반도체 장비,071280,로체시스템즈
12,반도체 장비,079370,제우스
12,반도체 장비,081180,쎄크
12,반도체 장비,083310,엘오티베큠
12,반도체 장비,083450,GST
12,반도체 장비,084370,유진테크
12,반도체 장비,086390,유니테스트
12,반도체 장비,089030,테크윙
12,반도체 장비,089790,제이티
12,반도체 장비,089890,코세스
12,반도체 장비,089970,브이엠
12,반도체 장비,090360,로보스타
12,반도체 장비,090470,제이스로보틱스
12,반도체 장비,092870,엑시콘
12,반도체 장비,095610,테스
12,반도체 장비,098460,고영
12,반도체 장비,110990,디아이티
12,반도체 장비,122640,예스티
12,반도체 장비,131290,티에스이
12,반도체 장비,140070,서플러스글로벌
12,반도체 장비,140670,알에스오토메이션
12,반도체 장비,140860,파크시스템스
12,반도체 장비,159010,아스플로
12,반도체 장비,160980,싸이맥스
12,반도체 장비,168360,펨트론
12,반도체 장비,178320,서진시스템
12,반도체 장비,183300,코미코
12,반도체 장비,187870,디바이스
12,반도체 장비,200470,에이팩트
12,반도체 장비,212710,아이에스티이
12,반도체 장비,217190,제너셈
12,반도체 장비,217500,러셀
12,반도체 장비,224060,더코디
12,반도체 장비,227950,엔투텍
12,반도체 장비,232140,와이씨
12,반도체 장비,232680,라온로보틱스
12,반도체 장비,240810,원익IPS
12,반도체 장비,241790,티이엠씨씨엔에스
12,반도체 장비,253590,네오셈
12,반도체 장비,254120,자비스
12,반도체 장비,256630,포인트엔지니어링
12,반도체 장비,264660,씨앤지하이테크
12,반도체 장비,265520,AP시스템
12,반도체 장비,271830,팸텍
12,반도체 장비,281820,케이씨텍
12,반도체 장비,306620,지아이에스
12,반도체 장비,319660,피에스케이
12,반도체 장비,321260,프로이천
12,반도체 장비,322310,오로스테크놀로지
12,반도체 장비,323350,다원넥스뷰
12,반도체 장비,330860,네패스아크
12,반도체 장비,348210,넥스틴
12,반도체 장비,348350,위드텍
12,반도체 장비,382800,지앤비에스 에코
12,반도체 장비,396470,워트
12,반도체 장비,402490,그린리소스
12,반도체 장비,403870,HPSP
12,반도체 장비,412350,레이저쎌
12,반도체 장비,413630,씨피시스템
12,반도체 장비,417840,저스템
12,반도체 장비,420770,기가비스
12,반도체 장비,425420,티에프이
12,반도체 장비,451220,아이엠티
12,반도체 장비,452160,제이엔비
12,반도체 장비,469610,이노테크
12,반도체 장비,489790,한화비전
14,반도체 재료/부품,000150,두산
14,반도체 재료/부품,000390,SP삼화
14,반도체 재료/부품,004000,롯데정밀화학
14,반도체 재료/부품,004710,한솔테크닉스
14,반도체 재료/부품,005290,동진쎄미켐
14,반도체 재료/부품,005690,파미셀
14,반도체 재료/부품,014680,한솔케미칼
14,반도체 재료/부품,024850,HLB이노베이션
14,반도체 재료/부품,025000,KPX케미칼
14,반도체 재료/부품,025320,시노펙스
14,반도체 재료/부품,031330,에스에이엠티
14,반도체 재료/부품,033160,엠케이전자
14,반도체 재료/부품,033640,네패스
14,반도체 재료/부품,036090,위지트
14,반도체 재료/부품,036810,에프에스티
14,반도체 재료/부품,043590,웰킵스하이텍
14,반도체 재료/부품,052900,KX하이텍
14,반도체 재료/부품,059090,미코
14,반도체 재료/부품,060310,3S
14,반도체 재료/부품,064760,티씨케이
14,반도체 재료/부품,067310,하나마이크론
14,반도체 재료/부품,074600,원익QnC
14,반도체 재료/부품,077360,덕산하이메탈
14,반도체 재료/부품,078350,한양디지텍
14,반도체 재료/부품,080580,오킨스전자
14,반도체 재료/부품,083500,에프엔에스테크
14,반도체 재료/부품,092070,디엔에프
14,반도체 재료/부품,092220,KEC
14,반도체 재료/부품,093370,후성
14,반도체 재료/부품,095340,ISC
14,반도체 재료/부품,098120,마이크로컨텍솔
14,반도체 재료/부품,101160,월덱스
14,반도체 재료/부품,101490,에스앤에스텍
14,반도체 재료/부품,102710,이엔에프테크놀로지
14,반도체 재료/부품,104830,원익머트리얼즈
14,반도체 재료/부품,112290,와이씨켐
14,반도체 재료/부품,114810,한솔아이원스
14,반도체 재료/부품,142210,유니트론텍
14,반도체 재료/부품,144960,뉴파워프라즈마
14,반도체 재료/부품,146320,비씨엔씨
14,반도체 재료/부품,147760,피엠티
14,반도체 재료/부품,155650,와이엠씨
14,반도체 재료/부품,166090,하나머티리얼즈
14,반도체 재료/부품,170920,엘티씨
14,반도체 재료/부품,171010,램테크놀러지
14,반도체 재료/부품,192650,드림텍
14,반도체 재료/부품,195870,해성디에스
14,반도체 재료/부품,219130,타이거일렉
14,반도체 재료/부품,220260,켐트로스
14,반도체 재료/부품,241770,메카로
14,반도체 재료/부품,241790,티이엠씨씨엔에스
14,반도체 재료/부품,252990,샘씨엔에스
14,반도체 재료/부품,272110,케이엔제이
14,반도체 재료/부품,272290,이녹스첨단소재
14,반도체 재료/부품,278280,천보
14,반도체 재료/부품,281740,레이크머티리얼즈
14,반도체 재료/부품,281820,케이씨텍
14,반도체 재료/부품,295310,에이치브이엠
14,반도체 재료/부품,307750,국전
14,반도체 재료/부품,311320,지오엘리먼트
14,반도체 재료/부품,317330,덕산테코피아
14,반도체 재료/부품,357780,솔브레인
14,반도체 재료/부품,388210,씨엠티엑스
14,반도체 재료/부품,417500,제이아이테크
14,반도체 재료/부품,424980,마이크로투나노
14,반도체 재료/부품,425040,티이엠씨
14,반도체 재료/부품,445180,퓨릿
14,반도체 재료/부품,446540,메가터치
14,반도체 재료/부품,456040,OCI
14,반도체 재료/부품,482630,삼양엔씨켐
14,반도체 재료/부품,489500,엘케이켐
144,방위산업/전쟁 및 테러,000270,기아
144,방위산업/전쟁 및 테러,000880,한화
144,방위산업/전쟁 및 테러,003010,혜인
144,방위산업/전쟁 및 테러,003490,대한항공
144,방위산업/전쟁 및 테러,003570,SNT다이내믹스
144,방위산업/전쟁 및 테러,005810,풍산홀딩스
144,방위산업/전쟁 및 테러,005870,휴니드
144,방위산업/전쟁 및 테러,006050,국영지앤엠
144,방위산업/전쟁 및 테러,009540,HD한국조선해양
144,방위산업/전쟁 및 테러,010170,대한광통신
144,방위산업/전쟁 및 테러,010280,아이티센엔텍
144,방위산업/전쟁 및 테러,010820,퍼스텍
144,방위산업/전쟁 및 테러,011210,현대위아
144,방위산업/전쟁 및 테러,012210,삼미금속
144,방위산업/전쟁 및 테러,012450,한화에어로스페이스
144,방위산업/전쟁 및 테러,013810,스페코
144,방위산업/전쟁 및 테러,015710,코콤
144,방위산업/전쟁 및 테러,024740,한일단조
144,방위산업/전쟁 및 테러,032820,우리기술
144,방위산업/전쟁 및 테러,035460,기산텔레콤
144,방위산업/전쟁 및 테러,040300,YTN
144,방위산업/전쟁 및 테러,042370,비츠로테크
144,방위산업/전쟁 및 테러,042660,한화오션
144,방위산업/전쟁 및 테러,047810,한국항공우주
144,방위산업/전쟁 및 테러,064350,현대로템
144,방위산업/전쟁 및 테러,064960,SNT모티브
144,방위산업/전쟁 및 테러,065450,빅텍
144,방위산업/전쟁 및 테러,065950,웰크론
144,방위산업/전쟁 및 테러,077360,덕산하이메탈
144,방위산업/전쟁 및 테러,077970,STX엔진
144,방위산업/전쟁 및 테러,079550,LIG디펜스앤에어로스페이스
144,방위산업/전쟁 및 테러,081180,쎄크
144,방위산업/전쟁 및 테러,082920,비츠로셀
144,방위산업/전쟁 및 테러,084850,아이티엠반도체
144,방위산업/전쟁 및 테러,088800,에이스테크
144,방위산업/전쟁 및 테러,090080,평화산업
144,방위산업/전쟁 및 테러,095190,신화프리텍
144,방위산업/전쟁 및 테러,095270,웨이브일렉트로
144,방위산업/전쟁 및 테러,096630,에스코넥
144,방위산업/전쟁 및 테러,097230,HJ중공업
144,방위산업/전쟁 및 테러,099320,쎄트렉아이
144,방위산업/전쟁 및 테러,103140,풍산
144,방위산업/전쟁 및 테러,108380,대양전기공업
144,방위산업/전쟁 및 테러,119500,포메탈
144,방위산업/전쟁 및 테러,129920,대성하이텍
144,방위산업/전쟁 및 테러,140430,카티스
144,방위산업/전쟁 및 테러,214430,아이쓰리시스템
144,방위산업/전쟁 및 테러,215090,솔디펜스
144,방위산업/전쟁 및 테러,218410,RFHIC
144,방위산업/전쟁 및 테러,272210,한화시스템
144,방위산업/전쟁 및 테러,274090,켄코아에어로스페이스
144,방위산업/전쟁 및 테러,274400,이노시뮬레이션
144,방위산업/전쟁 및 테러,288180,케이피항공산업
144,방위산업/전쟁 및 테러,289930,웨이비스
144,방위산업/전쟁 및 테러,310870,디와이씨
144,방위산업/전쟁 및 테러,321370,센서뷰
144,방위산업/전쟁 및 테러,327260,RF머트리얼즈
144,방위산업/전쟁 및 테러,361390,제노코
144,방위산업/전쟁 및 테러,368770,파이버프로
144,방위산업/전쟁 및 테러,372910,한컴라이프케어
144,방위산업/전쟁 및 테러,377330,이지트로닉스
144,방위산업/전쟁 및 테러,417030,니어스랩
144,방위산업/전쟁 및 테러,437730,삼현
144,방위산업/전쟁 및 테러,448710,코츠테크놀로지
144,방위산업/전쟁 및 테러,474610,RF시스템즈
144,방위산업/전쟁 및 테러,484590,삼양컴텍
144,방위산업/전쟁 및 테러,484870,엠앤씨솔루션
144,방위산업/전쟁 및 테러,487400,케이앤에스아이앤씨
108,"백신/진단시약/방역(신종플루, AI 등)",000100,유한양행
108,"백신/진단시약/방역(신종플루, AI 등)",003060,에이프로젠바이오로직스
108,"백신/진단시약/방역(신종플루, AI 등)",003120,일성아이에스
108,"백신/진단시약/방역(신종플루, AI 등)",003850,보령
108,"백신/진단시약/방역(신종플루, AI 등)",005250,녹십자홀딩스
108,"백신/진단시약/방역(신종플루, AI 등)",006280,녹십자
108,"백신/진단시약/방역(신종플루, AI 등)",007570,일양약품
108,"백신/진단시약/방역(신종플루, AI 등)",009290,광동제약
108,"백신/진단시약/방역(신종플루, AI 등)",014570,고려제약
108,"백신/진단시약/방역(신종플루, AI 등)",018620,우진비앤지
108,"백신/진단시약/방역(신종플루, AI 등)",019170,신풍제약
108,"백신/진단시약/방역(신종플루, AI 등)",033250,체시스
108,"백신/진단시약/방역(신종플루, AI 등)",036220,오상헬스케어
108,"백신/진단시약/방역(신종플루, AI 등)",036480,대성미생물
108,"백신/진단시약/방역(신종플루, AI 등)",041960,코미팜
108,"백신/진단시약/방역(신종플루, AI 등)",043200,파루
108,"백신/진단시약/방역(신종플루, AI 등)",044960,이글벳
108,"백신/진단시약/방역(신종플루, AI 등)",048530,인트론바이오
108,"백신/진단시약/방역(신종플루, AI 등)",054670,대한뉴팜
108,"백신/진단시약/방역(신종플루, AI 등)",060590,씨티씨바이오
108,"백신/진단시약/방역(신종플루, AI 등)",061250,화일약품
108,"백신/진단시약/방역(신종플루, AI 등)",064550,바이오니아
108,"백신/진단시약/방역(신종플루, AI 등)",072020,중앙백신
108,"백신/진단시약/방역(신종플루, AI 등)",084650,랩지노믹스
108,"백신/진단시약/방역(신종플루, AI 등)",086060,진바이오텍
108,"백신/진단시약/방역(신종플루, AI 등)",096530,씨젠
108,"백신/진단시약/방역(신종플루, AI 등)",109820,진매트릭스
108,"백신/진단시약/방역(신종플루, AI 등)",128940,한미약품
108,"백신/진단시약/방역(신종플루, AI 등)",142760,모아라이프플러스
108,"백신/진단시약/방역(신종플루, AI 등)",153710,옵티팜
108,"백신/진단시약/방역(신종플루, AI 등)",185490,아이진
108,"백신/진단시약/방역(신종플루, AI 등)",185750,종근당
108,"백신/진단시약/방역(신종플루, AI 등)",206640,바디텍메드
108,"백신/진단시약/방역(신종플루, AI 등)",206650,유바이오로직스
108,"백신/진단시약/방역(신종플루, AI 등)",253840,수젠텍
108,"백신/진단시약/방역(신종플루, AI 등)",261780,아리바이오랩
108,"백신/진단시약/방역(신종플루, AI 등)",285130,SK케미칼
108,"백신/진단시약/방역(신종플루, AI 등)",302440,SK바이오사이언스
108,"백신/진단시약/방역(신종플루, AI 등)",303360,프로티아
108,"백신/진단시약/방역(신종플루, AI 등)",348080,큐라티스
108,"백신/진단시약/방역(신종플루, AI 등)",389470,인벤티지랩
108,"백신/진단시약/방역(신종플루, AI 등)",950130,엑세스바이오
318,백화점,004170,신세계
318,백화점,006370,대구백화점
318,백화점,023530,롯데쇼핑
318,백화점,037710,광주신세계
318,백화점,069960,현대백화점
318,백화점,452260,한화갤러리아
567,밸류업(24년 기업가치 제고계획 발표),000100,유한양행
567,밸류업(24년 기업가치 제고계획 발표),000270,기아
567,밸류업(24년 기업가치 제고계획 발표),000660,SK하이닉스
567,밸류업(24년 기업가치 제고계획 발표),000990,DB하이텍
567,밸류업(24년 기업가치 제고계획 발표),001430,세아베스틸지주
567,밸류업(24년 기업가치 제고계획 발표),001740,SK네트웍스
567,밸류업(24년 기업가치 제고계획 발표),002790,아모레퍼시픽홀딩스
567,밸류업(24년 기업가치 제고계획 발표),003470,유안타증권
567,밸류업(24년 기업가치 제고계획 발표),003490,대한항공
567,밸류업(24년 기업가치 제고계획 발표),003550,LG
567,밸류업(24년 기업가치 제고계획 발표),003670,포스코퓨처엠
567,밸류업(24년 기업가치 제고계획 발표),004170,신세계
567,밸류업(24년 기업가치 제고계획 발표),004990,롯데지주
567,밸류업(24년 기업가치 제고계획 발표),005300,롯데칠성
567,밸류업(24년 기업가치 제고계획 발표),005380,현대차
567,밸류업(24년 기업가치 제고계획 발표),005440,현대지에프홀딩스
567,밸류업(24년 기업가치 제고계획 발표),005490,POSCO홀딩스
567,밸류업(24년 기업가치 제고계획 발표),006040,동원산업
567,밸류업(24년 기업가치 제고계획 발표),006800,미래에셋증권
567,밸류업(24년 기업가치 제고계획 발표),006840,AK홀딩스
567,밸류업(24년 기업가치 제고계획 발표),008930,한미사이언스
567,밸류업(24년 기업가치 제고계획 발표),009540,HD한국조선해양
567,밸류업(24년 기업가치 제고계획 발표),010130,고려아연
567,밸류업(24년 기업가치 제고계획 발표),011070,LG이노텍
567,밸류업(24년 기업가치 제고계획 발표),012330,현대모비스
567,밸류업(24년 기업가치 제고계획 발표),016610,DB증권
567,밸류업(24년 기업가치 제고계획 발표),017670,SK텔레콤
567,밸류업(24년 기업가치 제고계획 발표),017800,현대엘리베이터
567,밸류업(24년 기업가치 제고계획 발표),018250,애경산업
567,밸류업(24년 기업가치 제고계획 발표),020000,한섬
567,밸류업(24년 기업가치 제고계획 발표),023160,태광
567,밸류업(24년 기업가치 제고계획 발표),023530,롯데쇼핑
567,밸류업(24년 기업가치 제고계획 발표),024110,기업은행
567,밸류업(24년 기업가치 제고계획 발표),024720,콜마홀딩스
567,밸류업(24년 기업가치 제고계획 발표),030200,KT
567,밸류업(24년 기업가치 제고계획 발표),031430,신세계인터내셔날
567,밸류업(24년 기업가치 제고계획 발표),032190,다우데이타
567,밸류업(24년 기업가치 제고계획 발표),032640,LG유플러스
567,밸류업(24년 기업가치 제고계획 발표),033780,KT&G
567,밸류업(24년 기업가치 제고계획 발표),034220,LG디스플레이
567,밸류업(24년 기업가치 제고계획 발표),034730,SK
567,밸류업(24년 기업가치 제고계획 발표),035250,강원랜드
567,밸류업(24년 기업가치 제고계획 발표),035600,KG이니시스
567,밸류업(24년 기업가치 제고계획 발표),036620,감성코퍼레이션
567,밸류업(24년 기업가치 제고계획 발표),037710,광주신세계
567,밸류업(24년 기업가치 제고계획 발표),039490,키움증권
567,밸류업(24년 기업가치 제고계획 발표),047050,포스코인터내셔널
567,밸류업(24년 기업가치 제고계획 발표),051900,LG생활건강
567,밸류업(24년 기업가치 제고계획 발표),051910,LG화학
567,밸류업(24년 기업가치 제고계획 발표),052690,한전기술
567,밸류업(24년 기업가치 제고계획 발표),055550,신한지주
567,밸류업(24년 기업가치 제고계획 발표),058650,세아홀딩스
567,밸류업(24년 기업가치 제고계획 발표),060980,HL홀딩스
567,밸류업(24년 기업가치 제고계획 발표),064850,에프앤가이드
567,밸류업(24년 기업가치 제고계획 발표),066570,LG전자
567,밸류업(24년 기업가치 제고계획 발표),069960,현대백화점
567,밸류업(24년 기업가치 제고계획 발표),071320,지역난방공사
567,밸류업(24년 기업가치 제고계획 발표),071840,롯데하이마트
567,밸류업(24년 기업가치 제고계획 발표),086280,현대글로비스
567,밸류업(24년 기업가치 제고계획 발표),086790,하나금융지주
567,밸류업(24년 기업가치 제고계획 발표),089590,제주항공
567,밸류업(24년 기업가치 제고계획 발표),089860,롯데렌탈
567,밸류업(24년 기업가치 제고계획 발표),090430,아모레퍼시픽
567,밸류업(24년 기업가치 제고계획 발표),091700,파트론
567,밸류업(24년 기업가치 제고계획 발표),095340,ISC
567,밸류업(24년 기업가치 제고계획 발표),096770,SK이노베이션
567,밸류업(24년 기업가치 제고계획 발표),105560,KB금융
567,밸류업(24년 기업가치 제고계획 발표),138040,메리츠금융지주
567,밸류업(24년 기업가치 제고계획 발표),138930,BNK금융지주
567,밸류업(24년 기업가치 제고계획 발표),139130,iM금융지주
567,밸류업(24년 기업가치 제고계획 발표),161000,애경케미칼
567,밸류업(24년 기업가치 제고계획 발표),175330,JB금융지주
567,밸류업(24년 기업가치 제고계획 발표),192650,드림텍
567,밸류업(24년 기업가치 제고계획 발표),195940,HK이노엔
567,밸류업(24년 기업가치 제고계획 발표),234300,에스트래픽
567,밸류업(24년 기업가치 제고계획 발표),241560,두산밥캣
567,밸류업(24년 기업가치 제고계획 발표),263020,디케이앤디
567,밸류업(24년 기업가치 제고계획 발표),267250,HD현대
567,밸류업(24년 기업가치 제고계획 발표),267260,HD현대일렉트릭
567,밸류업(24년 기업가치 제고계획 발표),267270,HD건설기계
567,밸류업(24년 기업가치 제고계획 발표),272290,이녹스첨단소재
567,밸류업(24년 기업가치 제고계획 발표),280360,롯데웰푸드
567,밸류업(24년 기업가치 제고계획 발표),286940,롯데이노베이트
567,밸류업(24년 기업가치 제고계획 발표),316140,우리금융지주
567,밸류업(24년 기업가치 제고계획 발표),323410,카카오뱅크
567,밸류업(24년 기업가치 제고계획 발표),329180,HD현대중공업
567,밸류업(24년 기업가치 제고계획 발표),330590,롯데리츠
567,밸류업(24년 기업가치 제고계획 발표),373220,LG에너지솔루션
567,밸류업(24년 기업가치 제고계획 발표),402340,SK스퀘어
567,밸류업(24년 기업가치 제고계획 발표),443060,HD현대마린솔루션
567,밸류업(24년 기업가치 제고계획 발표),453340,현대그린푸드
571,밸류업(25년 기업가치 제고계획 발표),000720,현대건설
571,밸류업(25년 기업가치 제고계획 발표),000810,삼성화재
571,밸류업(25년 기업가치 제고계획 발표),000990,DB하이텍
571,밸류업(25년 기업가치 제고계획 발표),001060,JW중외제약
571,밸류업(25년 기업가치 제고계획 발표),001390,KG케미칼
571,밸류업(25년 기업가치 제고계획 발표),001500,현대차증권
571,밸류업(25년 기업가치 제고계획 발표),001530,DI동일
571,밸류업(25년 기업가치 제고계획 발표),002380,KCC
571,밸류업(25년 기업가치 제고계획 발표),003230,삼양식품
571,밸류업(25년 기업가치 제고계획 발표),003490,대한항공
571,밸류업(25년 기업가치 제고계획 발표),003540,대신증권
571,밸류업(25년 기업가치 제고계획 발표),004370,농심
571,밸류업(25년 기업가치 제고계획 발표),004490,세방전지
571,밸류업(25년 기업가치 제고계획 발표),005830,DB손해보험
571,밸류업(25년 기업가치 제고계획 발표),007660,이수페타시스
571,밸류업(25년 기업가치 제고계획 발표),008930,한미사이언스
571,밸류업(25년 기업가치 제고계획 발표),009970,영원무역홀딩스
571,밸류업(25년 기업가치 제고계획 발표),010950,S-Oil
571,밸류업(25년 기업가치 제고계획 발표),011200,HMM
571,밸류업(25년 기업가치 제고계획 발표),011780,금호석유화학
571,밸류업(25년 기업가치 제고계획 발표),012450,한화에어로스페이스
571,밸류업(25년 기업가치 제고계획 발표),014680,한솔케미칼
571,밸류업(25년 기업가치 제고계획 발표),014820,동원시스템즈
571,밸류업(25년 기업가치 제고계획 발표),016380,KG스틸
571,밸류업(25년 기업가치 제고계획 발표),017810,풀무원
571,밸류업(25년 기업가치 제고계획 발표),017890,한국알콜
571,밸류업(25년 기업가치 제고계획 발표),021240,코웨이
571,밸류업(25년 기업가치 제고계획 발표),024720,콜마홀딩스
571,밸류업(25년 기업가치 제고계획 발표),030190,NICE평가정보
571,밸류업(25년 기업가치 제고계획 발표),030200,KT
571,밸류업(25년 기업가치 제고계획 발표),031210,서울보증보험
571,밸류업(25년 기업가치 제고계획 발표),031980,피에스케이홀딩스
571,밸류업(25년 기업가치 제고계획 발표),033920,무학
571,밸류업(25년 기업가치 제고계획 발표),034230,파라다이스
571,밸류업(25년 기업가치 제고계획 발표),035000,HS애드
571,밸류업(25년 기업가치 제고계획 발표),039200,오스코텍
571,밸류업(25년 기업가치 제고계획 발표),042700,한미반도체
571,밸류업(25년 기업가치 제고계획 발표),047810,한국항공우주
571,밸류업(25년 기업가치 제고계획 발표),051600,한전KPS
571,밸류업(25년 기업가치 제고계획 발표),054950,제이브이엠
571,밸류업(25년 기업가치 제고계획 발표),055550,신한지주
571,밸류업(25년 기업가치 제고계획 발표),056190,SFA
571,밸류업(25년 기업가치 제고계획 발표),064760,티씨케이
571,밸류업(25년 기업가치 제고계획 발표),067310,하나마이크론
571,밸류업(25년 기업가치 제고계획 발표),068270,셀트리온
571,밸류업(25년 기업가치 제고계획 발표),068930,디지털대성
571,밸류업(25년 기업가치 제고계획 발표),071050,한국금융지주
571,밸류업(25년 기업가치 제고계획 발표),078340,컴투스
571,밸류업(25년 기업가치 제고계획 발표),078930,GS
571,밸류업(25년 기업가치 제고계획 발표),090850,현대이지웰
571,밸류업(25년 기업가치 제고계획 발표),111770,영원무역
571,밸류업(25년 기업가치 제고계획 발표),122450,KX
571,밸류업(25년 기업가치 제고계획 발표),124560,태웅로직스
571,밸류업(25년 기업가치 제고계획 발표),126560,현대퓨처넷
571,밸류업(25년 기업가치 제고계획 발표),128940,한미약품
571,밸류업(25년 기업가치 제고계획 발표),138040,메리츠금융지주
571,밸류업(25년 기업가치 제고계획 발표),139480,이마트
571,밸류업(25년 기업가치 제고계획 발표),150900,파수AI
571,밸류업(25년 기업가치 제고계획 발표),161390,한국타이어앤테크놀로지
571,밸류업(25년 기업가치 제고계획 발표),175330,JB금융지주
571,밸류업(25년 기업가치 제고계획 발표),180640,한진칼
571,밸류업(25년 기업가치 제고계획 발표),183300,코미코
571,밸류업(25년 기업가치 제고계획 발표),192820,코스맥스
571,밸류업(25년 기업가치 제고계획 발표),200130,콜마비앤에이치
571,밸류업(25년 기업가치 제고계획 발표),215200,메가스터디교육
571,밸류업(25년 기업가치 제고계획 발표),221840,하이즈항공
571,밸류업(25년 기업가치 제고계획 발표),234300,에스트래픽
571,밸류업(25년 기업가치 제고계획 발표),236200,슈프리마
571,밸류업(25년 기업가치 제고계획 발표),237690,에스티팜
571,밸류업(25년 기업가치 제고계획 발표),241690,유니테크노
571,밸류업(25년 기업가치 제고계획 발표),259630,엠플러스
571,밸류업(25년 기업가치 제고계획 발표),271560,오리온
571,밸류업(25년 기업가치 제고계획 발표),272210,한화시스템
571,밸류업(25년 기업가치 제고계획 발표),282330,BGF리테일
571,밸류업(25년 기업가치 제고계획 발표),290650,엘앤씨바이오
571,밸류업(25년 기업가치 제고계획 발표),298020,효성티앤씨
571,밸류업(25년 기업가치 제고계획 발표),316140,우리금융지주
571,밸류업(25년 기업가치 제고계획 발표),319660,피에스케이
571,밸류업(25년 기업가치 제고계획 발표),328380,솔트웨어
571,밸류업(25년 기업가치 제고계획 발표),357780,솔브레인
571,밸류업(25년 기업가치 제고계획 발표),376930,노을
571,밸류업(25년 기업가치 제고계획 발표),383220,F&F
571,밸류업(25년 기업가치 제고계획 발표),396270,넥스트칩
571,밸류업(25년 기업가치 제고계획 발표),402340,SK스퀘어
234,보안주(물리),006140,피제이전자
234,보안주(물리),012750,에스원
234,보안주(물리),039010,현대에이치티
234,보안주(물리),083640,인콘
234,보안주(물리),087600,픽셀플러스
234,보안주(물리),092600,앤씨앤
234,보안주(물리),094840,슈프리마에이치큐
234,보안주(물리),140430,카티스
234,보안주(물리),143160,아이디스
234,보안주(물리),236200,슈프리마
234,보안주(물리),264850,이랜시스
234,보안주(물리),303530,이노뎁
234,보안주(물리),331380,포커스에이아이
234,보안주(물리),340810,시선AI
234,보안주(물리),356890,싸이버원
234,보안주(물리),417790,트루엔
234,보안주(물리),424760,벨로크
234,보안주(물리),446840,지슨
234,보안주(물리),489790,한화비전
55,보안주(정보),012750,에스원
55,보안주(정보),032190,다우데이타
55,보안주(정보),038680,에스넷
55,보안주(정보),041460,한국전자인증
55,보안주(정보),042510,라온시큐어
55,보안주(정보),047560,이스트소프트
55,보안주(정보),049470,비트플래닛
55,보안주(정보),049480,오픈베이스
55,보안주(정보),050960,수산아이앤티
55,보안주(정보),053300,한국정보인증
55,보안주(정보),053350,이니텍
55,보안주(정보),053800,안랩
55,보안주(정보),054920,한컴위드
55,보안주(정보),057680,티사이언티픽
55,보안주(정보),067920,이글루
55,보안주(정보),075130,플랜티넷
55,보안주(정보),079940,가비아
55,보안주(정보),131090,시큐브
55,보안주(정보),136540,윈스테크넷
55,보안주(정보),150900,파수AI
55,보안주(정보),158430,아톤
55,보안주(정보),170790,파이오링크
55,보안주(정보),184230,SGA솔루션즈
55,보안주(정보),192250,케이사인
55,보안주(정보),197140,디지캡
55,보안주(정보),203650,드림시큐리티
55,보안주(정보),208350,지란지교시큐리티
55,보안주(정보),214180,헥토이노베이션
55,보안주(정보),232830,아이티센피엔에스
55,보안주(정보),247660,나노씨엠에스
55,보안주(정보),258790,소프트캠프
55,보안주(정보),263860,지니언스
55,보안주(정보),275630,에스에스알
55,보안주(정보),286750,나노실리칸첨단소재
55,보안주(정보),290270,휴네시온
55,보안주(정보),290560,파라택시스이더리움
55,보안주(정보),291810,핀텔
55,보안주(정보),317120,라닉스
55,보안주(정보),331740,아우토크립트
55,보안주(정보),333050,이노테나
55,보안주(정보),356680,엑스게이트
55,보안주(정보),356890,싸이버원
55,보안주(정보),391710,코닉오토메이션
55,보안주(정보),411080,샌즈랩
55,보안주(정보),424760,벨로크
55,보안주(정보),430690,한싹
55,보안주(정보),434480,모니터랩
55,보안주(정보),456010,아이씨티케이
55,보안주(정보),465480,인스피언
55,보안주(정보),488280,에스투더블유
397,보톡스(보툴리눔톡신),061040,알에프텍
397,보톡스(보툴리눔톡신),069620,대웅제약
397,보톡스(보툴리눔톡신),084110,휴온스글로벌
397,보톡스(보툴리눔톡신),086900,메디톡스
397,보톡스(보툴리눔톡신),109740,디에스케이
397,보톡스(보툴리눔톡신),145020,휴젤
397,보톡스(보툴리눔톡신),200670,휴메딕스
397,보톡스(보툴리눔톡신),206650,유바이오로직스
397,보톡스(보툴리눔톡신),214450,파마리서치
397,보톡스(보툴리눔톡신),216080,제테마
397,보톡스(보툴리눔톡신),243070,휴온스
397,보톡스(보툴리눔톡신),256840,한국비엔씨
397,보톡스(보툴리눔톡신),362320,청담글로벌
592,부동산 보유 자산주,000050,경방
592,부동산 보유 자산주,000650,천일고속
592,부동산 보유 자산주,001460,BYC
592,부동산 보유 자산주,001530,DI동일
592,부동산 보유 자산주,003200,일신방직
592,부동산 보유 자산주,003380,하림지주
592,부동산 보유 자산주,003610,방림
592,부동산 보유 자산주,004060,SG세계물산
592,부동산 보유 자산주,004170,신세계
592,부동산 보유 자산주,005300,롯데칠성
592,부동산 보유 자산주,005800,신영와코루
592,부동산 보유 자산주,006040,동원산업
592,부동산 보유 자산주,006730,서부T&D
592,부동산 보유 자산주,009070,KCTC
592,부동산 보유 자산주,010780,아이에스동서
592,부동산 보유 자산주,029530,신도리코
592,부동산 보유 자산주,038500,삼표시멘트
592,부동산 보유 자산주,067830,세이브존I&C
592,부동산 보유 자산주,084670,동양고속
592,부동산 보유 자산주,128820,대성산업
592,부동산 보유 자산주,139480,이마트
592,부동산 보유 자산주,294870,IPARK현대산업개발
387,블록체인,000700,유수홀딩스
387,블록체인,003550,LG
387,블록체인,017670,SK텔레콤
387,블록체인,018260,삼성에스디에스
387,블록체인,027830,대성창투
387,블록체인,030200,KT
387,블록체인,034730,SK
387,블록체인,035420,NAVER
387,블록체인,035720,카카오
387,블록체인,039420,케이엘넷
387,블록체인,041460,한국전자인증
387,블록체인,042420,네오위즈홀딩스
387,블록체인,042510,라온시큐어
387,블록체인,053350,이니텍
387,블록체인,054920,한컴위드
387,블록체인,112040,위메이드
387,블록체인,124500,아이티센글로벌
387,블록체인,131090,시큐브
387,블록체인,150900,파수AI
387,블록체인,184230,SGA솔루션즈
387,블록체인,192250,케이사인
387,블록체인,203650,드림시큐리티
387,블록체인,286940,롯데이노베이트
204,비료,001390,KG케미칼
204,비료,001550,조비
204,비료,004000,롯데정밀화학
204,비료,014580,태경비케이
204,비료,014830,유니드
204,비료,025860,남해화학
204,비료,033250,체시스
204,비료,054050,NH농우바이오
204,비료,097870,효성오앤비
204,비료,332290,누보
540,비만치료제,000100,유한양행
540,비만치료제,000250,삼천당제약
540,비만치료제,002390,한독
540,비만치료제,002800,신신제약
540,비만치료제,003220,대원제약
540,비만치료제,009290,광동제약
540,비만치료제,047920,HLB제약
540,비만치료제,048870,시너지이노베이션
540,비만치료제,051910,LG화학
540,비만치료제,067080,대화제약
540,비만치료제,068760,셀트리온제약
540,비만치료제,069620,대웅제약
540,비만치료제,078140,대봉엘에스
540,비만치료제,087010,펩트론
540,비만치료제,089140,넥스턴앤롤코리아
540,비만치료제,095700,제넥신
540,비만치료제,128940,한미약품
540,비만치료제,138610,나이벡
540,비만치료제,170900,동아에스티
540,비만치료제,175250,아이큐어
540,비만치료제,180400,DXVX
540,비만치료제,185750,종근당
540,비만치료제,195940,HK이노엔
540,비만치료제,196300,HLB펩
540,비만치료제,214260,라파스
540,비만치료제,214370,케어젠
540,비만치료제,226950,올릭스
540,비만치료제,249420,일동제약
540,비만치료제,256840,한국비엔씨
540,비만치료제,291650,츌립앤사이언스
540,비만치료제,347850,디앤디파마텍
540,비만치료제,348080,큐라티스
540,비만치료제,348150,고바이오랩
540,비만치료제,378800,샤페론
540,비만치료제,389470,인벤티지랩
540,비만치료제,439580,블루엠텍
540,비만치료제,456160,지투지바이오
171,비철금속,000670,영풍
171,비철금속,001530,DI동일
171,비철금속,001780,알루코
171,비철금속,004560,현대비앤지스틸
171,비철금속,005810,풍산홀딩스
171,비철금속,006110,삼아알미늄
171,비철금속,008350,남선알미늄
171,비철금속,009190,대양금속
171,비철금속,009520,포스코엠텍
171,비철금속,009730,이렘
171,비철금속,010130,고려아연
171,비철금속,012800,대창
171,비철금속,015890,태경산업
171,비철금속,018470,조일알미늄
171,비철금속,021050,서원
171,비철금속,025820,이구산업
171,비철금속,032560,황금에스티
171,비철금속,037760,쎄니트
171,비철금속,060480,국일신동
171,비철금속,081150,티플랙스
171,비철금속,103140,풍산
171,비철금속,128660,피제이메탈
171,비철금속,186230,그린플러스
171,비철금속,198940,한주라이트메탈
171,비철금속,354320,알멕
105,사료,001790,대한제당
105,사료,002140,고려산업
105,사료,002680,한탑
105,사료,003310,대주산업
105,사료,005860,한일사료
105,사료,006980,우성
105,사료,008040,사조동아원
105,사료,018620,우진비앤지
105,사료,025880,케이씨피드
105,사료,027710,팜스토리
105,사료,035810,이지홀딩스
105,사료,036580,팜스코
105,사료,060590,씨티씨바이오
105,사료,136490,선진
105,사료,179530,애드바이오텍
105,사료,218150,미래생명자원
105,사료,353810,이지바이오
105,사료,368970,오에스피
348,삼성페이,004710,한솔테크닉스
348,삼성페이,004800,효성
348,삼성페이,005930,삼성전자
348,삼성페이,025770,한국정보통신
348,삼성페이,029780,삼성카드
348,삼성페이,035600,KG이니시스
348,삼성페이,036800,나이스정보통신
348,삼성페이,042510,라온시큐어
348,삼성페이,046440,KG파이낸셜
348,삼성페이,052400,코나아이
348,삼성페이,052710,아모텍
348,삼성페이,053300,한국정보인증
348,삼성페이,060230,제이케이시냅스
348,삼성페이,060250,NHN KCP
348,삼성페이,061040,알에프텍
348,삼성페이,064260,다날
348,삼성페이,065440,이루온
348,삼성페이,089850,유비벨록스
348,삼성페이,091700,파트론
348,삼성페이,094280,효성ITX
348,삼성페이,094480,갤럭시아머니트리
348,삼성페이,115310,인포바인
348,삼성페이,192250,케이사인
348,삼성페이,203650,드림시큐리티
348,삼성페이,224110,에이텍모빌리티
348,삼성페이,303030,지니틱스
283,생명보험,003690,코리안리
283,생명보험,032830,삼성생명
283,생명보험,085620,미래에셋생명
283,생명보험,088350,한화생명
591,서울고속버스터미널 재개발 수혜,000650,천일고속
591,서울고속버스터미널 재개발 수혜,004170,신세계
591,서울고속버스터미널 재개발 수혜,006040,동원산업
591,서울고속버스터미널 재개발 수혜,084670,동양고속
591,서울고속버스터미널 재개발 수혜,128820,대성산업
180,석유화학,003240,태광산업
180,석유화학,005950,이수화학
180,석유화학,006650,대한유화
180,석유화학,009830,한화솔루션
180,석유화학,011170,롯데케미칼
180,석유화학,011780,금호석유화학
180,석유화학,011790,SKC
180,석유화학,025000,KPX케미칼
180,석유화학,051910,LG화학
180,석유화학,083420,그린케미칼
180,석유화학,096770,SK이노베이션
180,석유화학,102260,동성케미컬
180,석유화학,104480,티케이케미칼
180,석유화학,120110,코오롱인더
180,석유화학,145990,삼양사
180,석유화학,161000,애경케미칼
180,석유화학,285130,SK케미칼
180,석유화학,298000,효성화학
323,셰일가스(Shale Gas),002360,SH에너지화학
323,셰일가스(Shale Gas),015760,한국전력
323,셰일가스(Shale Gas),017940,E1
323,셰일가스(Shale Gas),017960,한국카본
323,셰일가스(Shale Gas),018670,SK가스
323,셰일가스(Shale Gas),034020,두산에너빌리티
323,셰일가스(Shale Gas),036460,한국가스공사
323,셰일가스(Shale Gas),047050,포스코인터내셔널
323,셰일가스(Shale Gas),083650,비에이치아이
323,셰일가스(Shale Gas),100840,SNT에너지
323,셰일가스(Shale Gas),101170,우림피티에스
136,소매유통,004170,신세계
136,소매유통,006370,대구백화점
136,소매유통,007070,GS리테일
136,소매유통,008770,호텔신라
136,소매유통,023530,롯데쇼핑
136,소매유통,035080,그래디언트
136,소매유통,035760,CJ ENM
136,소매유통,037710,광주신세계
136,소매유통,051160,지어소프트
136,소매유통,067830,세이브존I&C
136,소매유통,069920,엑시온그룹
136,소매유통,069960,현대백화점
136,소매유통,071840,롯데하이마트
136,소매유통,139480,이마트
136,소매유통,282330,BGF리테일
136,소매유통,342870,오아
136,소매유통,362320,청담글로벌
136,소매유통,415380,스튜디오삼익
136,소매유통,452260,한화갤러리아
599,소캠(SOCAMM),000660,SK하이닉스
599,소캠(SOCAMM),005930,삼성전자
599,소캠(SOCAMM),007810,코리아써키트
599,소캠(SOCAMM),033160,엠케이전자
599,소캠(SOCAMM),095340,ISC
599,소캠(SOCAMM),168360,펨트론
599,소캠(SOCAMM),222800,심텍
599,소캠(SOCAMM),309960,LB인베스트먼트
599,소캠(SOCAMM),353200,대덕전자
599,소캠(SOCAMM),356860,티엘비
599,소캠(SOCAMM),425420,티에프이
164,손해보험,000370,한화손해보험
164,손해보험,000400,롯데손해보험
164,손해보험,000540,흥국화재
164,손해보험,000810,삼성화재
164,손해보험,001450,현대해상
164,손해보험,003690,코리안리
164,손해보험,005830,DB손해보험
164,손해보험,031210,서울보증보험
90,수산,003680,한성기업
90,수산,003960,사조대림
90,수산,004970,신라교역
90,수산,006040,동원산업
90,수산,006090,사조오양
90,수산,007160,사조산업
90,수산,011150,CJ씨푸드
90,수산,014710,사조씨푸드
90,수산,025870,신라에스지
90,수산,030720,동원수산
386,수소에너지(수소차/연료전지 등),000270,기아
386,수소에너지(수소차/연료전지 등),000430,대원강업
386,수소에너지(수소차/연료전지 등),004020,현대제철
386,수소에너지(수소차/연료전지 등),005380,현대차
386,수소에너지(수소차/연료전지 등),009320,아진전자부품
386,수소에너지(수소차/연료전지 등),009680,모토닉
386,수소에너지(수소차/연료전지 등),009830,한화솔루션
386,수소에너지(수소차/연료전지 등),010120,LS ELECTRIC
386,수소에너지(수소차/연료전지 등),010770,평화홀딩스
386,수소에너지(수소차/연료전지 등),011230,삼화전자
386,수소에너지(수소차/연료전지 등),011320,유니크
386,수소에너지(수소차/연료전지 등),012340,뉴인텍
386,수소에너지(수소차/연료전지 등),013310,아진산업
386,수소에너지(수소차/연료전지 등),013570,디와이
386,수소에너지(수소차/연료전지 등),013870,지엠비코리아
386,수소에너지(수소차/연료전지 등),018880,한온시스템
386,수소에너지(수소차/연료전지 등),019180,티에이치엔
386,수소에너지(수소차/연료전지 등),019540,일지테크
386,수소에너지(수소차/연료전지 등),023800,인지컨트롤스
386,수소에너지(수소차/연료전지 등),023900,풍국주정
386,수소에너지(수소차/연료전지 등),025320,시노펙스
386,수소에너지(수소차/연료전지 등),033290,로젠
386,수소에너지(수소차/연료전지 등),033530,SJG세종
386,수소에너지(수소차/연료전지 등),034730,SK
386,수소에너지(수소차/연료전지 등),036890,진성티이씨
386,수소에너지(수소차/연료전지 등),037370,EG
386,수소에너지(수소차/연료전지 등),038870,에코심플렉스
386,수소에너지(수소차/연료전지 등),038880,아이에이
386,수소에너지(수소차/연료전지 등),041930,SY동아
386,수소에너지(수소차/연료전지 등),053700,삼보모터스
386,수소에너지(수소차/연료전지 등),056190,SFA
386,수소에너지(수소차/연료전지 등),059090,미코
386,수소에너지(수소차/연료전지 등),064350,현대로템
386,수소에너지(수소차/연료전지 등),064960,SNT모티브
386,수소에너지(수소차/연료전지 등),066590,스모트로닉
386,수소에너지(수소차/연료전지 등),078130,국일제지
386,수소에너지(수소차/연료전지 등),080470,성창오토텍
386,수소에너지(수소차/연료전지 등),081000,일진다이아
386,수소에너지(수소차/연료전지 등),085310,엔케이
386,수소에너지(수소차/연료전지 등),086670,비엠티
386,수소에너지(수소차/연료전지 등),089980,상아프론테크
386,수소에너지(수소차/연료전지 등),090080,평화산업
386,수소에너지(수소차/연료전지 등),092780,DYP
386,수소에너지(수소차/연료전지 등),095910,에스에너지
386,수소에너지(수소차/연료전지 등),096350,대창솔루션
386,수소에너지(수소차/연료전지 등),096630,에스코넥
386,수소에너지(수소차/연료전지 등),104830,원익머트리얼즈
386,수소에너지(수소차/연료전지 등),105740,디케이락
386,수소에너지(수소차/연료전지 등),110990,디아이티
386,수소에너지(수소차/연료전지 등),120110,코오롱인더
386,수소에너지(수소차/연료전지 등),122350,삼기
386,수소에너지(수소차/연료전지 등),126340,비나텍
386,수소에너지(수소차/연료전지 등),126880,제이엔케이글로벌
386,수소에너지(수소차/연료전지 등),136150,원일티엔아이
386,수소에너지(수소차/연료전지 등),145990,삼양사
386,수소에너지(수소차/연료전지 등),170920,엘티씨
386,수소에너지(수소차/연료전지 등),212710,아이에스티이
386,수소에너지(수소차/연료전지 등),215360,우리산업
386,수소에너지(수소차/연료전지 등),234100,폴라리스세원
386,수소에너지(수소차/연료전지 등),265560,영화테크
386,수소에너지(수소차/연료전지 등),271940,일진하이솔루스
386,수소에너지(수소차/연료전지 등),288620,에스프리즘
386,수소에너지(수소차/연료전지 등),290520,신도기연
386,수소에너지(수소차/연료전지 등),298000,효성화학
386,수소에너지(수소차/연료전지 등),298040,효성중공업
386,수소에너지(수소차/연료전지 등),298050,HS효성첨단소재
386,수소에너지(수소차/연료전지 등),336260,두산퓨얼셀
386,수소에너지(수소차/연료전지 등),361670,삼영에스앤씨
386,수소에너지(수소차/연료전지 등),377330,이지트로닉스
386,수소에너지(수소차/연료전지 등),382480,지아이텍
386,수소에너지(수소차/연료전지 등),382900,범한퓨얼셀
184,수자원(양적/질적 개선),000970,한국주철관
184,수자원(양적/질적 개선),001390,KG케미칼
184,수자원(양적/질적 개선),002150,도화엔지니어링
184,수자원(양적/질적 개선),002990,금호건설
184,수자원(양적/질적 개선),003070,코오롱글로벌
184,수자원(양적/질적 개선),006360,GS건설
184,수자원(양적/질적 개선),008970,KBI동양철관
184,수자원(양적/질적 개선),009410,태영건설
184,수자원(양적/질적 개선),019990,에너토크
184,수자원(양적/질적 개선),021240,코웨이
184,수자원(양적/질적 개선),022220,티케이지애강
184,수자원(양적/질적 개선),023350,한국종합기술
184,수자원(양적/질적 개선),025320,시노펙스
184,수자원(양적/질적 개선),028050,삼성E&A
184,수자원(양적/질적 개선),032820,우리기술
184,수자원(양적/질적 개선),034020,두산에너빌리티
184,수자원(양적/질적 개선),043910,자연과환경
184,수자원(양적/질적 개선),047040,대우건설
184,수자원(양적/질적 개선),054220,비츠로시스
184,수자원(양적/질적 개선),054930,유신
184,수자원(양적/질적 개선),060260,뉴보텍
184,수자원(양적/질적 개선),071090,하이스틸
184,수자원(양적/질적 개선),076080,웰크론한텍
184,수자원(양적/질적 개선),079000,와토스코리아
184,수자원(양적/질적 개선),083660,CSA 코스믹
184,수자원(양적/질적 개선),102940,코오롱생명과학
184,수자원(양적/질적 개선),317870,엔바이오니아
229,스마트그리드(지능형전력망),001820,삼화콘덴서
229,스마트그리드(지능형전력망),002230,피에스텍
229,스마트그리드(지능형전력망),006490,프리티
229,스마트그리드(지능형전력망),010120,LS ELECTRIC
229,스마트그리드(지능형전력망),015710,코콤
229,스마트그리드(지능형전력망),015860,일진홀딩스
229,스마트그리드(지능형전력망),022100,포스코DX
229,스마트그리드(지능형전력망),040160,누리플렉스
229,스마트그리드(지능형전력망),052860,아이앤씨
229,스마트그리드(지능형전력망),054220,비츠로시스
229,스마트그리드(지능형전력망),057540,옴니시스템
229,스마트그리드(지능형전력망),065770,CS
229,스마트그리드(지능형전력망),082920,비츠로셀
229,스마트그리드(지능형전력망),099440,스맥
229,스마트그리드(지능형전력망),103590,일진전기
229,스마트그리드(지능형전력망),125210,아모그린텍
229,스마트그리드(지능형전력망),130660,한전산업
229,스마트그리드(지능형전력망),189860,서전기전
229,스마트그리드(지능형전력망),237750,피앤씨테크
229,스마트그리드(지능형전력망),388050,지투파워
332,스마트카(SMART CAR),000990,DB하이텍
332,스마트카(SMART CAR),011070,LG이노텍
332,스마트카(SMART CAR),012330,현대모비스
332,스마트카(SMART CAR),038880,아이에이
332,스마트카(SMART CAR),039290,인포뱅크
332,스마트카(SMART CAR),053450,세코닉스
332,스마트카(SMART CAR),086960,MDS테크
332,스마트카(SMART CAR),089850,유비벨록스
332,스마트카(SMART CAR),097520,엠씨넥스
332,스마트카(SMART CAR),118990,모트렉스
332,스마트카(SMART CAR),204320,HL만도
332,스마트카(SMART CAR),352910,오비고
392,스마트팩토리(스마트공장),003550,LG
392,스마트팩토리(스마트공장),004380,삼익THK
392,스마트팩토리(스마트공장),007820,엠엑스로보틱스
392,스마트팩토리(스마트공장),010120,LS ELECTRIC
392,스마트팩토리(스마트공장),011700,한신기계
392,스마트팩토리(스마트공장),018260,삼성에스디에스
392,스마트팩토리(스마트공장),022100,포스코DX
392,스마트팩토리(스마트공장),034730,SK
392,스마트팩토리(스마트공장),048770,TPC로보틱스
392,스마트팩토리(스마트공장),049480,오픈베이스
392,스마트팩토리(스마트공장),056190,SFA
392,스마트팩토리(스마트공장),059120,아진엑스텍
392,스마트팩토리(스마트공장),064400,LG씨엔에스
392,스마트팩토리(스마트공장),075970,동국알앤에스
392,스마트팩토리(스마트공장),086670,비엠티
392,스마트팩토리(스마트공장),086960,MDS테크
392,스마트팩토리(스마트공장),090710,휴림로봇
392,스마트팩토리(스마트공장),094280,효성ITX
392,스마트팩토리(스마트공장),098460,고영
392,스마트팩토리(스마트공장),099440,스맥
392,스마트팩토리(스마트공장),108230,톱텍
392,스마트팩토리(스마트공장),140670,알에스오토메이션
392,스마트팩토리(스마트공장),219420,링크제니시스
392,스마트팩토리(스마트공장),232680,라온로보틱스
392,스마트팩토리(스마트공장),271830,팸텍
392,스마트팩토리(스마트공장),282880,코윈테크
392,스마트팩토리(스마트공장),290090,트윔
392,스마트팩토리(스마트공장),317830,에스피시스템스
392,스마트팩토리(스마트공장),319400,현대무벡스
392,스마트팩토리(스마트공장),322180,LS티라유텍
392,스마트팩토리(스마트공장),347890,엠엑스온
392,스마트팩토리(스마트공장),351330,이삭엔지니어링
392,스마트팩토리(스마트공장),373170,엠아이큐브솔루션
392,스마트팩토리(스마트공장),381620,제닉스로보틱스
392,스마트팩토리(스마트공장),388720,유일로보틱스
392,스마트팩토리(스마트공장),391710,코닉오토메이션
392,스마트팩토리(스마트공장),452450,피아이이
392,스마트팩토리(스마트공장),484810,티엑스알로보틱스
279,스마트폰,005930,삼성전자
279,스마트폰,006400,삼성SDI
279,스마트폰,011070,LG이노텍
279,스마트폰,025320,시노펙스
279,스마트폰,032580,피델릭스
279,스마트폰,033240,자화전자
279,스마트폰,034220,LG디스플레이
279,스마트폰,036010,아비코전자
279,스마트폰,043590,웰킵스하이텍
279,스마트폰,047310,파워로직스
279,스마트폰,049070,인탑스
279,스마트폰,049080,기가레인
279,스마트폰,049520,유아이엘
279,스마트폰,050110,캠시스
279,스마트폰,051360,토비스
279,스마트폰,051370,인터플렉스
279,스마트폰,052710,아모텍
279,스마트폰,052860,아이앤씨
279,스마트폰,054040,한국컴퓨터
279,스마트폰,055490,테이팩스
279,스마트폰,056700,신화인터텍
279,스마트폰,059120,아진엑스텍
279,스마트폰,060720,KH바텍
279,스마트폰,061040,알에프텍
279,스마트폰,064520,테크엘
279,스마트폰,066670,디티씨
279,스마트폰,069330,유아이디
279,스마트폰,073110,엘엠에스
279,스마트폰,076610,해성옵틱스
279,스마트폰,079190,케스피온
279,스마트폰,080420,모다이노칩
279,스마트폰,081580,성우전자
279,스마트폰,089010,켐트로닉스
279,스마트폰,091120,이엠텍
279,스마트폰,091700,파트론
279,스마트폰,094170,동운아나텍
279,스마트폰,096870,엘디티
279,스마트폰,101330,모베이스
279,스마트폰,115610,이미지스
279,스마트폰,125210,아모그린텍
279,스마트폰,126700,하이비젼시스템
279,스마트폰,148150,세경하이테크
279,스마트폰,154040,다산솔루에타
279,스마트폰,178320,서진시스템
279,스마트폰,179900,유티아이
279,스마트폰,190510,나무가
279,스마트폰,191410,육일씨엔에쓰
279,스마트폰,192440,슈피겐코리아
279,스마트폰,192650,드림텍
279,스마트폰,193250,링크드
279,스마트폰,198080,캐프
279,스마트폰,204270,제이앤티씨
279,스마트폰,213420,덕산네오룩스
279,스마트폰,285490,노바텍
279,스마트폰,290550,디케이티
279,스마트폰,290740,액트로
279,스마트폰,294140,레몬
279,스마트폰,332570,PS일렉트로닉스
279,스마트폰,353200,대덕전자
279,스마트폰,373200,엑스플러스
279,스마트폰,376290,씨유테크
279,스마트폰,459550,알트
104,스마트홈(홈네트워크),002230,피에스텍
104,스마트홈(홈네트워크),005930,삼성전자
104,스마트홈(홈네트워크),009450,경동나비엔
104,스마트홈(홈네트워크),012750,에스원
104,스마트홈(홈네트워크),015710,코콤
104,스마트홈(홈네트워크),017670,SK텔레콤
104,스마트홈(홈네트워크),022100,포스코DX
104,스마트홈(홈네트워크),030200,KT
104,스마트홈(홈네트워크),032640,LG유플러스
104,스마트홈(홈네트워크),032790,엠젠솔루션
104,스마트홈(홈네트워크),038680,에스넷
104,스마트홈(홈네트워크),039010,현대에이치티
104,스마트홈(홈네트워크),039570,HDC랩스
104,스마트홈(홈네트워크),040160,누리플렉스
104,스마트홈(홈네트워크),044340,위닉스
104,스마트홈(홈네트워크),057540,옴니시스템
104,스마트홈(홈네트워크),065770,CS
104,스마트홈(홈네트워크),066570,LG전자
104,스마트홈(홈네트워크),079430,현대리바트
104,스마트홈(홈네트워크),091440,한울소재과학
104,스마트홈(홈네트워크),199820,제일일렉트릭
104,스마트홈(홈네트워크),317400,자이에스앤디
104,스마트홈(홈네트워크),479960,위너스일렉
582,스테이블코인,035420,NAVER
582,스테이블코인,035600,KG이니시스
582,스테이블코인,042510,라온시큐어
582,스테이블코인,046440,KG파이낸셜
582,스테이블코인,053300,한국정보인증
582,스테이블코인,054920,한컴위드
582,스테이블코인,060250,NHN KCP
582,스테이블코인,064260,다날
582,스테이블코인,064400,LG씨엔에스
582,스테이블코인,112040,위메이드
582,스테이블코인,124500,아이티센글로벌
582,스테이블코인,158430,아톤
582,스테이블코인,163730,핑거
582,스테이블코인,199480,뱅크웨어글로벌
582,스테이블코인,201490,미투온
582,스테이블코인,203650,드림시큐리티
582,스테이블코인,205500,넥써쓰
582,스테이블코인,214180,헥토이노베이션
582,스테이블코인,223310,사토시홀딩스
582,스테이블코인,232830,아이티센피엔에스
582,스테이블코인,234340,헥토파이낸셜
582,스테이블코인,294570,쿠콘
582,스테이블코인,308100,형지글로벌
582,스테이블코인,377300,카카오페이
582,스테이블코인,462860,더즌
584,스페이스X(SpaceX),001430,세아베스틸지주
584,스페이스X(SpaceX),006800,미래에셋증권
584,스페이스X(SpaceX),027360,아주IB투자
584,스페이스X(SpaceX),042700,한미반도체
584,스페이스X(SpaceX),100790,미래에셋벤처투자
584,스페이스X(SpaceX),209640,와이제이링크
584,스페이스X(SpaceX),272290,이녹스첨단소재
584,스페이스X(SpaceX),274090,켄코아에어로스페이스
584,스페이스X(SpaceX),295310,에이치브이엠
584,스페이스X(SpaceX),321370,센서뷰
584,스페이스X(SpaceX),347700,스피어
584,스페이스X(SpaceX),373220,LG에너지솔루션
584,스페이스X(SpaceX),417010,나노팀
584,스페이스X(SpaceX),417970,모델솔루션
290,"스포츠행사 수혜(올림픽, 월드컵 등)",000080,하이트진로
290,"스포츠행사 수혜(올림픽, 월드컵 등)",000140,하이트진로홀딩스
290,"스포츠행사 수혜(올림픽, 월드컵 등)",027710,팜스토리
290,"스포츠행사 수혜(올림픽, 월드컵 등)",027740,마니커
290,"스포츠행사 수혜(올림픽, 월드컵 등)",034120,SBS
290,"스포츠행사 수혜(올림픽, 월드컵 등)",035810,이지홀딩스
290,"스포츠행사 수혜(올림픽, 월드컵 등)",065150,대산F&B
290,"스포츠행사 수혜(올림픽, 월드컵 등)",067160,SOOP
290,"스포츠행사 수혜(올림픽, 월드컵 등)",088910,동우팜투테이블
290,"스포츠행사 수혜(올림픽, 월드컵 등)",136480,하림
44,시멘트/레미콘,000910,유니온
44,시멘트/레미콘,001520,동양
44,시멘트/레미콘,004980,성신양회
44,시멘트/레미콘,006920,모헨즈
44,시멘트/레미콘,011390,부산산업
44,시멘트/레미콘,023410,유진기업
44,시멘트/레미콘,037760,쎄니트
44,시멘트/레미콘,038500,삼표시멘트
44,시멘트/레미콘,060560,HC홈센타
44,시멘트/레미콘,079650,서산
44,시멘트/레미콘,183190,아세아시멘트
44,시멘트/레미콘,198440,강동씨앤엘
44,시멘트/레미콘,225530,HC보광산업
44,시멘트/레미콘,255220,SG
44,시멘트/레미콘,300720,한일시멘트
307,시스템반도체,000660,SK하이닉스
307,시스템반도체,000990,DB하이텍
307,시스템반도체,003160,디아이
307,시스템반도체,004710,한솔테크닉스
307,시스템반도체,005930,삼성전자
307,시스템반도체,033170,시그네틱스
307,시스템반도체,033640,네패스
307,시스템반도체,036540,SFA반도체
307,시스템반도체,038880,아이에이
307,시스템반도체,042700,한미반도체
307,시스템반도체,045970,코아시아
307,시스템반도체,052860,아이앤씨
307,시스템반도체,054450,텔레칩스
307,시스템반도체,058470,리노공업
307,시스템반도체,059120,아진엑스텍
307,시스템반도체,061970,LB세미콘
307,시스템반도체,067310,하나마이크론
307,시스템반도체,080520,오디텍
307,시스템반도체,089030,테크윙
307,시스템반도체,092600,앤씨앤
307,시스템반도체,093520,매커스
307,시스템반도체,093640,케이알엠
307,시스템반도체,094170,동운아나텍
307,시스템반도체,094360,칩스앤미디어
307,시스템반도체,097800,윈팩
307,시스템반도체,098460,고영
307,시스템반도체,101490,에스앤에스텍
307,시스템반도체,102120,어보브반도체
307,시스템반도체,108320,LX세미콘
307,시스템반도체,115610,이미지스
307,시스템반도체,117670,알파칩스
307,시스템반도체,119830,아이텍
307,시스템반도체,123860,아나패스
307,시스템반도체,131970,두산테스나
307,시스템반도체,172670,에이엘티
307,시스템반도체,200710,에이디테크놀로지
307,시스템반도체,220260,켐트로스
307,시스템반도체,226590,엠디바이스
307,시스템반도체,234030,싸이닉솔루션
307,시스템반도체,254490,미래반도체
307,시스템반도체,303030,지니틱스
307,시스템반도체,317120,라닉스
307,시스템반도체,319660,피에스케이
307,시스템반도체,330860,네패스아크
307,시스템반도체,389020,자람테크놀로지
307,시스템반도체,394280,오픈엣지테크놀로지
307,시스템반도체,396270,넥스트칩
307,시스템반도체,399720,가온칩스
307,시스템반도체,405100,큐알티
307,시스템반도체,429270,시지트로닉스
307,시스템반도체,432720,퀄리타스반도체
307,시스템반도체,440110,파두
307,시스템반도체,445090,에이직랜드
307,시스템반도체,452430,사피엔반도체
307,시스템반도체,456010,아이씨티케이
307,시스템반도체,464500,아이언디바이스
307,시스템반도체,490470,세미파이브
402,아스콘(아스팔트 콘크리트),004090,한국석유
402,아스콘(아스팔트 콘크리트),013810,스페코
402,아스콘(아스팔트 콘크리트),014530,극동유화
402,아스콘(아스팔트 콘크리트),023410,유진기업
402,아스콘(아스팔트 콘크리트),031820,아이티센씨티에스
402,아스콘(아스팔트 콘크리트),048830,엔피케이
402,아스콘(아스팔트 콘크리트),060560,HC홈센타
402,아스콘(아스팔트 콘크리트),225530,HC보광산업
402,아스콘(아스팔트 콘크리트),255220,SG
388,아이폰,000660,SK하이닉스
388,아이폰,000670,영풍
388,아이폰,005930,삼성전자
388,아이폰,006400,삼성SDI
388,아이폰,009150,삼성전기
388,아이폰,011070,LG이노텍
388,아이폰,034220,LG디스플레이
388,아이폰,051370,인터플렉스
388,아이폰,051910,LG화학
388,아이폰,053610,프로텍
388,아이폰,084850,아이티엠반도체
388,아이폰,090460,비에이치
388,아이폰,108320,LX세미콘
388,아이폰,126700,하이비젼시스템
388,아이폰,192440,슈피겐코리아
388,아이폰,213420,덕산네오룩스
388,아이폰,238090,앤디포스
388,아이폰,251370,와이엠티
388,아이폰,263600,덕우전자
388,아이폰,272290,이녹스첨단소재
417,아프리카 돼지열병(ASF),005860,한일사료
417,아프리카 돼지열병(ASF),006980,우성
417,아프리카 돼지열병(ASF),014580,태경비케이
417,아프리카 돼지열병(ASF),018620,우진비앤지
417,아프리카 돼지열병(ASF),025870,신라에스지
417,아프리카 돼지열병(ASF),027710,팜스토리
417,아프리카 돼지열병(ASF),027740,마니커
417,아프리카 돼지열병(ASF),033250,체시스
417,아프리카 돼지열병(ASF),035810,이지홀딩스
417,아프리카 돼지열병(ASF),036480,대성미생물
417,아프리카 돼지열병(ASF),036580,팜스코
417,아프리카 돼지열병(ASF),041960,코미팜
417,아프리카 돼지열병(ASF),043200,파루
417,아프리카 돼지열병(ASF),044960,이글벳
417,아프리카 돼지열병(ASF),054670,대한뉴팜
417,아프리카 돼지열병(ASF),060590,씨티씨바이오
417,아프리카 돼지열병(ASF),072020,중앙백신
417,아프리카 돼지열병(ASF),073560,우리손에프앤지
417,아프리카 돼지열병(ASF),086060,진바이오텍
417,아프리카 돼지열병(ASF),088910,동우팜투테이블
417,아프리카 돼지열병(ASF),110020,전진바이오팜
417,아프리카 돼지열병(ASF),136480,하림
417,아프리카 돼지열병(ASF),136490,선진
417,아프리카 돼지열병(ASF),153710,옵티팜
417,아프리카 돼지열병(ASF),188260,세니젠
417,아프리카 돼지열병(ASF),198440,강동씨앤엘
417,아프리카 돼지열병(ASF),208140,정다운
417,아프리카 돼지열병(ASF),218150,미래생명자원
417,아프리카 돼지열병(ASF),331920,셀레믹스
417,아프리카 돼지열병(ASF),353810,이지바이오
417,아프리카 돼지열병(ASF),900340,윙입푸드
521,애플페이,025770,한국정보통신
521,애플페이,034310,NICE
521,애플페이,035600,KG이니시스
521,애플페이,036800,나이스정보통신
521,애플페이,046440,KG파이낸셜
521,애플페이,060250,NHN KCP
521,애플페이,065440,이루온
521,애플페이,373200,엑스플러스
483,야놀자(Yanolja),003530,한화투자증권
483,야놀자(Yanolja),019550,SBI인베스트먼트
483,야놀자(Yanolja),027360,아주IB투자
483,야놀자(Yanolja),035080,그래디언트
483,야놀자(Yanolja),088350,한화생명
426,양자암호/양자컴퓨팅,009580,무림P&P
426,양자암호/양자컴퓨팅,017670,SK텔레콤
426,양자암호/양자컴퓨팅,030200,KT
426,양자암호/양자컴퓨팅,032640,LG유플러스
426,양자암호/양자컴퓨팅,042510,라온시큐어
426,양자암호/양자컴퓨팅,046970,우리로
426,양자암호/양자컴퓨팅,050890,쏠리드
426,양자암호/양자컴퓨팅,053300,한국정보인증
426,양자암호/양자컴퓨팅,054920,한컴위드
426,양자암호/양자컴퓨팅,056360,코위버
426,양자암호/양자컴퓨팅,062970,한국첨단소재
426,양자암호/양자컴퓨팅,066310,큐에스아이
426,양자암호/양자컴퓨팅,091440,한울소재과학
426,양자암호/양자컴퓨팅,115440,우리넷
426,양자암호/양자컴퓨팅,115500,케이씨에스
426,양자암호/양자컴퓨팅,123010,MSDI
426,양자암호/양자컴퓨팅,131760,파인텍
426,양자암호/양자컴퓨팅,158430,아톤
426,양자암호/양자컴퓨팅,172670,에이엘티
426,양자암호/양자컴퓨팅,203650,드림시큐리티
426,양자암호/양자컴퓨팅,208710,포톤
426,양자암호/양자컴퓨팅,223310,사토시홀딩스
426,양자암호/양자컴퓨팅,232830,아이티센피엔에스
426,양자암호/양자컴퓨팅,317120,라닉스
426,양자암호/양자컴퓨팅,356680,엑스게이트
426,양자암호/양자컴퓨팅,456010,아이씨티케이
316,엔젤산업,002450,삼익악기
316,엔젤산업,003920,남양유업
316,엔젤산업,005360,모나미
316,엔젤산업,013990,아가방컴퍼니
316,엔젤산업,014100,메디앙스
316,엔젤산업,019680,대교
316,엔젤산업,036000,예림당
316,엔젤산업,039830,오로라
316,엔젤산업,040420,정상제이엘에스
316,엔젤산업,048910,대원미디어
316,엔젤산업,066910,손오공
316,엔젤산업,068290,삼성출판사
316,엔젤산업,092730,네오팜
316,엔젤산업,095720,웅진씽크빅
316,엔젤산업,159580,제로투세븐
316,엔젤산업,215480,토박스코리아
316,엔젤산업,267980,매일유업
316,엔젤산업,317530,에피소드컴퍼니
316,엔젤산업,403850,더핑크퐁컴퍼니
316,엔젤산업,407400,꿈비
316,엔젤산업,419530,SAMG엔터
316,엔젤산업,435570,에르코스
316,엔젤산업,462310,뉴키즈온
316,엔젤산업,487580,폴레드
316,엔젤산업,900270,헝셩그룹
316,엔젤산업,900300,오가닉티코스메틱
128,엔터테인먼트,012170,아센디오
128,엔터테인먼트,032540,TJ미디어
128,엔터테인먼트,032800,판타지오
128,엔터테인먼트,035720,카카오
128,엔터테인먼트,035760,CJ ENM
128,엔터테인먼트,035900,JYP Ent.
128,엔터테인먼트,036420,콘텐트리중앙
128,엔터테인먼트,041510,에스엠
128,엔터테인먼트,043610,KT지니뮤직
128,엔터테인먼트,044480,빌리언스
128,엔터테인먼트,046390,삼화네트웍스
128,엔터테인먼트,047820,초록뱀미디어
128,엔터테인먼트,048550,SM C&C
128,엔터테인먼트,051780,큐로홀딩스
128,엔터테인먼트,054780,키이스트
128,엔터테인먼트,068050,팬엔터테인먼트
128,엔터테인먼트,078860,아이오케이이엔엠
128,엔터테인먼트,122870,와이지엔터테인먼트
128,엔터테인먼트,131100,티엔엔터테인먼트
128,엔터테인먼트,160550,NEW
128,엔터테인먼트,173940,에프엔씨엔터
128,엔터테인먼트,182360,큐브엔터
128,엔터테인먼트,200350,아티스트스튜디오
128,엔터테인먼트,253450,스튜디오드래곤
128,엔터테인먼트,352820,하이브
128,엔터테인먼트,361570,알비더블유
128,엔터테인먼트,369370,블리츠웨이엔터테인먼트
128,엔터테인먼트,376300,디어유
128,엔터테인먼트,458350,에스팀
128,엔터테인먼트,473980,노머스
128,엔터테인먼트,950190,고스트스튜디오
76,여름,000080,하이트진로
76,여름,000890,보해양조
76,여름,001530,DI동일
76,여름,001550,조비
76,여름,002700,신일전자
76,여름,005180,빙그레
76,여름,005300,롯데칠성
76,여름,006890,태경케미컬
76,여름,021240,코웨이
76,여름,025860,남해화학
76,여름,027710,팜스토리
76,여름,027740,마니커
76,여름,035810,이지홀딩스
76,여름,037070,파세코
76,여름,042110,에스씨디
76,여름,043340,에쎈테크
76,여름,044340,위닉스
76,여름,051900,LG생활건강
76,여름,060310,3S
76,여름,067170,오텍
76,여름,071840,롯데하이마트
76,여름,088910,동우팜투테이블
76,여름,093370,후성
76,여름,136480,하림
76,여름,267790,배럴
76,여름,276730,한울앤제주
76,여름,280360,롯데웰푸드
76,여름,284740,쿠쿠홈시스
147,여행,032350,롯데관광개발
147,여행,035080,그래디언트
147,여행,038390,레드캡투어
147,여행,039130,하나투어
147,여행,039310,세중
147,여행,048550,SM C&C
147,여행,080160,모두투어
147,여행,094850,참좋은여행
147,여행,104620,노랑풍선
127,영상콘텐츠,018700,졸스
127,영상콘텐츠,034120,SBS
127,영상콘텐츠,035620,바른손이앤에이
127,영상콘텐츠,035760,CJ ENM
127,영상콘텐츠,035900,JYP Ent.
127,영상콘텐츠,036420,콘텐트리중앙
127,영상콘텐츠,046390,삼화네트웍스
127,영상콘텐츠,047820,초록뱀미디어
127,영상콘텐츠,048550,SM C&C
127,영상콘텐츠,048910,대원미디어
127,영상콘텐츠,051780,큐로홀딩스
127,영상콘텐츠,054780,키이스트
127,영상콘텐츠,068050,팬엔터테인먼트
127,영상콘텐츠,086980,쇼박스
127,영상콘텐츠,122450,KX
127,영상콘텐츠,160550,NEW
127,영상콘텐츠,173940,에프엔씨엔터
127,영상콘텐츠,200350,아티스트스튜디오
127,영상콘텐츠,206560,덱스터
127,영상콘텐츠,210120,캔버스엔
127,영상콘텐츠,241840,에이스토리
127,영상콘텐츠,253450,스튜디오드래곤
127,영상콘텐츠,289220,자이언트스텝
127,영상콘텐츠,310200,애니플러스
127,영상콘텐츠,317530,에피소드컴퍼니
127,영상콘텐츠,322780,코퍼스코리아
127,영상콘텐츠,389140,포바이포
127,영상콘텐츠,403850,더핑크퐁컴퍼니
127,영상콘텐츠,408900,스튜디오미르
127,영상콘텐츠,419530,SAMG엔터
127,영상콘텐츠,432430,와이랩
127,영상콘텐츠,458350,에스팀
127,영상콘텐츠,476080,M83
127,영상콘텐츠,950190,고스트스튜디오
48,영화,012170,아센디오
48,영화,018700,졸스
48,영화,023530,롯데쇼핑
48,영화,035620,바른손이앤에이
48,영화,035760,CJ ENM
48,영화,036420,콘텐트리중앙
48,영화,037760,쎄니트
48,영화,079160,CJ CGV
48,영화,086980,쇼박스
48,영화,160550,NEW
48,영화,206560,덱스터
48,영화,389140,포바이포
597,오가노이드,001060,JW중외제약
597,오가노이드,068330,일신바이오
597,오가노이드,207940,삼성바이오로직스
597,오가노이드,217730,강스템바이오텍
597,오가노이드,223250,드림씨아이에스
597,오가노이드,246710,티앤알바이오팹
597,오가노이드,475960,토모큐브
597,오가노이드,476040,오가노이드사이언스
545,온디바이스 AI,000660,SK하이닉스
545,온디바이스 AI,005930,삼성전자
545,온디바이스 AI,009150,삼성전기
545,온디바이스 AI,033640,네패스
545,온디바이스 AI,054450,텔레칩스
545,온디바이스 AI,058470,리노공업
545,온디바이스 AI,077500,유니퀘스트
545,온디바이스 AI,080220,제주반도체
545,온디바이스 AI,094360,칩스앤미디어
545,온디바이스 AI,102120,어보브반도체
545,온디바이스 AI,200470,에이팩트
545,온디바이스 AI,200710,에이디테크놀로지
545,온디바이스 AI,222800,심텍
545,온디바이스 AI,323280,태성
545,온디바이스 AI,330860,네패스아크
545,온디바이스 AI,353200,대덕전자
545,온디바이스 AI,377480,마음AI
545,온디바이스 AI,394280,오픈엣지테크놀로지
545,온디바이스 AI,399720,가온칩스
545,온디바이스 AI,403870,HPSP
545,온디바이스 AI,405100,큐알티
545,온디바이스 AI,432720,퀄리타스반도체
545,온디바이스 AI,464500,아이언디바이스
545,온디바이스 AI,486990,노타
152,온실가스(탄소배출권)/탄소 포집·활용·저장(CCUS),004140,동방
152,온실가스(탄소배출권)/탄소 포집·활용·저장(CCUS),005090,SGC에너지
152,온실가스(탄소배출권)/탄소 포집·활용·저장(CCUS),008250,이건산업
152,온실가스(탄소배출권)/탄소 포집·활용·저장(CCUS),014830,유니드
152,온실가스(탄소배출권)/탄소 포집·활용·저장(CCUS),025750,한솔홈데코
152,온실가스(탄소배출권)/탄소 포집·활용·저장(CCUS),033530,SJG세종
152,온실가스(탄소배출권)/탄소 포집·활용·저장(CCUS),036170,에이치엠넥스
152,온실가스(탄소배출권)/탄소 포집·활용·저장(CCUS),038870,에코심플렉스
152,온실가스(탄소배출권)/탄소 포집·활용·저장(CCUS),059090,미코
152,온실가스(탄소배출권)/탄소 포집·활용·저장(CCUS),069260,TKG휴켐스
152,온실가스(탄소배출권)/탄소 포집·활용·저장(CCUS),083420,그린케미칼
152,온실가스(탄소배출권)/탄소 포집·활용·저장(CCUS),086520,에코프로
152,온실가스(탄소배출권)/탄소 포집·활용·저장(CCUS),093370,후성
152,온실가스(탄소배출권)/탄소 포집·활용·저장(CCUS),163280,에어레인
152,온실가스(탄소배출권)/탄소 포집·활용·저장(CCUS),220260,켐트로스
152,온실가스(탄소배출권)/탄소 포집·활용·저장(CCUS),383310,에코프로에이치엔
152,온실가스(탄소배출권)/탄소 포집·활용·저장(CCUS),448280,에코아이
504,요소수,000910,유니온
504,요소수,001390,KG케미칼
504,요소수,004000,롯데정밀화학
504,요소수,047400,유니온머티리얼
504,요소수,069260,TKG휴켐스
595,우주태양광(페로브스카이트 등),009830,한화솔루션
595,우주태양광(페로브스카이트 등),015760,한국전력
595,우주태양광(페로브스카이트 등),078600,대주전자재료
595,우주태양광(페로브스카이트 등),086390,유니테스트
595,우주태양광(페로브스카이트 등),171090,선익시스템
595,우주태양광(페로브스카이트 등),241770,메카로
595,우주태양광(페로브스카이트 등),255440,야스
595,우주태양광(페로브스카이트 등),322000,HD현대에너지솔루션
595,우주태양광(페로브스카이트 등),357550,석경에이티
595,우주태양광(페로브스카이트 등),489500,엘케이켐
200,우주항공산업(누리호/인공위성 등),000880,한화
200,우주항공산업(누리호/인공위성 등),001430,세아베스틸지주
200,우주항공산업(누리호/인공위성 등),003490,대한항공
200,우주항공산업(누리호/인공위성 등),007660,이수페타시스
200,우주항공산업(누리호/인공위성 등),010820,퍼스텍
200,우주항공산업(누리호/인공위성 등),012450,한화에어로스페이스
200,우주항공산업(누리호/인공위성 등),030520,한컴
200,우주항공산업(누리호/인공위성 등),042370,비츠로테크
200,우주항공산업(누리호/인공위성 등),044490,태웅
200,우주항공산업(누리호/인공위성 등),045100,한양이엔지
200,우주항공산업(누리호/인공위성 등),047810,한국항공우주
200,우주항공산업(누리호/인공위성 등),056190,SFA
200,우주항공산업(누리호/인공위성 등),064350,현대로템
200,우주항공산업(누리호/인공위성 등),077360,덕산하이메탈
200,우주항공산업(누리호/인공위성 등),079550,LIG디펜스앤에어로스페이스
200,우주항공산업(누리호/인공위성 등),089980,상아프론테크
200,우주항공산업(누리호/인공위성 등),099320,쎄트렉아이
200,우주항공산업(누리호/인공위성 등),189300,인텔리안테크
200,우주항공산업(누리호/인공위성 등),211270,AP위성
200,우주항공산업(누리호/인공위성 등),225190,LK삼양
200,우주항공산업(누리호/인공위성 등),272210,한화시스템
200,우주항공산업(누리호/인공위성 등),272290,이녹스첨단소재
200,우주항공산업(누리호/인공위성 등),274090,켄코아에어로스페이스
200,우주항공산업(누리호/인공위성 등),288180,케이피항공산업
200,우주항공산업(누리호/인공위성 등),294630,서남
200,우주항공산업(누리호/인공위성 등),295310,에이치브이엠
200,우주항공산업(누리호/인공위성 등),321370,센서뷰
200,우주항공산업(누리호/인공위성 등),347700,스피어
200,우주항공산업(누리호/인공위성 등),354320,알멕
200,우주항공산업(누리호/인공위성 등),361390,제노코
200,우주항공산업(누리호/인공위성 등),368770,파이버프로
200,우주항공산업(누리호/인공위성 등),451760,컨텍
200,우주항공산업(누리호/인공위성 등),462350,이노스페이스
200,우주항공산업(누리호/인공위성 등),474170,루미르
200,우주항공산업(누리호/인공위성 등),478340,나라스페이스테크놀로지
200,우주항공산업(누리호/인공위성 등),487400,케이앤에스아이앤씨
200,우주항공산업(누리호/인공위성 등),488900,비츠로넥스텍
149,원격진료/비대면진료(U-Healthcare),005250,녹십자홀딩스
149,원격진료/비대면진료(U-Healthcare),032620,GC메디아이
149,원격진료/비대면진료(U-Healthcare),032680,소프트센
149,원격진료/비대면진료(U-Healthcare),032850,비트컴퓨터
149,원격진료/비대면진료(U-Healthcare),033230,인성정보
149,원격진료/비대면진료(U-Healthcare),038290,마크로젠
149,원격진료/비대면진료(U-Healthcare),039860,나노엔텍
149,원격진료/비대면진료(U-Healthcare),041830,인바디
149,원격진료/비대면진료(U-Healthcare),071200,인피니트헬스케어
149,원격진료/비대면진료(U-Healthcare),078160,메디포스트
149,원격진료/비대면진료(U-Healthcare),085660,차바이오텍
149,원격진료/비대면진료(U-Healthcare),099750,이지케어텍
149,원격진료/비대면진료(U-Healthcare),100120,뷰웍스
149,원격진료/비대면진료(U-Healthcare),131370,알서포트
149,원격진료/비대면진료(U-Healthcare),263700,케어랩스
149,원격진료/비대면진료(U-Healthcare),290660,다이나믹솔루션
149,원격진료/비대면진료(U-Healthcare),322510,제이엘케이
149,원격진료/비대면진료(U-Healthcare),347700,스피어
149,원격진료/비대면진료(U-Healthcare),365660,레몬헬스케어
149,원격진료/비대면진료(U-Healthcare),393210,토마토시스템
149,원격진료/비대면진료(U-Healthcare),439580,블루엠텍
149,원격진료/비대면진료(U-Healthcare),458870,씨어스
205,원자력발전,000720,현대건설
205,원자력발전,001440,대한전선
205,원자력발전,006360,GS건설
205,원자력발전,006910,보성파워텍
205,원자력발전,007460,에이프로젠
205,원자력발전,010120,LS ELECTRIC
205,원자력발전,011700,한신기계
205,원자력발전,012210,삼미금속
205,원자력발전,013030,하이록코리아
205,원자력발전,014620,성광벤드
205,원자력발전,015760,한국전력
205,원자력발전,019990,에너토크
205,원자력발전,023160,태광
205,원자력발전,032820,우리기술
205,원자력발전,034020,두산에너빌리티
205,원자력발전,036190,금화피에스시
205,원자력발전,036640,HRS
205,원자력발전,038010,제일테크노스
205,원자력발전,040610,SG&G
205,원자력발전,044490,태웅
205,원자력발전,045100,한양이엔지
205,원자력발전,046120,오르비텍
205,원자력발전,047040,대우건설
205,원자력발전,051600,한전KPS
205,원자력발전,052690,한전기술
205,원자력발전,053690,한미글로벌
205,원자력발전,054540,삼영엠텍
205,원자력발전,081150,티플랙스
205,원자력발전,083650,비에이치아이
205,원자력발전,086670,비엠티
205,원자력발전,094820,일진파워
205,원자력발전,095190,신화프리텍
205,원자력발전,096350,대창솔루션
205,원자력발전,098070,한텍
205,원자력발전,100840,SNT에너지
205,원자력발전,103230,에스앤더블류
205,원자력발전,105740,디케이락
205,원자력발전,105840,우진
205,원자력발전,114190,강원에너지
205,원자력발전,126720,수산인더스트리
205,원자력발전,130660,한전산업
205,원자력발전,136150,원일티엔아이
205,원자력발전,140520,대창스틸
205,원자력발전,187220,디티앤씨
205,원자력발전,189860,서전기전
205,원자력발전,282720,금양그린파워
205,원자력발전,298040,효성중공업
205,원자력발전,375500,DL이앤씨
205,원자력발전,388050,지투파워
205,원자력발전,457550,우진엔텍
401,원자력발전소 해체,000720,현대건설
401,원자력발전소 해체,032820,우리기술
401,원자력발전소 해체,034020,두산에너빌리티
401,원자력발전소 해체,042370,비츠로테크
401,원자력발전소 해체,046120,오르비텍
401,원자력발전소 해체,051600,한전KPS
401,원자력발전소 해체,052690,한전기술
401,원자력발전소 해체,083650,비에이치아이
401,원자력발전소 해체,096350,대창솔루션
401,원자력발전소 해체,098070,한텍
401,원자력발전소 해체,103230,에스앤더블류
401,원자력발전소 해체,105840,우진
401,원자력발전소 해체,136150,원일티엔아이
401,원자력발전소 해체,199430,케이엔알시스템
401,원자력발전소 해체,348350,위드텍
488,웹툰,020120,키다리스튜디오
488,웹툰,035420,NAVER
488,웹툰,035720,카카오
488,웹툰,048910,대원미디어
488,웹툰,067000,조이시티
488,웹툰,084180,수성웹툰
488,웹툰,134580,탑코미디어
488,웹툰,181710,NHN
488,웹툰,201490,미투온
488,웹툰,207760,미스터블루
488,웹툰,236810,엔비티
488,웹툰,239340,이스트에이드
488,웹툰,263720,디앤씨미디어
488,웹툰,417180,핑거스토리
488,웹툰,432430,와이랩
557,유리 기판,009150,삼성전기
557,유리 기판,011790,SKC
557,유리 기판,040910,아이씨디
557,유리 기판,049950,미래컴퍼니
557,유리 기판,078150,HB테크놀러지
557,유리 기판,083500,에프엔에스테크
557,유리 기판,089010,켐트로닉스
557,유리 기판,112290,와이씨켐
557,유리 기판,161580,필옵틱스
557,유리 기판,171010,램테크놀러지
557,유리 기판,204270,제이앤티씨
557,유리 기판,251370,와이엠티
557,유리 기판,264660,씨앤지하이테크
557,유리 기판,267320,나인테크
557,유리 기판,302430,이노메트리
557,유리 기판,323280,태성
557,유리 기판,420770,기가비스
557,유리 기판,450330,하스
557,유리 기판,452190,한빛레이저
557,유리 기판,452450,피아이이
557,유리 기판,469750,아이비젼웍스
580,유심(USIM),057540,옴니시스템
580,유심(USIM),065440,이루온
580,유심(USIM),070300,퀀텀레일
580,유심(USIM),081580,성우전자
580,유심(USIM),089850,유비벨록스
376,유전자 치료제/분석,006280,녹십자
376,유전자 치료제/분석,038290,마크로젠
376,유전자 치료제/분석,046210,HLB파나진
376,유전자 치료제/분석,064550,바이오니아
376,유전자 치료제/분석,066700,테라젠이텍스
376,유전자 치료제/분석,083790,CG인바이츠
376,유전자 치료제/분석,084650,랩지노믹스
376,유전자 치료제/분석,084990,헬릭스미스
376,유전자 치료제/분석,092040,아미코젠
376,유전자 치료제/분석,095700,제넥신
376,유전자 치료제/분석,096530,씨젠
376,유전자 치료제/분석,102940,코오롱생명과학
376,유전자 치료제/분석,127120,제이에스링크
376,유전자 치료제/분석,137310,에스디바이오센서
376,유전자 치료제/분석,174900,앱클론
376,유전자 치료제/분석,187420,HLB제넥스
376,유전자 치료제/분석,199800,툴젠
376,유전자 치료제/분석,215600,신라젠
376,유전자 치료제/분석,225220,제놀루션
376,유전자 치료제/분석,226330,신테카바이오
376,유전자 치료제/분석,228760,지노믹트리
376,유전자 치료제/분석,229000,젠큐릭스
376,유전자 치료제/분석,308080,바이젠셀
376,유전자 치료제/분석,311690,CJ 바이오사이언스
376,유전자 치료제/분석,314130,지놈앤컴퍼니
376,유전자 치료제/분석,321550,티움바이오
376,유전자 치료제/분석,331920,셀레믹스
376,유전자 치료제/분석,340450,지씨지놈
376,유전자 치료제/분석,348150,고바이오랩
376,유전자 치료제/분석,354200,엔젠바이오
376,유전자 치료제/분석,363250,진시스템
376,유전자 치료제/분석,372320,큐로셀
376,유전자 치료제/분석,373110,엑셀세라퓨틱스
376,유전자 치료제/분석,389030,지니너스
376,유전자 치료제/분석,394800,쓰리빌리언
376,유전자 치료제/분석,456070,이엔셀
376,유전자 치료제/분석,461030,아이엠비디엑스
376,유전자 치료제/분석,476830,알지노믹스
376,유전자 치료제/분석,950130,엑세스바이오
376,유전자 치료제/분석,950200,소마젠
60,육계,027710,팜스토리
60,육계,027740,마니커
60,육계,035810,이지홀딩스
60,육계,066360,체리부로
60,육계,088910,동우팜투테이블
60,육계,136480,하림
60,육계,195500,마니커에프앤지
60,육계,290720,푸드나무
60,육계,339770,교촌에프앤비
527,윤활유,002960,한국쉘석유
527,윤활유,003650,미창석유
527,윤활유,010950,S-Oil
527,윤활유,014530,극동유화
527,윤활유,024060,흥구석유
527,윤활유,078930,GS
527,윤활유,096770,SK이노베이션
165,은행,006220,제주은행
165,은행,024110,기업은행
165,은행,055550,신한지주
165,은행,086790,하나금융지주
165,은행,105560,KB금융
165,은행,138930,BNK금융지주
165,은행,139130,iM금융지주
165,은행,175330,JB금융지주
165,은행,279570,케이뱅크
165,은행,316140,우리금융지주
165,은행,323410,카카오뱅크
302,음성인식,012330,현대모비스
302,음성인식,015710,코콤
302,음성인식,035420,NAVER
302,음성인식,035720,카카오
302,음성인식,038950,파인디지털
302,음성인식,039010,현대에이치티
302,음성인식,064480,브리지텍
302,음성인식,078890,가온그룹
302,음성인식,091700,파트론
302,음성인식,108860,셀바스AI
302,음성인식,279600,미디어젠
113,음식료업종,000080,하이트진로
113,음식료업종,000140,하이트진로홀딩스
113,음식료업종,001130,대한제분
113,음식료업종,001420,태원물산
113,음식료업종,001680,대상
113,음식료업종,001790,대한제당
113,음식료업종,002600,조흥
113,음식료업종,002680,한탑
113,음식료업종,003230,삼양식품
113,음식료업종,003920,남양유업
113,음식료업종,004370,농심
113,음식료업종,004410,서울식품
113,음식료업종,005180,빙그레
113,음식료업종,005300,롯데칠성
113,음식료업종,005610,삼립
113,음식료업종,005670,푸드웰
113,음식료업종,006880,신송홀딩스
113,음식료업종,007310,오뚜기
113,음식료업종,007390,네이처셀
113,음식료업종,008040,사조동아원
113,음식료업종,009780,엠에스씨
113,음식료업종,017810,풀무원
113,음식료업종,026960,동서
113,음식료업종,043650,국순당
113,음식료업종,051500,CJ프레시웨이
113,음식료업종,051900,LG생활건강
113,음식료업종,065150,대산F&B
113,음식료업종,097950,CJ제일제당
113,음식료업종,101530,해태제과식품
113,음식료업종,103840,우양
113,음식료업종,131100,티엔엔터테인먼트
113,음식료업종,145990,삼양사
113,음식료업종,188040,바이오포트
113,음식료업종,189980,흥국에프엔비
113,음식료업종,194700,노바렉스
113,음식료업종,195500,마니커에프앤지
113,음식료업종,195940,HK이노엔
113,음식료업종,208140,정다운
113,음식료업종,218150,미래생명자원
113,음식료업종,222040,코스맥스엔비티
113,음식료업종,222980,한국맥널티
113,음식료업종,238200,비피도
113,음식료업종,239610,에이치엘사이언스
113,음식료업종,248170,샘표식품
113,음식료업종,250000,보라티알
113,음식료업종,260970,에스앤디
113,음식료업종,264900,크라운제과
113,음식료업종,267980,매일유업
113,음식료업종,270870,뉴트리
113,음식료업종,271560,오리온
113,음식료업종,276730,한울앤제주
113,음식료업종,277410,인산가
113,음식료업종,280360,롯데웰푸드
113,음식료업종,290720,푸드나무
113,음식료업종,311390,네오크레마
113,음식료업종,318010,팜스빌
113,음식료업종,339770,교촌에프앤비
113,음식료업종,342870,오아
113,음식료업종,353190,휴럼
113,음식료업종,357230,에이치피오
113,음식료업종,403490,우듬지팜
113,음식료업종,435570,에르코스
113,음식료업종,453340,현대그린푸드
113,음식료업종,475460,미트박스
113,음식료업종,475560,더본코리아
98,음원/음반,032800,판타지오
98,음원/음반,035720,카카오
98,음원/음반,035760,CJ ENM
98,음원/음반,035900,JYP Ent.
98,음원/음반,037270,YG PLUS
98,음원/음반,041510,에스엠
98,음원/음반,043610,KT지니뮤직
98,음원/음반,060570,드림어스컴퍼니
98,음원/음반,064260,다날
98,음원/음반,104200,NHN벅스
98,음원/음반,122870,와이지엔터테인먼트
98,음원/음반,173940,에프엔씨엔터
98,음원/음반,352820,하이브
98,음원/음반,361570,알비더블유
98,음원/음반,403850,더핑크퐁컴퍼니
543,의료AI,033230,인성정보
543,의료AI,041020,폴라리스오피스
543,의료AI,041920,메디아나
543,의료AI,084650,랩지노믹스
543,의료AI,099750,이지케어텍
543,의료AI,108860,셀바스AI
543,의료AI,127120,제이에스링크
543,의료AI,208370,셀바스헬스케어
543,의료AI,223250,드림씨아이에스
543,의료AI,226330,신테카바이오
543,의료AI,229000,젠큐릭스
543,의료AI,288980,모아데이타
543,의료AI,315640,딥노이드
543,의료AI,322510,제이엘케이
543,의료AI,328130,루닛
543,의료AI,338220,뷰노
543,의료AI,340810,시선AI
543,의료AI,347700,스피어
543,의료AI,354200,엔젠바이오
543,의료AI,376900,로킷헬스케어
543,의료AI,376930,노을
543,의료AI,380550,뉴로핏
543,의료AI,382150,온코크로스
543,의료AI,384470,코어라인소프트
543,의료AI,388870,파로스아이바이오
543,의료AI,393210,토마토시스템
543,의료AI,394800,쓰리빌리언
543,의료AI,419540,비스토스
543,의료AI,458870,씨어스
175,의료기기,002390,한독
175,의료기기,003220,대원제약
175,의료기기,004080,신흥
175,의료기기,005930,삼성전자
175,의료기기,006140,피제이전자
175,의료기기,032620,GC메디아이
175,의료기기,032940,원익
175,의료기기,036220,오상헬스케어
175,의료기기,039840,디오
175,의료기기,039860,나노엔텍
175,의료기기,041830,인바디
175,의료기기,041920,메디아나
175,의료기기,042520,한스바이오메드
175,의료기기,043150,바텍
175,의료기기,049950,미래컴퍼니
175,의료기기,056090,시지메드텍
175,의료기기,058110,멕아이씨에스
175,의료기기,059210,메타바이오메드
175,의료기기,060280,큐렉소
175,의료기기,065510,휴비츠
175,의료기기,067630,HLB생명과학
175,의료기기,084650,랩지노믹스
175,의료기기,094170,동운아나텍
175,의료기기,098460,고영
175,의료기기,099190,아이센스
175,의료기기,099430,바이오플러스
175,의료기기,100120,뷰웍스
175,의료기기,100700,세운메디칼
175,의료기기,104540,코렌텍
175,의료기기,115480,씨유메디칼
175,의료기기,117730,티로보틱스
175,의료기기,118000,메타케어
175,의료기기,119610,인터로조
175,의료기기,122310,제노레이
175,의료기기,141080,리가켐바이오
175,의료기기,145720,덴티움
175,의료기기,149980,하이로닉
175,의료기기,156100,엘앤케이바이오
175,의료기기,179290,엠아이텍
175,의료기기,199550,레이저옵텍
175,의료기기,205470,휴마시스
175,의료기기,206640,바디텍메드
175,의료기기,208370,셀바스헬스케어
175,의료기기,214150,클래시스
175,의료기기,214430,아이쓰리시스템
175,의료기기,214450,파마리서치
175,의료기기,214680,디알텍
175,의료기기,216080,제테마
175,의료기기,219750,한국비티비
175,의료기기,225220,제놀루션
175,의료기기,226400,오스테오닉
175,의료기기,228850,레이언스
175,의료기기,240550,동방메디컬
175,의료기기,246710,티앤알바이오팹
175,의료기기,253840,수젠텍
175,의료기기,256840,한국비엔씨
175,의료기기,263690,디알젬
175,의료기기,290650,엘앤씨바이오
175,의료기기,290660,다이나믹솔루션
175,의료기기,299170,더블유에스아이
175,의료기기,302550,리메드
175,의료기기,303360,프로티아
175,의료기기,303810,동국생명과학
175,의료기기,314930,바이오다인
175,의료기기,315640,딥노이드
175,의료기기,317690,퀀타매트릭스
175,의료기기,322510,제이엘케이
175,의료기기,328130,루닛
175,의료기기,335810,프리시젼바이오
175,의료기기,336570,원텍
175,의료기기,338220,뷰노
175,의료기기,340570,티앤엘
175,의료기기,376900,로킷헬스케어
175,의료기기,380550,뉴로핏
175,의료기기,384470,코어라인소프트
175,의료기기,386380,스카이랩스
175,의료기기,387570,파인메딕스
175,의료기기,387690,레메디
175,의료기기,394420,리센스메디컬
175,의료기기,398120,에스지헬스케어
175,의료기기,405000,플라즈맵
175,의료기기,419540,비스토스
175,의료기기,439960,코스모로보틱스
175,의료기기,450950,아스테라시스
175,의료기기,458870,씨어스
175,의료기기,460470,아이빔테크놀로지
175,의료기기,460940,피앤에스로보틱스
175,의료기기,462510,라메디텍
175,의료기기,489460,바이오비쥬
175,의료기기,491000,리브스메드
175,의료기기,494120,큐리오시스
49,인터넷 대표주,035420,NAVER
49,인터넷 대표주,035720,카카오
343,인터넷은행,005940,NH투자증권
343,인터넷은행,007070,GS리테일
343,인터넷은행,016450,한세예스24홀딩스
343,인터넷은행,030190,NICE평가정보
343,인터넷은행,030200,KT
343,인터넷은행,035600,KG이니시스
343,인터넷은행,035720,카카오
343,인터넷은행,039290,인포뱅크
343,인터넷은행,041460,한국전자인증
343,인터넷은행,042510,라온시큐어
343,인터넷은행,046440,KG파이낸셜
343,인터넷은행,052400,코나아이
343,인터넷은행,053280,예스24
343,인터넷은행,053300,한국정보인증
343,인터넷은행,053350,이니텍
343,인터넷은행,054920,한컴위드
343,인터넷은행,064480,브리지텍
343,인터넷은행,067920,이글루
343,인터넷은행,071050,한국금융지주
343,인터넷은행,088350,한화생명
343,인터넷은행,100030,인지소프트
343,인터넷은행,105560,KB금융
343,인터넷은행,115310,인포바인
343,인터넷은행,131090,시큐브
343,인터넷은행,131370,알서포트
343,인터넷은행,203650,드림시큐리티
343,인터넷은행,205100,엑셈
343,인터넷은행,279570,케이뱅크
343,인터넷은행,323410,카카오뱅크
324,일자리(취업),027830,대성창투
324,일자리(취업),133750,메가엠디
324,일자리(취업),143240,사람인
324,일자리(취업),241520,DSC인베스트먼트
324,일자리(취업),246690,TS인베스트먼트
324,일자리(취업),339950,아이비김영
324,일자리(취업),373160,데이원컴퍼니
324,일자리(취업),376980,원티드랩
324,일자리(취업),440320,오픈놀
159,자동차 대표주,000270,기아
159,자동차 대표주,003620,KG모빌리티
159,자동차 대표주,005380,현대차
159,자동차 대표주,011210,현대위아
159,자동차 대표주,012330,현대모비스
159,자동차 대표주,018880,한온시스템
159,자동차 대표주,204320,HL만도
27,자동차부품,000430,대원강업
27,자동차부품,001380,SG글로벌
27,자동차부품,001420,태원물산
27,자동차부품,001620,케이비아이동국실업
27,자동차부품,002880,디와이에이
27,자동차부품,002920,유성기업
27,자동차부품,003570,SNT다이내믹스
27,자동차부품,004100,태양금속
27,자동차부품,005710,대원산업
27,자동차부품,005850,에스엘
27,자동차부품,006660,삼성공조
27,자동차부품,007340,DN오토모티브
27,자동차부품,007530,와이엠
27,자동차부품,008350,남선알미늄
27,자동차부품,008830,대동기어
27,자동차부품,009320,아진전자부품
27,자동차부품,009680,모토닉
27,자동차부품,009900,명신산업
27,자동차부품,010100,한국무브넥스
27,자동차부품,010580,에스엠벡셀
27,자동차부품,010660,화천기계
27,자동차부품,010690,화신
27,자동차부품,011070,LG이노텍
27,자동차부품,011210,현대위아
27,자동차부품,011320,유니크
27,자동차부품,012160,영흥
27,자동차부품,012200,계양전기
27,자동차부품,012210,삼미금속
27,자동차부품,012280,영화금속
27,자동차부품,012330,현대모비스
27,자동차부품,012860,모베이스전자
27,자동차부품,013310,아진산업
27,자동차부품,013570,디와이
27,자동차부품,013720,청보
27,자동차부품,013870,지엠비코리아
27,자동차부품,014440,영보화학
27,자동차부품,015260,에이엔피
27,자동차부품,015750,성우하이텍
27,자동차부품,016740,두올
27,자동차부품,017370,우신시스템
27,자동차부품,018500,동원모빌리티
27,자동차부품,018880,한온시스템
27,자동차부품,019180,티에이치엔
27,자동차부품,019540,일지테크
27,자동차부품,019770,서연탑메탈
27,자동차부품,020400,대동금속
27,자동차부품,021820,세원정공
27,자동차부품,023000,삼원강재
27,자동차부품,023800,인지컨트롤스
27,자동차부품,023810,인팩
27,자동차부품,024120,KB오토시스
27,자동차부품,024740,한일단조
27,자동차부품,024830,세원물산
27,자동차부품,024840,KBI메탈
27,자동차부품,024880,케이피에프
27,자동차부품,024900,디와이덕양
27,자동차부품,024910,경창산업
27,자동차부품,025320,시노펙스
27,자동차부품,025440,DH오토웨어
27,자동차부품,025540,한국단자
27,자동차부품,031510,오스템
27,자동차부품,033250,체시스
27,자동차부품,033530,SJG세종
27,자동차부품,036170,에이치엠넥스
27,자동차부품,038110,에코플라스틱
27,자동차부품,040610,SG&G
27,자동차부품,041650,상신브레이크
27,자동차부품,041930,SY동아
27,자동차부품,043370,피에이치에이
27,자동차부품,047400,유니온머티리얼
27,자동차부품,048430,유라테크
27,자동차부품,049070,인탑스
27,자동차부품,051490,나라엠앤디
27,자동차부품,053060,세동
27,자동차부품,053270,구영테크
27,자동차부품,053700,삼보모터스
27,자동차부품,060980,HL홀딩스
27,자동차부품,064960,SNT모티브
27,자동차부품,065500,오리엔트정공
27,자동차부품,066590,스모트로닉
27,자동차부품,067570,엔브이에이치코리아
27,자동차부품,069510,에스텍
27,자동차부품,071850,캐스텍코리아
27,자동차부품,075180,새론오토모티브
27,자동차부품,078590,휴림에이텍
27,자동차부품,080470,성창오토텍
27,자동차부품,085910,네오티스
27,자동차부품,088290,이원컴포텍
27,자동차부품,089470,HDC현대EP
27,자동차부품,090080,평화산업
27,자동차부품,090150,아이윈
27,자동차부품,091700,파트론
27,자동차부품,092200,디아이씨
27,자동차부품,092780,DYP
27,자동차부품,093380,풍강
27,자동차부품,097780,에코볼트
27,자동차부품,101330,모베이스
27,자동차부품,101930,인화정공
27,자동차부품,104040,디에스엠
27,자동차부품,105330,케이엔더블유
27,자동차부품,105550,엣지파운드리
27,자동차부품,107640,한중엔시에스
27,자동차부품,108670,LX하우시스
27,자동차부품,113810,디젠스
27,자동차부품,118990,모트렉스
27,자동차부품,119500,포메탈
27,자동차부품,122350,삼기
27,자동차부품,122690,서진오토모티브
27,자동차부품,123040,엠에스오토텍
27,자동차부품,123410,코리아에프티
27,자동차부품,123700,SJM
27,자동차부품,125490,한라캐스트
27,자동차부품,126600,BGF에코머티리얼즈
27,자동차부품,126640,화신정공
27,자동차부품,128540,에코캡
27,자동차부품,130500,GH신소재
27,자동차부품,130740,티피씨글로벌
27,자동차부품,170030,현대공업
27,자동차부품,191410,육일씨엔에쓰
27,자동차부품,193250,링크드
27,자동차부품,196700,웹스
27,자동차부품,198080,캐프
27,자동차부품,198940,한주라이트메탈
27,자동차부품,200880,서연이화
27,자동차부품,204320,HL만도
27,자동차부품,208860,다산디엠씨
27,자동차부품,212560,네오오토
27,자동차부품,214330,금호에이치티
27,자동차부품,215360,우리산업
27,자동차부품,234100,폴라리스세원
27,자동차부품,241690,유니테크노
27,자동차부품,263600,덕우전자
27,자동차부품,265560,영화테크
27,자동차부품,271940,일진하이솔루스
27,자동차부품,290120,DH오토리드
27,자동차부품,298050,HS효성첨단소재
27,자동차부품,308170,씨티알모빌리티
27,자동차부품,310870,디와이씨
27,자동차부품,336680,탑런토탈솔루션
27,자동차부품,354320,알멕
27,자동차부품,378850,화승알앤에이
27,자동차부품,396300,HT로보틱스
27,자동차부품,437730,삼현
27,자동차부품,448900,한국피아이엠
27,자동차부품,458650,성우
27,자동차부품,463480,모티브링크
79,자원개발,001120,LX인터내셔널
79,자원개발,001250,GS글로벌
79,자원개발,011760,현대코퍼레이션
79,자원개발,017390,서울가스
79,자원개발,028260,삼성물산
79,자원개발,036460,한국가스공사
79,자원개발,037950,엘컴텍
79,자원개발,047050,포스코인터내셔널
79,자원개발,051780,큐로홀딩스
79,자원개발,065170,비엘팜텍
79,자원개발,065420,에스아이리소스
79,자원개발,078930,GS
79,자원개발,096770,SK이노베이션
79,자원개발,128820,대성산업
362,자율주행차,000270,기아
362,자율주행차,000660,SK하이닉스
362,자율주행차,003620,KG모빌리티
362,자율주행차,005380,현대차
362,자율주행차,005930,삼성전자
362,자율주행차,009150,삼성전기
362,자율주행차,011070,LG이노텍
362,자율주행차,012330,현대모비스
362,자율주행차,013570,디와이
362,자율주행차,017670,SK텔레콤
362,자율주행차,025440,DH오토웨어
362,자율주행차,025540,한국단자
362,자율주행차,030200,KT
362,자율주행차,035420,NAVER
362,자율주행차,038880,아이에이
362,자율주행차,038950,파인디지털
362,자율주행차,039290,인포뱅크
362,자율주행차,050110,캠시스
362,자율주행차,053450,세코닉스
362,자율주행차,053700,삼보모터스
362,자율주행차,054450,텔레칩스
362,자율주행차,056080,유진로봇
362,자율주행차,064800,포니링크
362,자율주행차,066570,LG전자
362,자율주행차,071670,에이테크솔루션
362,자율주행차,077500,유니퀘스트
362,자율주행차,082210,옵트론텍
362,자율주행차,084730,팅크웨어
362,자율주행차,086960,MDS테크
362,자율주행차,088800,에이스테크
362,자율주행차,089010,켐트로닉스
362,자율주행차,092600,앤씨앤
362,자율주행차,094360,칩스앤미디어
362,자율주행차,097520,엠씨넥스
362,자율주행차,105550,엣지파운드리
362,자율주행차,118990,모트렉스
362,자율주행차,123410,코리아에프티
362,자율주행차,125490,한라캐스트
362,자율주행차,126700,하이비젼시스템
362,자율주행차,142210,유니트론텍
362,자율주행차,192650,드림텍
362,자율주행차,204320,HL만도
362,자율주행차,208860,다산디엠씨
362,자율주행차,214430,아이쓰리시스템
362,자율주행차,271830,팸텍
362,자율주행차,298830,슈어소프트테크
362,자율주행차,307950,현대오토에버
362,자율주행차,317120,라닉스
362,자율주행차,331740,아우토크립트
362,자율주행차,352910,오비고
362,자율주행차,370090,퓨런티어
362,자율주행차,388790,라이콤
362,자율주행차,396270,넥스트칩
362,자율주행차,403550,쏘카
362,자율주행차,424960,스마트레이더시스템
362,자율주행차,432720,퀄리타스반도체
362,자율주행차,437730,삼현
362,자율주행차,464080,에스오에스랩
362,자율주행차,475040,스트라드비젼
210,자전거,024950,삼천리자전거
210,자전거,065450,빅텍
210,자전거,123750,알톤
335,재난/안전(지진/화재 등),004440,삼일씨엔에스
335,재난/안전(지진/화재 등),022220,티케이지애강
335,재난/안전(지진/화재 등),023350,한국종합기술
335,재난/안전(지진/화재 등),028100,동아지질
335,재난/안전(지진/화재 등),033540,파라텍
335,재난/안전(지진/화재 등),036640,HRS
335,재난/안전(지진/화재 등),037440,희림
335,재난/안전(지진/화재 등),039980,폴라리스AI
335,재난/안전(지진/화재 등),041440,현대에버다임
335,재난/안전(지진/화재 등),054540,삼영엠텍
335,재난/안전(지진/화재 등),060370,LS마린솔루션
335,재난/안전(지진/화재 등),067170,오텍
335,재난/안전(지진/화재 등),072130,유엔젤
335,재난/안전(지진/화재 등),083640,인콘
335,재난/안전(지진/화재 등),089470,HDC현대EP
335,재난/안전(지진/화재 등),101670,하이드로리튬
335,재난/안전(지진/화재 등),140520,대창스틸
335,재난/안전(지진/화재 등),189860,서전기전
335,재난/안전(지진/화재 등),228340,동양파일
335,재난/안전(지진/화재 등),372910,한컴라이프케어
335,재난/안전(지진/화재 등),493330,지에프아이
435,재택근무/스마트워크,033320,제이씨현시스템
435,재택근무/스마트워크,036630,세종텔레콤
435,재택근무/스마트워크,038680,에스넷
435,재택근무/스마트워크,041020,폴라리스오피스
435,재택근무/스마트워크,042500,링네트
435,재택근무/스마트워크,060850,영림원소프트랩
435,재택근무/스마트워크,067010,이씨에스
435,재택근무/스마트워크,094280,효성ITX
435,재택근무/스마트워크,131370,알서포트
435,재택근무/스마트워크,150900,파수AI
435,재택근무/스마트워크,173130,오파스넷
435,재택근무/스마트워크,181710,NHN
435,재택근무/스마트워크,189690,포시에스
435,재택근무/스마트워크,258790,소프트캠프
435,재택근무/스마트워크,290270,휴네시온
227,전기차,000240,한국앤컴퍼니
227,전기차,000270,기아
227,전기차,001820,삼화콘덴서
227,전기차,002230,피에스텍
227,전기차,003620,KG모빌리티
227,전기차,003720,삼영
227,전기차,005070,코스모신소재
227,전기차,005380,현대차
227,전기차,006400,삼성SDI
227,전기차,009320,아진전자부품
227,전기차,009470,삼화전기
227,전기차,009900,명신산업
227,전기차,010120,LS ELECTRIC
227,전기차,010690,화신
227,전기차,011210,현대위아
227,전기차,011230,삼화전자
227,전기차,011790,SKC
227,전기차,012200,계양전기
227,전기차,012330,현대모비스
227,전기차,012340,뉴인텍
227,전기차,012860,모베이스전자
227,전기차,013310,아진산업
227,전기차,013870,지엠비코리아
227,전기차,014910,성문전자
227,전기차,017370,우신시스템
227,전기차,018880,한온시스템
227,전기차,023800,인지컨트롤스
227,전기차,023810,인팩
227,전기차,024740,한일단조
227,전기차,024900,디와이덕양
227,전기차,024910,경창산업
227,전기차,025540,한국단자
227,전기차,033310,엠투엔
227,전기차,038110,에코플라스틱
227,전기차,038880,아이에이
227,전기차,041930,SY동아
227,전기차,043260,성호전자
227,전기차,047310,파워로직스
227,전기차,051490,나라엠앤디
227,전기차,051910,LG화학
227,전기차,053700,삼보모터스
227,전기차,058430,포스코스틸리온
227,전기차,064960,SNT모티브
227,전기차,066570,LG전자
227,전기차,066590,스모트로닉
227,전기차,066970,엘앤에프
227,전기차,080470,성창오토텍
227,전기차,081150,티플랙스
227,전기차,085910,네오티스
227,전기차,089980,상아프론테크
227,전기차,090150,아이윈
227,전기차,091580,상신이디피
227,전기차,092200,디아이씨
227,전기차,092220,KEC
227,전기차,096770,SK이노베이션
227,전기차,105550,엣지파운드리
227,전기차,107640,한중엔시에스
227,전기차,114190,강원에너지
227,전기차,115160,휴맥스
227,전기차,122350,삼기
227,전기차,123040,엠에스오토텍
227,전기차,125210,아모그린텍
227,전기차,160190,하이젠알앤엠
227,전기차,170030,현대공업
227,전기차,178320,서진시스템
227,전기차,198940,한주라이트메탈
227,전기차,204320,HL만도
227,전기차,212560,네오오토
227,전기차,214330,금호에이치티
227,전기차,215360,우리산업
227,전기차,217820,원익피앤이
227,전기차,222080,SFA넥셀
227,전기차,234100,폴라리스세원
227,전기차,243840,신흥에스이씨
227,전기차,259630,엠플러스
227,전기차,263770,유에스티
227,전기차,265560,영화테크
227,전기차,273640,와이엠텍
227,전기차,308170,씨티알모빌리티
227,전기차,336370,솔루스첨단소재
227,전기차,348370,엔켐
227,전기차,354320,알멕
227,전기차,355150,코스텍시스
227,전기차,355690,에이텀
227,전기차,361670,삼영에스앤씨
227,전기차,373220,LG에너지솔루션
227,전기차,377330,이지트로닉스
227,전기차,396300,HT로보틱스
227,전기차,416180,신성에스티
227,전기차,417010,나노팀
227,전기차,417200,LS머트리얼즈
227,전기차,419050,삼기에너지솔루션즈
227,전기차,452190,한빛레이저
227,전기차,452400,이닉스
227,전기차,463480,모티브링크
227,전기차,900070,글로벌에스엠
227,전기차,900260,로스웰
564,전기차 화재 방지(배터리 열폭주 등),024900,디와이덕양
564,전기차 화재 방지(배터리 열폭주 등),032790,엠젠솔루션
564,전기차 화재 방지(배터리 열폭주 등),051360,토비스
564,전기차 화재 방지(배터리 열폭주 등),060230,제이케이시냅스
564,전기차 화재 방지(배터리 열폭주 등),105550,엣지파운드리
564,전기차 화재 방지(배터리 열폭주 등),107640,한중엔시에스
564,전기차 화재 방지(배터리 열폭주 등),119830,아이텍
564,전기차 화재 방지(배터리 열폭주 등),125210,아모그린텍
564,전기차 화재 방지(배터리 열폭주 등),138070,신진에스엠
564,전기차 화재 방지(배터리 열폭주 등),199820,제일일렉트릭
564,전기차 화재 방지(배터리 열폭주 등),200880,서연이화
564,전기차 화재 방지(배터리 열폭주 등),214330,금호에이치티
564,전기차 화재 방지(배터리 열폭주 등),220260,켐트로스
564,전기차 화재 방지(배터리 열폭주 등),225190,LK삼양
564,전기차 화재 방지(배터리 열폭주 등),243840,신흥에스이씨
564,전기차 화재 방지(배터리 열폭주 등),273640,와이엠텍
564,전기차 화재 방지(배터리 열폭주 등),286940,롯데이노베이트
564,전기차 화재 방지(배터리 열폭주 등),302430,이노메트리
564,전기차 화재 방지(배터리 열폭주 등),317870,엔바이오니아
564,전기차 화재 방지(배터리 열폭주 등),323280,태성
564,전기차 화재 방지(배터리 열폭주 등),372910,한컴라이프케어
564,전기차 화재 방지(배터리 열폭주 등),417010,나노팀
564,전기차 화재 방지(배터리 열폭주 등),419050,삼기에너지솔루션즈
564,전기차 화재 방지(배터리 열폭주 등),432470,케이엔에스
564,전기차 화재 방지(배터리 열폭주 등),452190,한빛레이저
564,전기차 화재 방지(배터리 열폭주 등),452200,민테크
564,전기차 화재 방지(배터리 열폭주 등),452400,이닉스
564,전기차 화재 방지(배터리 열폭주 등),453450,그리드위즈
514,전기차(충전소/충전기),000270,기아
514,전기차(충전소/충전기),001740,SK네트웍스
514,전기차(충전소/충전기),002230,피에스텍
514,전기차(충전소/충전기),005380,현대차
514,전기차(충전소/충전기),006910,보성파워텍
514,전기차(충전소/충전기),011690,와이투솔루션
514,전기차(충전소/충전기),028080,휴맥스홀딩스
514,전기차(충전소/충전기),032640,LG유플러스
514,전기차(충전소/충전기),034730,SK
514,전기차(충전소/충전기),037560,LG헬로비전
514,전기차(충전소/충전기),051360,토비스
514,전기차(충전소/충전기),063570,NICE인프라
514,전기차(충전소/충전기),066670,디티씨
514,전기차(충전소/충전기),079960,동양이엔피
514,전기차(충전소/충전기),115160,휴맥스
514,전기차(충전소/충전기),118990,모트렉스
514,전기차(충전소/충전기),217820,원익피앤이
514,전기차(충전소/충전기),248070,솔루엠
514,전기차(충전소/충전기),273640,와이엠텍
514,전기차(충전소/충전기),286940,롯데이노베이트
514,전기차(충전소/충전기),307180,아이엘
514,전기차(충전소/충전기),453450,그리드위즈
514,전기차(충전소/충전기),459100,위츠
514,전기차(충전소/충전기),479960,위너스일렉
533,전력반도체,000660,SK하이닉스
533,전력반도체,000990,DB하이텍
533,전력반도체,005930,삼성전자
533,전력반도체,037030,파워넷
533,전력반도체,038880,아이에이
533,전력반도체,039440,에스티아이
533,전력반도체,061970,LB세미콘
533,전력반도체,092220,KEC
533,전력반도체,095610,테스
533,전력반도체,096690,에이루트
533,전력반도체,102120,어보브반도체
533,전력반도체,110990,디아이티
533,전력반도체,172670,에이엘티
533,전력반도체,247660,나노씨엠에스
533,전력반도체,355150,코스텍시스
533,전력반도체,405100,큐알티
533,전력반도체,429270,시지트로닉스
533,전력반도체,432470,케이엔에스
533,전력반도체,464500,아이언디바이스
123,전력설비,000500,가온전선
123,전력설비,001440,대한전선
123,전력설비,006260,LS
123,전력설비,006340,대원전선
123,전력설비,006910,보성파워텍
123,전력설비,007610,선도전기
123,전력설비,010120,LS ELECTRIC
123,전력설비,015760,한국전력
123,전력설비,017510,세명전기
123,전력설비,024840,KBI메탈
123,전력설비,033100,제룡전기
123,전력설비,034020,두산에너빌리티
123,전력설비,036190,금화피에스시
123,전력설비,038460,바이오스마트
123,전력설비,042370,비츠로테크
123,전력설비,051600,한전KPS
123,전력설비,054220,비츠로시스
123,전력설비,060370,LS마린솔루션
123,전력설비,062040,산일전기
123,전력설비,096690,에이루트
123,전력설비,103590,일진전기
123,전력설비,119850,지엔씨에너지
123,전력설비,125020,티씨머티리얼즈
123,전력설비,130660,한전산업
123,전력설비,147830,제룡산업
123,전력설비,189860,서전기전
123,전력설비,199820,제일일렉트릭
123,전력설비,229640,LS에코에너지
123,전력설비,237750,피앤씨테크
123,전력설비,267260,HD현대일렉트릭
123,전력설비,294630,서남
123,전력설비,298040,효성중공업
123,전력설비,388050,지투파워
123,전력설비,479960,위너스일렉
329,전력저장장치(ESS),001820,삼화콘덴서
329,전력저장장치(ESS),004490,세방전지
329,전력저장장치(ESS),006400,삼성SDI
329,전력저장장치(ESS),009470,삼화전기
329,전력저장장치(ESS),010120,LS ELECTRIC
329,전력저장장치(ESS),011930,신성이엔지
329,전력저장장치(ESS),022100,포스코DX
329,전력저장장치(ESS),024900,디와이덕양
329,전력저장장치(ESS),047310,파워로직스
329,전력저장장치(ESS),054090,삼진엘앤디
329,전력저장장치(ESS),054210,이랜텍
329,전력저장장치(ESS),066570,LG전자
329,전력저장장치(ESS),082920,비츠로셀
329,전력저장장치(ESS),089980,상아프론테크
329,전력저장장치(ESS),096770,SK이노베이션
329,전력저장장치(ESS),107640,한중엔시에스
329,전력저장장치(ESS),125210,아모그린텍
329,전력저장장치(ESS),126340,비나텍
329,전력저장장치(ESS),130660,한전산업
329,전력저장장치(ESS),137400,피엔티
329,전력저장장치(ESS),140670,알에스오토메이션
329,전력저장장치(ESS),178320,서진시스템
329,전력저장장치(ESS),217820,원익피앤이
329,전력저장장치(ESS),222080,SFA넥셀
329,전력저장장치(ESS),241690,유니테크노
329,전력저장장치(ESS),259630,엠플러스
329,전력저장장치(ESS),267260,HD현대일렉트릭
329,전력저장장치(ESS),273640,와이엠텍
329,전력저장장치(ESS),282720,금양그린파워
329,전력저장장치(ESS),290550,디케이티
329,전력저장장치(ESS),298040,효성중공업
329,전력저장장치(ESS),322000,HD현대에너지솔루션
329,전력저장장치(ESS),348370,엔켐
329,전력저장장치(ESS),373220,LG에너지솔루션
329,전력저장장치(ESS),388050,지투파워
329,전력저장장치(ESS),393890,더블유씨피
329,전력저장장치(ESS),396300,HT로보틱스
329,전력저장장치(ESS),416180,신성에스티
329,전력저장장치(ESS),453450,그리드위즈
329,전력저장장치(ESS),475150,SK이터닉스
329,전력저장장치(ESS),493330,지에프아이
178,전선,000500,가온전선
178,전선,001440,대한전선
178,전선,006260,LS
178,전선,006340,대원전선
178,전선,024840,KBI메탈
178,전선,060370,LS마린솔루션
178,전선,103590,일진전기
178,전선,229640,LS에코에너지
272,전자결제(전자화폐),025770,한국정보통신
272,전자결제(전자화폐),035600,KG이니시스
272,전자결제(전자화폐),039290,인포뱅크
272,전자결제(전자화폐),042000,카페24
272,전자결제(전자화폐),046440,KG파이낸셜
272,전자결제(전자화폐),060250,NHN KCP
272,전자결제(전자화폐),064260,다날
272,전자결제(전자화폐),094480,갤럭시아머니트리
272,전자결제(전자화폐),115310,인포바인
272,전자결제(전자화폐),181710,NHN
272,전자결제(전자화폐),234340,헥토파이낸셜
272,전자결제(전자화폐),294570,쿠콘
272,전자결제(전자화폐),377300,카카오페이
18,전자파,032960,동일기연
18,전자파,042700,한미반도체
18,전자파,049550,잉크테크
18,전자파,052710,아모텍
18,전자파,053610,프로텍
18,전자파,081580,성우전자
18,전자파,089010,켐트로닉스
18,전자파,154040,다산솔루에타
18,전자파,217190,제너셈
18,전자파,263810,상신전자
18,전자파,294140,레몬
18,전자파,368600,아이씨에이치
517,전후 재건(우크라/중동 전쟁 등),000490,대동
517,전후 재건(우크라/중동 전쟁 등),000720,현대건설
517,전후 재건(우크라/중동 전쟁 등),002150,도화엔지니어링
517,전후 재건(우크라/중동 전쟁 등),002900,TYM
517,전후 재건(우크라/중동 전쟁 등),003010,혜인
517,전후 재건(우크라/중동 전쟁 등),006360,GS건설
517,전후 재건(우크라/중동 전쟁 등),008830,대동기어
517,전후 재건(우크라/중동 전쟁 등),010820,퍼스텍
517,전후 재건(우크라/중동 전쟁 등),011760,현대코퍼레이션
517,전후 재건(우크라/중동 전쟁 등),013810,스페코
517,전후 재건(우크라/중동 전쟁 등),017550,수산세보틱스
517,전후 재건(우크라/중동 전쟁 등),019770,서연탑메탈
517,전후 재건(우크라/중동 전쟁 등),020400,대동금속
517,전후 재건(우크라/중동 전쟁 등),023960,에쓰씨엔지니어링
517,전후 재건(우크라/중동 전쟁 등),028050,삼성E&A
517,전후 재건(우크라/중동 전쟁 등),028260,삼성물산
517,전후 재건(우크라/중동 전쟁 등),033540,파라텍
517,전후 재건(우크라/중동 전쟁 등),037440,희림
517,전후 재건(우크라/중동 전쟁 등),039560,다산네트웍스
517,전후 재건(우크라/중동 전쟁 등),039980,폴라리스AI
517,전후 재건(우크라/중동 전쟁 등),041440,현대에버다임
517,전후 재건(우크라/중동 전쟁 등),047040,대우건설
517,전후 재건(우크라/중동 전쟁 등),047050,포스코인터내셔널
517,전후 재건(우크라/중동 전쟁 등),053160,프리엠스
517,전후 재건(우크라/중동 전쟁 등),054930,유신
517,전후 재건(우크라/중동 전쟁 등),058730,다스코
517,전후 재건(우크라/중동 전쟁 등),079900,전진건설로봇
517,전후 재건(우크라/중동 전쟁 등),100660,서암기계공업
517,전후 재건(우크라/중동 전쟁 등),108380,대양전기공업
517,전후 재건(우크라/중동 전쟁 등),109610,에스와이
517,전후 재건(우크라/중동 전쟁 등),163560,동일고무벨트
517,전후 재건(우크라/중동 전쟁 등),192410,오늘이엔엠
517,전후 재건(우크라/중동 전쟁 등),210540,디와이파워
517,전후 재건(우크라/중동 전쟁 등),215790,이노인스트루먼트
517,전후 재건(우크라/중동 전쟁 등),255220,SG
517,전후 재건(우크라/중동 전쟁 등),267270,HD건설기계
517,전후 재건(우크라/중동 전쟁 등),317850,대모
517,전후 재건(우크라/중동 전쟁 등),332290,누보
517,전후 재건(우크라/중동 전쟁 등),365330,에스와이스틸텍
517,전후 재건(우크라/중동 전쟁 등),375500,DL이앤씨
185,정유,010950,S-Oil
185,정유,078930,GS
185,정유,096770,SK이노베이션
124,제대혈,006280,녹십자
124,제대혈,078160,메디포스트
124,제대혈,085660,차바이오텍
124,제대혈,144510,지씨셀
124,제대혈,217730,강스템바이오텍
328,제습기,002700,신일전자
328,제습기,005930,삼성전자
328,제습기,021240,코웨이
328,제습기,037070,파세코
328,제습기,044340,위닉스
328,제습기,058610,에스피지
328,제습기,066570,LG전자
328,제습기,284740,쿠쿠홈시스
172,제약업체,000020,동화약품
172,제약업체,000100,유한양행
172,제약업체,000220,유유제약
172,제약업체,000250,삼천당제약
172,제약업체,000520,삼일제약
172,제약업체,000640,동아쏘시오홀딩스
172,제약업체,001060,JW중외제약
172,제약업체,001360,삼성제약
172,제약업체,001540,안국약품
172,제약업체,002210,동성제약
172,제약업체,002390,한독
172,제약업체,002720,국제약품
172,제약업체,002800,신신제약
172,제약업체,003000,부광약품
172,제약업체,003060,에이프로젠바이오로직스
172,제약업체,003120,일성아이에스
172,제약업체,003220,대원제약
172,제약업체,003520,영진약품
172,제약업체,003850,보령
172,제약업체,004310,현대약품
172,제약업체,004720,팜젠사이언스
172,제약업체,005500,삼진제약
172,제약업체,006280,녹십자
172,제약업체,006620,동구바이오제약
172,제약업체,007370,진양제약
172,제약업체,007570,일양약품
172,제약업체,009290,광동제약
172,제약업체,009300,삼아제약
172,제약업체,009420,한올바이오파마
172,제약업체,011040,경동제약
172,제약업체,012790,신일제약
172,제약업체,014570,고려제약
172,제약업체,014950,삼익제약
172,제약업체,016580,환인제약
172,제약업체,017180,명문제약
172,제약업체,018680,서울제약
172,제약업체,019170,신풍제약
172,제약업체,023910,대한약품
172,제약업체,032300,한국파마
172,제약업체,033270,유나이티드제약
172,제약업체,034940,조아제약
172,제약업체,041910,폴라리스AI파마
172,제약업체,047920,HLB제약
172,제약업체,053950,경남제약
172,제약업체,054670,대한뉴팜
172,제약업체,058820,CMG제약
172,제약업체,061250,화일약품
172,제약업체,066700,테라젠이텍스
172,제약업체,067080,대화제약
172,제약업체,067290,JW신약
172,제약업체,068760,셀트리온제약
172,제약업체,069620,대웅제약
172,제약업체,082800,비보존 제약
172,제약업체,086450,동국제약
172,제약업체,102460,이연제약
172,제약업체,102940,코오롱생명과학
172,제약업체,106190,하이텍팜
172,제약업체,114450,그린생명과학
172,제약업체,128940,한미약품
172,제약업체,170900,동아에스티
172,제약업체,175250,아이큐어
172,제약업체,185750,종근당
172,제약업체,195940,HK이노엔
172,제약업체,200230,텔콘RF제약
172,제약업체,200780,비씨월드제약
172,제약업체,204840,지엘팜텍
172,제약업체,207940,삼성바이오로직스
172,제약업체,214390,경보제약
172,제약업체,234080,JW생명과학
172,제약업체,234690,녹십자웰빙
172,제약업체,237690,에스티팜
172,제약업체,243070,휴온스
172,제약업체,249420,일동제약
172,제약업체,256940,킵스파마
172,제약업체,260660,알리코제약
172,제약업체,271980,제일약품
172,제약업체,291650,츌립앤사이언스
172,제약업체,293480,하나제약
172,제약업체,299170,더블유에스아이
172,제약업체,302440,SK바이오사이언스
172,제약업체,307750,국전
172,제약업체,308430,셀비온
172,제약업체,314140,알피바이오
172,제약업체,317450,명인제약
172,제약업체,326030,SK바이오팜
172,제약업체,330350,위더스제약
172,제약업체,334970,프레스티지바이오로직스
172,제약업체,950210,프레스티지바이오파마
63,제지,001020,페이퍼코리아
63,제지,001810,무림SP
63,제지,002200,한국수출포장
63,제지,002310,아세아제지
63,제지,002870,신풍
63,제지,004540,깨끗한나라
63,제지,009200,무림페이퍼
63,제지,009460,한창제지
63,제지,009580,무림P&P
63,제지,009770,삼정펄프
63,제지,027970,한국제지
63,제지,034810,해성산업
63,제지,078130,국일제지
63,제지,213500,한솔제지
400,조림사업,000180,성창기업지주
400,조림사업,002820,SUN&L
400,조림사업,008250,이건산업
400,조림사업,009580,무림P&P
400,조림사업,025750,한솔홈데코
400,조림사업,025950,동신건설
400,조림사업,034730,SK
400,조림사업,039020,이건홀딩스
400,조림사업,043910,자연과환경
400,조림사업,097870,효성오앤비
400,조림사업,137950,제이씨케미칼
30,조선,009540,HD한국조선해양
30,조선,010140,삼성중공업
30,조선,042660,한화오션
30,조선,097230,HJ중공업
30,조선,329180,HD현대중공업
30,조선,439260,대한조선
94,조선기자재,012210,삼미금속
94,조선기자재,013030,하이록코리아
94,조선기자재,014620,성광벤드
94,조선기자재,014940,오리엔탈정공
94,조선기자재,017960,한국카본
94,조선기자재,023160,태광
94,조선기자재,033500,동성화인텍
94,조선기자재,038010,제일테크노스
94,조선기자재,044490,태웅
94,조선기자재,054540,삼영엠텍
94,조선기자재,064820,케이프
94,조선기자재,071970,HD현대마린엔진
94,조선기자재,073010,케이에스피
94,조선기자재,075580,세진중공업
94,조선기자재,077970,STX엔진
94,조선기자재,082740,한화엔진
94,조선기자재,085310,엔케이
94,조선기자재,086670,비엠티
94,조선기자재,092460,한라IMS
94,조선기자재,096350,대창솔루션
94,조선기자재,099410,동방선기
94,조선기자재,100090,SK오션플랜트
94,조선기자재,101000,KS인더스트리
94,조선기자재,101930,인화정공
94,조선기자재,103230,에스앤더블류
94,조선기자재,108380,대양전기공업
94,조선기자재,120030,조선선재
94,조선기자재,133820,화인베스틸
94,조선기자재,217590,티엠씨
94,조선기자재,333430,일승
94,조선기자재,355690,에이텀
94,조선기자재,382900,범한퓨얼셀
94,조선기자재,413630,씨피시스템
94,조선기자재,443060,HD현대마린솔루션
94,조선기자재,460930,현대힘스
94,조선기자재,474170,루미르
141,종합 물류,000120,CJ대한통운
141,종합 물류,002320,한진
141,종합 물류,003100,선광
141,종합 물류,004140,동방
141,종합 물류,004360,세방
141,종합 물류,009070,KCTC
141,종합 물류,009180,한솔로지스틱스
141,종합 물류,014130,한익스프레스
141,종합 물류,024800,유성티엔에스
141,종합 물류,032280,삼일
141,종합 물류,033290,로젠
141,종합 물류,040610,SG&G
141,종합 물류,086280,현대글로비스
141,종합 물류,124560,태웅로직스
141,종합 물류,129260,인터지스
141,종합 물류,465770,STX그린로지스
325,종합상사,001120,LX인터내셔널
325,종합상사,001250,GS글로벌
325,종합상사,001740,SK네트웍스
325,종합상사,003070,코오롱글로벌
325,종합상사,011760,현대코퍼레이션
325,종합상사,028260,삼성물산
325,종합상사,047050,포스코인터내셔널
325,종합상사,298020,효성티앤씨
86,"주류업(주정, 에탄올 등)",000080,하이트진로
86,"주류업(주정, 에탄올 등)",000140,하이트진로홀딩스
86,"주류업(주정, 에탄올 등)",000890,보해양조
86,"주류업(주정, 에탄올 등)",004650,창해에탄올
86,"주류업(주정, 에탄올 등)",005300,롯데칠성
86,"주류업(주정, 에탄올 등)",017890,한국알콜
86,"주류업(주정, 에탄올 등)",018120,진로발효
86,"주류업(주정, 에탄올 등)",023150,MH에탄올
86,"주류업(주정, 에탄올 등)",023900,풍국주정
86,"주류업(주정, 에탄올 등)",033920,무학
86,"주류업(주정, 에탄올 등)",043650,국순당
86,"주류업(주정, 에탄올 등)",276730,한울앤제주
86,"주류업(주정, 에탄올 등)",405920,나라셀라
600,주유소,000440,중앙에너비스
600,주유소,002420,우양피앤엘
600,주유소,010950,S-Oil
600,주유소,012700,리드코프
600,주유소,014530,극동유화
600,주유소,015890,태경산업
600,주유소,024060,흥구석유
600,주유소,025860,남해화학
600,주유소,038620,위즈코프
600,주유소,078930,GS
600,주유소,096770,SK이노베이션
600,주유소,128820,대성산업
600,주유소,267250,HD현대
600,주유소,357120,코람코라이프인프라리츠
600,주유소,395400,SK리츠
66,줄기세포,005690,파미셀
66,줄기세포,006620,동구바이오제약
66,줄기세포,007390,네이처셀
66,줄기세포,038290,마크로젠
66,줄기세포,065660,안트로젠
66,줄기세포,067630,HLB생명과학
66,줄기세포,078160,메디포스트
66,줄기세포,085660,차바이오텍
66,줄기세포,086820,바이오솔루션
66,줄기세포,118000,메타케어
66,줄기세포,166480,코아스템켐온
66,줄기세포,191420,테고사이언스
66,줄기세포,217730,강스템바이오텍
66,줄기세포,271980,제일약품
66,줄기세포,298060,풍전약품
66,줄기세포,304360,에스바이오메딕스
66,줄기세포,373110,엑셀세라퓨틱스
66,줄기세포,456070,이엔셀
289,증강현실(AR),016670,디모아
289,증강현실(AR),036570,NC
289,증강현실(AR),038680,에스넷
289,증강현실(AR),053450,세코닉스
289,증강현실(AR),054210,이랜텍
289,증강현실(AR),054450,텔레칩스
289,증강현실(AR),058630,엠게임
289,증강현실(AR),064800,포니링크
289,증강현실(AR),078890,가온그룹
289,증강현실(AR),084730,팅크웨어
289,증강현실(AR),094170,동운아나텍
289,증강현실(AR),190510,나무가
289,증강현실(AR),206560,덱스터
289,증강현실(AR),274400,이노시뮬레이션
289,증강현실(AR),290520,신도기연
289,증강현실(AR),377030,비트맥스
289,증강현실(AR),418420,라온텍
289,증강현실(AR),431190,케이쓰리아이
289,증강현실(AR),438700,버넥트
289,증강현실(AR),452430,사피엔반도체
151,증권,001200,유진투자증권
151,증권,001270,부국증권
151,증권,001290,상상인증권
151,증권,001500,현대차증권
151,증권,001510,SK증권
151,증권,001720,신영증권
151,증권,001750,한양증권
151,증권,003460,유화증권
151,증권,003470,유안타증권
151,증권,003530,한화투자증권
151,증권,003540,대신증권
151,증권,005940,NH투자증권
151,증권,006800,미래에셋증권
151,증권,016360,삼성증권
151,증권,016610,DB증권
151,증권,030210,다올투자증권
151,증권,030610,교보증권
151,증권,039490,키움증권
151,증권,071050,한국금융지주
151,증권,078020,LS증권
151,증권,190650,코리아에셋투자증권
99,지능형로봇/인공지능(AI),010820,퍼스텍
99,지능형로봇/인공지능(AI),012450,한화에어로스페이스
99,지능형로봇/인공지능(AI),018260,삼성에스디에스
99,지능형로봇/인공지능(AI),033640,네패스
99,지능형로봇/인공지능(AI),041460,한국전자인증
99,지능형로봇/인공지능(AI),049480,오픈베이스
99,지능형로봇/인공지능(AI),049950,미래컴퍼니
99,지능형로봇/인공지능(AI),056080,유진로봇
99,지능형로봇/인공지능(AI),058970,엠로
99,지능형로봇/인공지능(AI),060280,큐렉소
99,지능형로봇/인공지능(AI),065370,위세아이텍
99,지능형로봇/인공지능(AI),066570,LG전자
99,지능형로봇/인공지능(AI),078890,가온그룹
99,지능형로봇/인공지능(AI),090360,로보스타
99,지능형로봇/인공지능(AI),090710,휴림로봇
99,지능형로봇/인공지능(AI),096250,와이즈넛
99,지능형로봇/인공지능(AI),098460,고영
99,지능형로봇/인공지능(AI),099390,브레인즈컴퍼니
99,지능형로봇/인공지능(AI),099440,스맥
99,지능형로봇/인공지능(AI),108490,로보티즈
99,지능형로봇/인공지능(AI),108860,셀바스AI
99,지능형로봇/인공지능(AI),117730,티로보틱스
99,지능형로봇/인공지능(AI),125490,한라캐스트
99,지능형로봇/인공지능(AI),143540,영우디에스피
99,지능형로봇/인공지능(AI),148780,비큐AI
99,지능형로봇/인공지능(AI),175140,아고스
99,지능형로봇/인공지능(AI),189330,씨이랩
99,지능형로봇/인공지능(AI),205100,엑셈
99,지능형로봇/인공지능(AI),215100,로보로보
99,지능형로봇/인공지능(AI),217500,러셀
99,지능형로봇/인공지능(AI),219420,링크제니시스
99,지능형로봇/인공지능(AI),239340,이스트에이드
99,지능형로봇/인공지능(AI),250060,모비스
99,지능형로봇/인공지능(AI),263800,데이타솔루션
99,지능형로봇/인공지능(AI),270660,에브리봇
99,지능형로봇/인공지능(AI),286940,롯데이노베이트
99,지능형로봇/인공지능(AI),288980,모아데이타
99,지능형로봇/인공지능(AI),290090,트윔
99,지능형로봇/인공지능(AI),290660,다이나믹솔루션
99,지능형로봇/인공지능(AI),291810,핀텔
99,지능형로봇/인공지능(AI),299170,더블유에스아이
99,지능형로봇/인공지능(AI),300120,라온피플
99,지능형로봇/인공지능(AI),301300,바이브컴퍼니
99,지능형로봇/인공지능(AI),303530,이노뎁
99,지능형로봇/인공지능(AI),304100,솔트룩스
99,지능형로봇/인공지능(AI),321820,아티스트컴퍼니
99,지능형로봇/인공지능(AI),340810,시선AI
99,지능형로봇/인공지능(AI),347860,알체라
99,지능형로봇/인공지능(AI),355390,크라우드웍스
99,지능형로봇/인공지능(AI),377480,마음AI
99,지능형로봇/인공지능(AI),388720,유일로보틱스
99,지능형로봇/인공지능(AI),389680,유디엠텍
99,지능형로봇/인공지능(AI),402030,코난테크놀로지
99,지능형로봇/인공지능(AI),413640,비아이매트릭스
99,지능형로봇/인공지능(AI),417860,오브젠
99,지능형로봇/인공지능(AI),419120,산돌
99,지능형로봇/인공지능(AI),444530,심플랫폼
99,지능형로봇/인공지능(AI),452450,피아이이
99,지능형로봇/인공지능(AI),455900,엔젤로보틱스
99,지능형로봇/인공지능(AI),460940,피앤에스로보틱스
99,지능형로봇/인공지능(AI),463020,뉴엔AI
99,지능형로봇/인공지능(AI),466100,클로봇
99,지능형로봇/인공지능(AI),475400,씨메스로보틱스
99,지능형로봇/인공지능(AI),477850,마키나락스
99,지능형로봇/인공지능(AI),486990,노타
99,지능형로봇/인공지능(AI),488280,에스투더블유
575,지역화폐,052400,코나아이
575,지역화폐,053580,웹케시
575,지역화폐,088340,유라클
575,지역화폐,094480,갤럭시아머니트리
575,지역화폐,294570,쿠콘
111,지주사,000070,삼양홀딩스
111,지주사,000140,하이트진로홀딩스
111,지주사,000150,두산
111,지주사,000180,성창기업지주
111,지주사,000210,DL
111,지주사,000240,한국앤컴퍼니
111,지주사,000320,노루홀딩스
111,지주사,000480,CR홀딩스
111,지주사,000590,CS홀딩스
111,지주사,000640,동아쏘시오홀딩스
111,지주사,000700,유수홀딩스
111,지주사,000880,한화
111,지주사,001040,CJ
111,지주사,001230,동국홀딩스
111,지주사,001430,세아베스틸지주
111,지주사,001630,종근당홀딩스
111,지주사,001800,오리온홀딩스
111,지주사,001940,KISCO홀딩스
111,지주사,002020,코오롱
111,지주사,002030,아세아
111,지주사,002620,제일파마홀딩스
111,지주사,002790,아모레퍼시픽홀딩스
111,지주사,003030,세아제강지주
111,지주사,003090,대웅
111,지주사,003300,한일홀딩스
111,지주사,003380,하림지주
111,지주사,003480,한진중공업홀딩스
111,지주사,003550,LG
111,지주사,004150,한솔홀딩스
111,지주사,004800,효성
111,지주사,004840,DRB동일
111,지주사,004990,롯데지주
111,지주사,005250,녹십자홀딩스
111,지주사,005440,현대지에프홀딩스
111,지주사,005720,넥센
111,지주사,005740,크라운해태홀딩스
111,지주사,005810,풍산홀딩스
111,지주사,005990,매일홀딩스
111,지주사,006040,동원산업
111,지주사,006120,SK디스커버리
111,지주사,006200,한국전자홀딩스
111,지주사,006260,LS
111,지주사,006840,AK홀딩스
111,지주사,006880,신송홀딩스
111,지주사,007340,DN오토모티브
111,지주사,007540,샘표
111,지주사,007700,F&F홀딩스
111,지주사,007860,서연
111,지주사,008060,대덕
111,지주사,008930,한미사이언스
111,지주사,009540,HD한국조선해양
111,지주사,009970,영원무역홀딩스
111,지주사,010060,OCI홀딩스
111,지주사,010770,평화홀딩스
111,지주사,012030,DB
111,지주사,012320,경동인베스트
111,지주사,012630,HDC
111,지주사,013570,디와이
111,지주사,015360,INVENI
111,지주사,015860,일진홀딩스
111,지주사,016450,한세예스24홀딩스
111,지주사,016880,웅진
111,지주사,017810,풀무원
111,지주사,024720,콜마홀딩스
111,지주사,025530,SJM홀딩스
111,지주사,027410,BGF
111,지주사,028080,휴맥스홀딩스
111,지주사,028260,삼성물산
111,지주사,030530,원익홀딩스
111,지주사,034310,NICE
111,지주사,034730,SK
111,지주사,034810,해성산업
111,지주사,035610,솔본
111,지주사,035810,이지홀딩스
111,지주사,036420,콘텐트리중앙
111,지주사,036530,SNT홀딩스
111,지주사,036830,솔브레인홀딩스
111,지주사,039020,이건홀딩스
111,지주사,042370,비츠로테크
111,지주사,042420,네오위즈홀딩스
111,지주사,044820,코스맥스비티아이
111,지주사,045970,코아시아
111,지주사,054620,APS
111,지주사,054800,아이디스홀딩스
111,지주사,055550,신한지주
111,지주사,058650,세아홀딩스
111,지주사,060980,HL홀딩스
111,지주사,063080,컴투스홀딩스
111,지주사,071050,한국금융지주
111,지주사,072470,우리산업홀딩스
111,지주사,072710,농심홀딩스
111,지주사,078070,유비쿼스홀딩스
111,지주사,078930,GS
111,지주사,081660,미스토홀딩스
111,지주사,084110,휴온스글로벌
111,지주사,084690,대상홀딩스
111,지주사,086520,에코프로
111,지주사,086790,하나금융지주
111,지주사,088390,이녹스
111,지주사,092230,KPX홀딩스
111,지주사,096760,JW홀딩스
111,지주사,100250,진양홀딩스
111,지주사,102260,동성케미컬
111,지주사,105560,KB금융
111,지주사,107590,미원홀딩스
111,지주사,121440,골프존홀딩스
111,지주사,123040,엠에스오토텍
111,지주사,138040,메리츠금융지주
111,지주사,138930,BNK금융지주
111,지주사,139130,iM금융지주
111,지주사,175330,JB금융지주
111,지주사,180640,한진칼
111,지주사,192400,쿠쿠홀딩스
111,지주사,229640,LS에코에너지
111,지주사,241560,두산밥캣
111,지주사,241590,화승엔터프라이즈
111,지주사,267250,HD현대
111,지주사,316140,우리금융지주
111,지주사,363280,티와이홀딩스
111,지주사,383800,LX홀딩스
111,지주사,402340,SK스퀘어
111,지주사,487570,HS효성
111,지주사,489790,한화비전
111,지주사,499790,GS피앤엘
111,지주사,900140,엘브이엠씨홀딩스
111,지주사,950250,테라뷰
119,창투사,016600,큐캐피탈
119,창투사,019550,SBI인베스트먼트
119,창투사,019570,GMI벤처
119,창투사,021080,에이티넘인베스트
119,창투사,026890,스틱인베스트먼트
119,창투사,027360,아주IB투자
119,창투사,027830,대성창투
119,창투사,041190,우리기술투자
119,창투사,075130,플랜티넷
119,창투사,100790,미래에셋벤처투자
119,창투사,241520,DSC인베스트먼트
119,창투사,246690,TS인베스트먼트
119,창투사,277070,린드먼아시아
119,창투사,289080,SV인베스트먼트
119,창투사,293580,나우IB
119,창투사,307930,컴퍼니케이
119,창투사,309960,LB인베스트먼트
119,창투사,330730,스톤브릿지벤처스
119,창투사,440290,HB인베스트먼트
119,창투사,452300,캡스톤파트너스
62,철강 주요종목,001430,세아베스틸지주
62,철강 주요종목,002240,고려제강
62,철강 주요종목,004020,현대제철
62,철강 주요종목,005490,POSCO홀딩스
62,철강 주요종목,016380,KG스틸
62,철강 주요종목,058430,포스코스틸리온
62,철강 주요종목,084010,대한제강
62,철강 주요종목,104700,한국철강
62,철강 주요종목,306200,세아제강
62,철강 주요종목,460850,동국씨엠
62,철강 주요종목,460860,동국제강
72,철강 중소형,000970,한국주철관
72,철강 중소형,001080,만호제강
72,철강 중소형,002220,한일철강
72,철강 중소형,002690,동일제강
72,철강 중소형,002710,TCC스틸
72,철강 중소형,004560,현대비앤지스틸
72,철강 중소형,004890,동일산업
72,철강 중소형,005010,휴스틸
72,철강 중소형,005160,동국산업
72,철강 중소형,007280,한국특강
72,철강 중소형,008260,NI스틸
72,철강 중소형,008420,문배철강
72,철강 중소형,008970,KBI동양철관
72,철강 중소형,012160,영흥
72,철강 중소형,012620,원일특강
72,철강 중소형,014280,금강공업
72,철강 중소형,017480,삼현철강
72,철강 중소형,021040,대호특수강
72,철강 중소형,023790,동일스틸럭스
72,철강 중소형,026940,부국철강
72,철강 중소형,039240,경남스틸
72,철강 중소형,048470,대동스틸
72,철강 중소형,049430,코메론
72,철강 중소형,053260,금강철강
72,철강 중소형,060380,동양에스텍
72,철강 중소형,069730,DSR제강
72,철강 중소형,071090,하이스틸
72,철강 중소형,092790,넥스틸
72,철강 중소형,100090,SK오션플랜트
72,철강 중소형,133820,화인베스틸
72,철강 중소형,139990,아주스틸
72,철강 중소형,140520,대창스틸
72,철강 중소형,146060,율촌
72,철강 중소형,162300,신스틸
72,철강 중소형,263770,유에스티
72,철강 중소형,475430,키스트론
250,철도,001260,남광토건
250,철도,001780,알루코
250,철도,002150,도화엔지니어링
250,철도,002690,동일제강
250,철도,004020,현대제철
250,철도,004440,삼일씨엔에스
250,철도,006050,국영지앤엠
250,철도,006340,대원전선
250,철도,007610,선도전기
250,철도,011370,서한
250,철도,011390,부산산업
250,철도,013030,하이록코리아
250,철도,017480,삼현철강
250,철도,017510,세명전기
250,철도,023350,한국종합기술
250,철도,026150,특수건설
250,철도,028100,동아지질
250,철도,032560,황금에스티
250,철도,032820,우리기술
250,철도,033100,제룡전기
250,철도,039570,HDC랩스
250,철도,039980,폴라리스AI
250,철도,042370,비츠로테크
250,철도,045390,대아티아이
250,철도,046940,우원개발
250,철도,054220,비츠로시스
250,철도,054930,유신
250,철도,058610,에스피지
250,철도,064350,현대로템
250,철도,065530,와이어블
250,철도,072950,빛샘전자
250,철도,094940,푸른로보틱스
250,철도,100660,서암기계공업
250,철도,101170,우림피티에스
250,철도,108380,대양전기공업
250,철도,109080,옵티시스
250,철도,115440,우리넷
250,철도,115500,케이씨에스
250,철도,234300,에스트래픽
250,철도,237750,피앤씨테크
537,초전도체,002240,고려제강
537,초전도체,004830,덕성
537,초전도체,010120,LS ELECTRIC
537,초전도체,012170,아센디오
537,초전도체,023800,인지컨트롤스
537,초전도체,037330,인지디스플레
537,초전도체,042370,비츠로테크
537,초전도체,045100,한양이엔지
537,초전도체,047310,파워로직스
537,초전도체,052710,아모텍
537,초전도체,065130,탑엔지니어링
537,초전도체,065350,신성델타테크
537,초전도체,217820,원익피앤이
537,초전도체,250060,모비스
537,초전도체,294630,서남
139,출산장려정책,002450,삼익악기
139,출산장려정책,003920,남양유업
139,출산장려정책,004540,깨끗한나라
139,출산장려정책,012690,모나리자
139,출산장려정책,013990,아가방컴퍼니
139,출산장려정책,014100,메디앙스
139,출산장려정책,019680,대교
139,출산장려정책,036000,예림당
139,출산장려정책,068290,삼성출판사
139,출산장려정책,072130,유엔젤
139,출산장려정책,092730,네오팜
139,출산장려정책,095720,웅진씽크빅
139,출산장려정책,159580,제로투세븐
139,출산장려정책,215480,토박스코리아
139,출산장려정책,267980,매일유업
139,출산장려정책,317530,에피소드컴퍼니
139,출산장려정책,403850,더핑크퐁컴퍼니
139,출산장려정책,407400,꿈비
139,출산장려정책,419530,SAMG엔터
139,출산장려정책,435570,에르코스
139,출산장려정책,462310,뉴키즈온
139,출산장려정책,487580,폴레드
139,출산장려정책,900270,헝셩그룹
377,치매,000100,유한양행
377,치매,000220,유유제약
377,치매,001360,삼성제약
377,치매,002800,신신제약
377,치매,003060,에이프로젠바이오로직스
377,치매,003850,보령
377,치매,004310,현대약품
377,치매,005500,삼진제약
377,치매,006620,동구바이오제약
377,치매,007370,진양제약
377,치매,007390,네이처셀
377,치매,012690,모나리자
377,치매,014570,고려제약
377,치매,015860,일진홀딩스
377,치매,016580,환인제약
377,치매,017180,명문제약
377,치매,032300,한국파마
377,치매,038460,바이오스마트
377,치매,039200,오스코텍
377,치매,047920,HLB제약
377,치매,060590,씨티씨바이오
377,치매,061250,화일약품
377,치매,065650,하이퍼코퍼레이션
377,치매,067080,대화제약
377,치매,069620,대웅제약
377,치매,082270,젬백스
377,치매,086040,바이오톡스텍
377,치매,086890,이수앱지스
377,치매,087010,펩트론
377,치매,102460,이연제약
377,치매,170900,동아에스티
377,치매,175250,아이큐어
377,치매,176750,듀켐바이오
377,치매,185750,종근당
377,치매,214260,라파스
377,치매,220100,퓨쳐켐
377,치매,253840,수젠텍
377,치매,285130,SK케미칼
377,치매,298380,에이비엘바이오
377,치매,302550,리메드
377,치매,304840,피플바이오
377,치매,307750,국전
377,치매,310210,보로노이
377,치매,317450,명인제약
377,치매,317690,퀀타매트릭스
377,치매,354200,엔젠바이오
377,치매,365270,큐라클
377,치매,378800,샤페론
377,치매,389470,인벤티지랩
377,치매,456160,지투지바이오
377,치매,476830,알지노믹스
174,치아 치료(임플란트 등),004080,신흥
174,치아 치료(임플란트 등),039200,오스코텍
174,치아 치료(임플란트 등),039840,디오
174,치아 치료(임플란트 등),043150,바텍
174,치아 치료(임플란트 등),052260,현대바이오랜드
174,치아 치료(임플란트 등),059210,메타바이오메드
174,치아 치료(임플란트 등),138610,나이벡
174,치아 치료(임플란트 등),145720,덴티움
174,치아 치료(임플란트 등),226400,오스테오닉
174,치아 치료(임플란트 등),228670,레이
174,치아 치료(임플란트 등),261200,덴티스
174,치아 치료(임플란트 등),318060,그래피
174,치아 치료(임플란트 등),387690,레메디
174,치아 치료(임플란트 등),448900,한국피아이엠
174,치아 치료(임플란트 등),450330,하스
41,카메라모듈/부품,009150,삼성전기
41,카메라모듈/부품,011070,LG이노텍
41,카메라모듈/부품,033240,자화전자
41,카메라모듈/부품,047310,파워로직스
41,카메라모듈/부품,049630,재영솔루텍
41,카메라모듈/부품,050110,캠시스
41,카메라모듈/부품,053450,세코닉스
41,카메라모듈/부품,065130,탑엔지니어링
41,카메라모듈/부품,076610,해성옵틱스
41,카메라모듈/부품,081580,성우전자
41,카메라모듈/부품,082210,옵트론텍
41,카메라모듈/부품,087600,픽셀플러스
41,카메라모듈/부품,091700,파트론
41,카메라모듈/부품,094170,동운아나텍
41,카메라모듈/부품,097520,엠씨넥스
41,카메라모듈/부품,123010,MSDI
41,카메라모듈/부품,126700,하이비젼시스템
41,카메라모듈/부품,190510,나무가
41,카메라모듈/부품,196450,코아시아씨엠
41,카메라모듈/부품,208710,포톤
41,카메라모듈/부품,225190,LK삼양
41,카메라모듈/부품,263600,덕우전자
41,카메라모듈/부품,271830,팸텍
41,카메라모듈/부품,290740,액트로
41,카메라모듈/부품,300120,라온피플
41,카메라모듈/부품,370090,퓨런티어
47,카지노,032350,롯데관광개발
47,카지노,034230,파라다이스
47,카지노,035250,강원랜드
47,카지노,051360,토비스
47,카지노,052330,코텍
47,카지노,114090,GKL
489,카카오뱅크(kakao BANK),016450,한세예스24홀딩스
489,카카오뱅크(kakao BANK),035720,카카오
489,카카오뱅크(kakao BANK),039290,인포뱅크
489,카카오뱅크(kakao BANK),053280,예스24
489,카카오뱅크(kakao BANK),053350,이니텍
489,카카오뱅크(kakao BANK),071050,한국금융지주
489,카카오뱅크(kakao BANK),105560,KB금융
489,카카오뱅크(kakao BANK),131370,알서포트
489,카카오뱅크(kakao BANK),203650,드림시큐리티
489,카카오뱅크(kakao BANK),205100,엑셈
489,카카오뱅크(kakao BANK),323410,카카오뱅크
45,캐릭터상품,039830,오로라
45,캐릭터상품,048910,대원미디어
45,캐릭터상품,066910,손오공
45,캐릭터상품,073570,리튬포어스
45,캐릭터상품,194480,데브시스터즈
45,캐릭터상품,317530,에피소드컴퍼니
45,캐릭터상품,369370,블리츠웨이엔터테인먼트
45,캐릭터상품,403850,더핑크퐁컴퍼니
45,캐릭터상품,419530,SAMG엔터
452,코로나19(음압병실/음압구급차),011930,신성이엔지
452,코로나19(음압병실/음압구급차),053080,케이엔솔
452,코로나19(음압병실/음압구급차),067170,오텍
452,코로나19(음압병실/음압구급차),067570,엔브이에이치코리아
452,코로나19(음압병실/음압구급차),109610,에스와이
452,코로나19(음압병실/음압구급차),130500,GH신소재
452,코로나19(음압병실/음압구급차),215380,콜마바이오텍
436,코로나19(진단/치료제/백신 개발 등),001060,JW중외제약
436,코로나19(진단/치료제/백신 개발 등),003090,대웅
436,코로나19(진단/치료제/백신 개발 등),004720,팜젠사이언스
436,코로나19(진단/치료제/백신 개발 등),005690,파미셀
436,코로나19(진단/치료제/백신 개발 등),007390,네이처셀
436,코로나19(진단/치료제/백신 개발 등),019170,신풍제약
436,코로나19(진단/치료제/백신 개발 등),032300,한국파마
436,코로나19(진단/치료제/백신 개발 등),036220,오상헬스케어
436,코로나19(진단/치료제/백신 개발 등),038290,마크로젠
436,코로나19(진단/치료제/백신 개발 등),038460,바이오스마트
436,코로나19(진단/치료제/백신 개발 등),038530,케이바이오랩스
436,코로나19(진단/치료제/백신 개발 등),039860,나노엔텍
436,코로나19(진단/치료제/백신 개발 등),041960,코미팜
436,코로나19(진단/치료제/백신 개발 등),048410,현대바이오
436,코로나19(진단/치료제/백신 개발 등),048530,인트론바이오
436,코로나19(진단/치료제/백신 개발 등),048870,시너지이노베이션
436,코로나19(진단/치료제/백신 개발 등),053980,오상자이엘
436,코로나19(진단/치료제/백신 개발 등),060590,씨티씨바이오
436,코로나19(진단/치료제/백신 개발 등),064550,바이오니아
436,코로나19(진단/치료제/백신 개발 등),069620,대웅제약
436,코로나19(진단/치료제/백신 개발 등),084650,랩지노믹스
436,코로나19(진단/치료제/백신 개발 등),087010,펩트론
436,코로나19(진단/치료제/백신 개발 등),096530,씨젠
436,코로나19(진단/치료제/백신 개발 등),101140,인바이오젠
436,코로나19(진단/치료제/백신 개발 등),109820,진매트릭스
436,코로나19(진단/치료제/백신 개발 등),118000,메타케어
436,코로나19(진단/치료제/백신 개발 등),127120,제이에스링크
436,코로나19(진단/치료제/백신 개발 등),137310,에스디바이오센서
436,코로나19(진단/치료제/백신 개발 등),141080,리가켐바이오
436,코로나19(진단/치료제/백신 개발 등),142280,녹십자엠에스
436,코로나19(진단/치료제/백신 개발 등),153710,옵티팜
436,코로나19(진단/치료제/백신 개발 등),174900,앱클론
436,코로나19(진단/치료제/백신 개발 등),185490,아이진
436,코로나19(진단/치료제/백신 개발 등),185750,종근당
436,코로나19(진단/치료제/백신 개발 등),187420,HLB제넥스
436,코로나19(진단/치료제/백신 개발 등),192650,드림텍
436,코로나19(진단/치료제/백신 개발 등),200780,비씨월드제약
436,코로나19(진단/치료제/백신 개발 등),205470,휴마시스
436,코로나19(진단/치료제/백신 개발 등),206640,바디텍메드
436,코로나19(진단/치료제/백신 개발 등),206650,유바이오로직스
436,코로나19(진단/치료제/백신 개발 등),214370,케어젠
436,코로나19(진단/치료제/백신 개발 등),217730,강스템바이오텍
436,코로나19(진단/치료제/백신 개발 등),221800,지구홀딩스
436,코로나19(진단/치료제/백신 개발 등),225220,제놀루션
436,코로나19(진단/치료제/백신 개발 등),228760,지노믹트리
436,코로나19(진단/치료제/백신 개발 등),238120,얼라인드
436,코로나19(진단/치료제/백신 개발 등),243070,휴온스
436,코로나19(진단/치료제/백신 개발 등),249420,일동제약
436,코로나19(진단/치료제/백신 개발 등),253840,수젠텍
436,코로나19(진단/치료제/백신 개발 등),256840,한국비엔씨
436,코로나19(진단/치료제/백신 개발 등),261780,아리바이오랩
436,코로나19(진단/치료제/백신 개발 등),271980,제일약품
436,코로나19(진단/치료제/백신 개발 등),286750,나노실리칸첨단소재
436,코로나19(진단/치료제/백신 개발 등),289080,SV인베스트먼트
436,코로나19(진단/치료제/백신 개발 등),293780,압타바이오
436,코로나19(진단/치료제/백신 개발 등),299660,셀리드
436,코로나19(진단/치료제/백신 개발 등),302440,SK바이오사이언스
436,코로나19(진단/치료제/백신 개발 등),307750,국전
436,코로나19(진단/치료제/백신 개발 등),311690,CJ 바이오사이언스
436,코로나19(진단/치료제/백신 개발 등),317690,퀀타매트릭스
436,코로나19(진단/치료제/백신 개발 등),331920,셀레믹스
436,코로나19(진단/치료제/백신 개발 등),335810,프리시젼바이오
436,코로나19(진단/치료제/백신 개발 등),348080,큐라티스
436,코로나19(진단/치료제/백신 개발 등),354200,엔젠바이오
436,코로나19(진단/치료제/백신 개발 등),363250,진시스템
436,코로나19(진단/치료제/백신 개발 등),377740,바이오노트
436,코로나19(진단/치료제/백신 개발 등),378800,샤페론
436,코로나19(진단/치료제/백신 개발 등),389470,인벤티지랩
436,코로나19(진단/치료제/백신 개발 등),950130,엑세스바이오
436,코로나19(진단/치료제/백신 개발 등),950200,소마젠
447,코로나19(진단키트),004720,팜젠사이언스
447,코로나19(진단키트),005690,파미셀
447,코로나19(진단키트),036220,오상헬스케어
447,코로나19(진단키트),038460,바이오스마트
447,코로나19(진단키트),039860,나노엔텍
447,코로나19(진단키트),048530,인트론바이오
447,코로나19(진단키트),053980,오상자이엘
447,코로나19(진단키트),060590,씨티씨바이오
447,코로나19(진단키트),064550,바이오니아
447,코로나19(진단키트),069620,대웅제약
447,코로나19(진단키트),084650,랩지노믹스
447,코로나19(진단키트),096530,씨젠
447,코로나19(진단키트),101140,인바이오젠
447,코로나19(진단키트),109820,진매트릭스
447,코로나19(진단키트),118000,메타케어
447,코로나19(진단키트),137310,에스디바이오센서
447,코로나19(진단키트),142280,녹십자엠에스
447,코로나19(진단키트),185750,종근당
447,코로나19(진단키트),187420,HLB제넥스
447,코로나19(진단키트),192650,드림텍
447,코로나19(진단키트),205470,휴마시스
447,코로나19(진단키트),206640,바디텍메드
447,코로나19(진단키트),206650,유바이오로직스
447,코로나19(진단키트),221800,지구홀딩스
447,코로나19(진단키트),225220,제놀루션
447,코로나19(진단키트),228760,지노믹트리
447,코로나19(진단키트),238120,얼라인드
447,코로나19(진단키트),243070,휴온스
447,코로나19(진단키트),249420,일동제약
447,코로나19(진단키트),253840,수젠텍
447,코로나19(진단키트),286750,나노실리칸첨단소재
447,코로나19(진단키트),311690,CJ 바이오사이언스
447,코로나19(진단키트),317690,퀀타매트릭스
447,코로나19(진단키트),335810,프리시젼바이오
447,코로나19(진단키트),354200,엔젠바이오
447,코로나19(진단키트),363250,진시스템
447,코로나19(진단키트),377740,바이오노트
447,코로나19(진단키트),950130,엑세스바이오
447,코로나19(진단키트),950200,소마젠
448,코로나19(치료제/백신 개발 등),001060,JW중외제약
448,코로나19(치료제/백신 개발 등),007390,네이처셀
448,코로나19(치료제/백신 개발 등),019170,신풍제약
448,코로나19(치료제/백신 개발 등),032300,한국파마
448,코로나19(치료제/백신 개발 등),038530,케이바이오랩스
448,코로나19(치료제/백신 개발 등),041960,코미팜
448,코로나19(치료제/백신 개발 등),048410,현대바이오
448,코로나19(치료제/백신 개발 등),087010,펩트론
448,코로나19(치료제/백신 개발 등),101140,인바이오젠
448,코로나19(치료제/백신 개발 등),109820,진매트릭스
448,코로나19(치료제/백신 개발 등),141080,리가켐바이오
448,코로나19(치료제/백신 개발 등),153710,옵티팜
448,코로나19(치료제/백신 개발 등),174900,앱클론
448,코로나19(치료제/백신 개발 등),185490,아이진
448,코로나19(치료제/백신 개발 등),206650,유바이오로직스
448,코로나19(치료제/백신 개발 등),214370,케어젠
448,코로나19(치료제/백신 개발 등),217730,강스템바이오텍
448,코로나19(치료제/백신 개발 등),249420,일동제약
448,코로나19(치료제/백신 개발 등),256840,한국비엔씨
448,코로나19(치료제/백신 개발 등),261780,아리바이오랩
448,코로나19(치료제/백신 개발 등),293780,압타바이오
448,코로나19(치료제/백신 개발 등),299660,셀리드
448,코로나19(치료제/백신 개발 등),302440,SK바이오사이언스
448,코로나19(치료제/백신 개발 등),307750,국전
448,코로나19(치료제/백신 개발 등),348080,큐라티스
448,코로나19(치료제/백신 개발 등),378800,샤페론
448,코로나19(치료제/백신 개발 등),389470,인벤티지랩
568,코리아 밸류업 지수(Korea Value-up Index),000270,기아
568,코리아 밸류업 지수(Korea Value-up Index),000660,SK하이닉스
568,코리아 밸류업 지수(Korea Value-up Index),000810,삼성화재
568,코리아 밸류업 지수(Korea Value-up Index),000990,DB하이텍
568,코리아 밸류업 지수(Korea Value-up Index),001060,JW중외제약
568,코리아 밸류업 지수(Korea Value-up Index),002840,미원상사
568,코리아 밸류업 지수(Korea Value-up Index),003230,삼양식품
568,코리아 밸류업 지수(Korea Value-up Index),003490,대한항공
568,코리아 밸류업 지수(Korea Value-up Index),005180,빙그레
568,코리아 밸류업 지수(Korea Value-up Index),005290,동진쎄미켐
568,코리아 밸류업 지수(Korea Value-up Index),005300,롯데칠성
568,코리아 밸류업 지수(Korea Value-up Index),005380,현대차
568,코리아 밸류업 지수(Korea Value-up Index),005830,DB손해보험
568,코리아 밸류업 지수(Korea Value-up Index),005930,삼성전자
568,코리아 밸류업 지수(Korea Value-up Index),006800,미래에셋증권
568,코리아 밸류업 지수(Korea Value-up Index),008930,한미사이언스
568,코리아 밸류업 지수(Korea Value-up Index),009240,한샘
568,코리아 밸류업 지수(Korea Value-up Index),009450,경동나비엔
568,코리아 밸류업 지수(Korea Value-up Index),009900,명신산업
568,코리아 밸류업 지수(Korea Value-up Index),010120,LS ELECTRIC
568,코리아 밸류업 지수(Korea Value-up Index),011070,LG이노텍
568,코리아 밸류업 지수(Korea Value-up Index),011200,HMM
568,코리아 밸류업 지수(Korea Value-up Index),011780,금호석유화학
568,코리아 밸류업 지수(Korea Value-up Index),012330,현대모비스
568,코리아 밸류업 지수(Korea Value-up Index),012450,한화에어로스페이스
568,코리아 밸류업 지수(Korea Value-up Index),012750,에스원
568,코리아 밸류업 지수(Korea Value-up Index),014680,한솔케미칼
568,코리아 밸류업 지수(Korea Value-up Index),014820,동원시스템즈
568,코리아 밸류업 지수(Korea Value-up Index),016360,삼성증권
568,코리아 밸류업 지수(Korea Value-up Index),017670,SK텔레콤
568,코리아 밸류업 지수(Korea Value-up Index),017800,현대엘리베이터
568,코리아 밸류업 지수(Korea Value-up Index),018670,SK가스
568,코리아 밸류업 지수(Korea Value-up Index),021240,코웨이
568,코리아 밸류업 지수(Korea Value-up Index),022100,포스코DX
568,코리아 밸류업 지수(Korea Value-up Index),026960,동서
568,코리아 밸류업 지수(Korea Value-up Index),030000,제일기획
568,코리아 밸류업 지수(Korea Value-up Index),030190,NICE평가정보
568,코리아 밸류업 지수(Korea Value-up Index),030200,KT
568,코리아 밸류업 지수(Korea Value-up Index),031980,피에스케이홀딩스
568,코리아 밸류업 지수(Korea Value-up Index),033100,제룡전기
568,코리아 밸류업 지수(Korea Value-up Index),033780,KT&G
568,코리아 밸류업 지수(Korea Value-up Index),035250,강원랜드
568,코리아 밸류업 지수(Korea Value-up Index),035900,JYP Ent.
568,코리아 밸류업 지수(Korea Value-up Index),036930,주성엔지니어링
568,코리아 밸류업 지수(Korea Value-up Index),039130,하나투어
568,코리아 밸류업 지수(Korea Value-up Index),039490,키움증권
568,코리아 밸류업 지수(Korea Value-up Index),042700,한미반도체
568,코리아 밸류업 지수(Korea Value-up Index),047050,포스코인터내셔널
568,코리아 밸류업 지수(Korea Value-up Index),047810,한국항공우주
568,코리아 밸류업 지수(Korea Value-up Index),051600,한전KPS
568,코리아 밸류업 지수(Korea Value-up Index),052690,한전기술
568,코리아 밸류업 지수(Korea Value-up Index),055550,신한지주
568,코리아 밸류업 지수(Korea Value-up Index),058470,리노공업
568,코리아 밸류업 지수(Korea Value-up Index),064350,현대로템
568,코리아 밸류업 지수(Korea Value-up Index),064760,티씨케이
568,코리아 밸류업 지수(Korea Value-up Index),067160,SOOP
568,코리아 밸류업 지수(Korea Value-up Index),071050,한국금융지주
568,코리아 밸류업 지수(Korea Value-up Index),079550,LIG디펜스앤에어로스페이스
568,코리아 밸류업 지수(Korea Value-up Index),086280,현대글로비스
568,코리아 밸류업 지수(Korea Value-up Index),086790,하나금융지주
568,코리아 밸류업 지수(Korea Value-up Index),089860,롯데렌탈
568,코리아 밸류업 지수(Korea Value-up Index),090430,아모레퍼시픽
568,코리아 밸류업 지수(Korea Value-up Index),103140,풍산
568,코리아 밸류업 지수(Korea Value-up Index),105560,KB금융
568,코리아 밸류업 지수(Korea Value-up Index),128940,한미약품
568,코리아 밸류업 지수(Korea Value-up Index),138040,메리츠금융지주
568,코리아 밸류업 지수(Korea Value-up Index),140860,파크시스템스
568,코리아 밸류업 지수(Korea Value-up Index),145720,덴티움
568,코리아 밸류업 지수(Korea Value-up Index),175330,JB금융지주
568,코리아 밸류업 지수(Korea Value-up Index),180640,한진칼
568,코리아 밸류업 지수(Korea Value-up Index),183300,코미코
568,코리아 밸류업 지수(Korea Value-up Index),185750,종근당
568,코리아 밸류업 지수(Korea Value-up Index),192080,더블유게임즈
568,코리아 밸류업 지수(Korea Value-up Index),192650,드림텍
568,코리아 밸류업 지수(Korea Value-up Index),192820,코스맥스
568,코리아 밸류업 지수(Korea Value-up Index),214150,클래시스
568,코리아 밸류업 지수(Korea Value-up Index),214450,파마리서치
568,코리아 밸류업 지수(Korea Value-up Index),215200,메가스터디교육
568,코리아 밸류업 지수(Korea Value-up Index),241560,두산밥캣
568,코리아 밸류업 지수(Korea Value-up Index),259960,크래프톤
568,코리아 밸류업 지수(Korea Value-up Index),267250,HD현대
568,코리아 밸류업 지수(Korea Value-up Index),267260,HD현대일렉트릭
568,코리아 밸류업 지수(Korea Value-up Index),271560,오리온
568,코리아 밸류업 지수(Korea Value-up Index),272210,한화시스템
568,코리아 밸류업 지수(Korea Value-up Index),272290,이녹스첨단소재
568,코리아 밸류업 지수(Korea Value-up Index),282330,BGF리테일
568,코리아 밸류업 지수(Korea Value-up Index),290650,엘앤씨바이오
568,코리아 밸류업 지수(Korea Value-up Index),298020,효성티앤씨
568,코리아 밸류업 지수(Korea Value-up Index),298040,효성중공업
568,코리아 밸류업 지수(Korea Value-up Index),316140,우리금융지주
568,코리아 밸류업 지수(Korea Value-up Index),319660,피에스케이
568,코리아 밸류업 지수(Korea Value-up Index),336370,솔루스첨단소재
568,코리아 밸류업 지수(Korea Value-up Index),336570,원텍
568,코리아 밸류업 지수(Korea Value-up Index),348210,넥스틴
568,코리아 밸류업 지수(Korea Value-up Index),357780,솔브레인
568,코리아 밸류업 지수(Korea Value-up Index),381970,케이카
568,코리아 밸류업 지수(Korea Value-up Index),383220,F&F
568,코리아 밸류업 지수(Korea Value-up Index),383310,에코프로에이치엔
568,코리아 밸류업 지수(Korea Value-up Index),403870,HPSP
464,콜드체인(저온 유통),000640,동아쏘시오홀딩스
464,콜드체인(저온 유통),006890,태경케미컬
464,콜드체인(저온 유통),014130,한익스프레스
464,콜드체인(저온 유통),038070,서린바이오
464,콜드체인(저온 유통),068330,일신바이오
464,콜드체인(저온 유통),083450,GST
464,콜드체인(저온 유통),096350,대창솔루션
464,콜드체인(저온 유통),115450,HLB테라퓨틱스
464,콜드체인(저온 유통),119830,아이텍
464,콜드체인(저온 유통),131220,대한과학
464,콜드체인(저온 유통),144510,지씨셀
464,콜드체인(저온 유통),175250,아이큐어
464,콜드체인(저온 유통),246960,SCL사이언스
598,콩/대두,006880,신송홀딩스
598,콩/대두,007540,샘표
598,콩/대두,017810,풀무원
598,콩/대두,218150,미래생명자원
598,콩/대두,248170,샘표식품
474,쿠팡(coupang),004140,동방
474,쿠팡(coupang),004410,서울식품
474,쿠팡(coupang),006200,한국전자홀딩스
474,쿠팡(coupang),006890,태경케미컬
474,쿠팡(coupang),009070,KCTC
474,쿠팡(coupang),025770,한국정보통신
474,쿠팡(coupang),054300,팬스타엔터프라이즈
474,쿠팡(coupang),064260,다날
474,쿠팡(coupang),067170,오텍
474,쿠팡(coupang),086980,쇼박스
474,쿠팡(coupang),092200,디아이씨
474,쿠팡(coupang),094480,갤럭시아머니트리
474,쿠팡(coupang),160550,NEW
474,쿠팡(coupang),189980,흥국에프엔비
474,쿠팡(coupang),218150,미래생명자원
474,쿠팡(coupang),234340,헥토파이낸셜
474,쿠팡(coupang),236810,엔비티
474,쿠팡(coupang),289010,아이스크림에듀
474,쿠팡(coupang),297570,아틀라스링크
474,쿠팡(coupang),321820,아티스트컴퍼니
474,쿠팡(coupang),365550,ESR켄달스퀘어리츠
276,클라우드 컴퓨팅,010280,아이티센엔텍
276,클라우드 컴퓨팅,012030,DB
276,클라우드 컴퓨팅,017670,SK텔레콤
276,클라우드 컴퓨팅,018260,삼성에스디에스
276,클라우드 컴퓨팅,022100,포스코DX
276,클라우드 컴퓨팅,023590,다우기술
276,클라우드 컴퓨팅,030200,KT
276,클라우드 컴퓨팅,030520,한컴
276,클라우드 컴퓨팅,034730,SK
276,클라우드 컴퓨팅,035420,NAVER
276,클라우드 컴퓨팅,041020,폴라리스오피스
276,클라우드 컴퓨팅,049470,비트플래닛
276,클라우드 컴퓨팅,049480,오픈베이스
276,클라우드 컴퓨팅,053800,안랩
276,클라우드 컴퓨팅,058970,엠로
276,클라우드 컴퓨팅,060850,영림원소프트랩
276,클라우드 컴퓨팅,064400,LG씨엔에스
276,클라우드 컴퓨팅,064800,포니링크
276,클라우드 컴퓨팅,069410,엔텔스
276,클라우드 컴퓨팅,072130,유엔젤
276,클라우드 컴퓨팅,079940,가비아
276,클라우드 컴퓨팅,093320,케이아이엔엑스
276,클라우드 컴퓨팅,094280,효성ITX
276,클라우드 컴퓨팅,170790,파이오링크
276,클라우드 컴퓨팅,184230,SGA솔루션즈
276,클라우드 컴퓨팅,189690,포시에스
276,클라우드 컴퓨팅,192250,케이사인
276,클라우드 컴퓨팅,205100,엑셈
276,클라우드 컴퓨팅,220180,폴라리스AI핸디
276,클라우드 컴퓨팅,242040,나무AX
276,클라우드 컴퓨팅,290270,휴네시온
276,클라우드 컴퓨팅,304100,솔트룩스
276,클라우드 컴퓨팅,307870,비투엔
276,클라우드 컴퓨팅,328380,솔트웨어
276,클라우드 컴퓨팅,443670,에스피소프트
385,키오스크(KIOSK),004920,씨아이테크
385,키오스크(KIOSK),052600,한네트
385,키오스크(KIOSK),063570,NICE인프라
385,키오스크(KIOSK),089150,케이씨티
385,키오스크(KIOSK),094940,푸른로보틱스
385,키오스크(KIOSK),101140,인바이오젠
385,키오스크(KIOSK),105760,포스뱅크
385,키오스크(KIOSK),115500,케이씨에스
385,키오스크(KIOSK),136540,윈스테크넷
385,키오스크(KIOSK),177830,파버나인
167,타이어,000240,한국앤컴퍼니
167,타이어,002350,넥센타이어
167,타이어,005720,넥센
167,타이어,011780,금호석유화학
167,타이어,073240,금호타이어
167,타이어,120110,코오롱인더
167,타이어,161390,한국타이어앤테크놀로지
167,타이어,298020,효성티앤씨
167,타이어,298050,HS효성첨단소재
242,탄소나노튜브(CNT),011780,금호석유화학
242,탄소나노튜브(CNT),027580,상보
242,탄소나노튜브(CNT),049480,오픈베이스
242,탄소나노튜브(CNT),051910,LG화학
242,탄소나노튜브(CNT),418550,제이오
581,탈 플라스틱(친환경/생분해성 등),014970,삼륭물산
581,탈 플라스틱(친환경/생분해성 등),037230,한국팩키지
581,탈 플라스틱(친환경/생분해성 등),038110,에코플라스틱
581,탈 플라스틱(친환경/생분해성 등),092200,디아이씨
581,탈 플라스틱(친환경/생분해성 등),260930,씨티케이
581,탈 플라스틱(친환경/생분해성 등),272550,삼양패키징
581,탈 플라스틱(친환경/생분해성 등),285800,진영
581,탈 플라스틱(친환경/생분해성 등),340440,세림B&G
506,탈모 치료,001060,JW중외제약
506,탈모 치료,002210,동성제약
506,탈모 치료,002800,신신제약
506,탈모 치료,003850,보령
506,탈모 치료,004310,현대약품
506,탈모 치료,006490,프리티
506,탈모 치료,014950,삼익제약
506,탈모 치료,017180,명문제약
506,탈모 치료,052260,현대바이오랜드
506,탈모 치료,064550,바이오니아
506,탈모 치료,065660,안트로젠
506,탈모 치료,067290,JW신약
506,탈모 치료,069620,대웅제약
506,탈모 치료,090370,메타랩스
506,탈모 치료,118000,메타케어
506,탈모 치료,217730,강스템바이오텍
506,탈모 치료,226950,올릭스
506,탈모 치료,260660,알리코제약
506,탈모 치료,277410,인산가
506,탈모 치료,304840,피플바이오
506,탈모 치료,317240,TS트릴리온
506,탈모 치료,330350,위더스제약
506,탈모 치료,344860,이노진
506,탈모 치료,376900,로킷헬스케어
506,탈모 치료,377220,프롬바이오
506,탈모 치료,378800,샤페론
506,탈모 치료,389470,인벤티지랩
506,탈모 치료,420570,제이투케이바이오
191,태양광에너지,000880,한화
191,태양광에너지,002150,도화엔지니어링
191,태양광에너지,002380,KCC
191,태양광에너지,003010,혜인
191,태양광에너지,003070,코오롱글로벌
191,태양광에너지,004710,한솔테크닉스
191,태양광에너지,009830,한화솔루션
191,태양광에너지,010060,OCI홀딩스
191,태양광에너지,010120,LS ELECTRIC
191,태양광에너지,011930,신성이엔지
191,태양광에너지,012340,뉴인텍
191,태양광에너지,015760,한국전력
191,태양광에너지,028260,삼성물산
191,태양광에너지,036930,주성엔지니어링
191,태양광에너지,039020,이건홀딩스
191,태양광에너지,042600,새로닉스
191,태양광에너지,043200,파루
191,태양광에너지,050760,에스폴리텍
191,태양광에너지,058730,다스코
191,태양광에너지,060900,에이전트AI
191,태양광에너지,078600,대주전자재료
191,태양광에너지,083310,엘오티베큠
191,태양광에너지,083930,아바코
191,태양광에너지,086390,유니테스트
191,태양광에너지,093520,매커스
191,태양광에너지,095910,에스에너지
191,태양광에너지,099220,SDN
191,태양광에너지,104040,디에스엠
191,태양광에너지,109610,에스와이
191,태양광에너지,115530,씨엔플러스
191,태양광에너지,121600,나노신소재
191,태양광에너지,126720,수산인더스트리
191,태양광에너지,140670,알에스오토메이션
191,태양광에너지,183300,코미코
191,태양광에너지,240810,원익IPS
191,태양광에너지,281740,레이크머티리얼즈
191,태양광에너지,282720,금양그린파워
191,태양광에너지,322000,HD현대에너지솔루션
191,태양광에너지,382800,지앤비에스 에코
191,태양광에너지,388050,지투파워
191,태양광에너지,389260,대명에너지
191,태양광에너지,453450,그리드위즈
191,태양광에너지,456040,OCI
191,태양광에너지,475150,SK이터닉스
82,태풍 및 장마,000490,대동
82,태풍 및 장마,001550,조비
82,태풍 및 장마,002100,경농
82,태풍 및 장마,004000,롯데정밀화학
82,태풍 및 장마,007590,동방아그로
82,태풍 및 장마,025860,남해화학
82,태풍 및 장마,043200,파루
82,태풍 및 장마,060150,인선이엔티
82,태풍 및 장마,060260,뉴보텍
82,태풍 및 장마,101670,하이드로리튬
181,테마파크,000720,현대건설
181,테마파크,020710,시공테크
181,테마파크,023350,한국종합기술
181,테마파크,066620,국보디자인
181,테마파크,084680,이월드
181,테마파크,464580,닷밀
497,토스(toss),003530,한화투자증권
497,토스(toss),020180,대신정보통신
497,토스(toss),041460,한국전자인증
497,토스(toss),084680,이월드
497,토스(toss),086790,하나금융지주
497,토스(toss),236810,엔비티
126,통신,017670,SK텔레콤
126,통신,030200,KT
126,통신,032640,LG유플러스
92,통신장비,032500,케이엠더블유
92,통신장비,033790,피노
92,통신장비,035460,기산텔레콤
92,통신장비,037460,삼지전자
92,통신장비,039560,다산네트웍스
92,통신장비,046970,우리로
92,통신장비,049080,기가레인
92,통신장비,050890,쏠리드
92,통신장비,056360,코위버
92,통신장비,060370,LS마린솔루션
92,통신장비,062970,한국첨단소재
92,통신장비,065530,와이어블
92,통신장비,065770,CS
92,통신장비,069540,빛과전자
92,통신장비,072950,빛샘전자
92,통신장비,073490,LIG아큐버
92,통신장비,073540,에프알텍
92,통신장비,078890,가온그룹
92,통신장비,088280,쏘닉스
92,통신장비,088800,에이스테크
92,통신장비,091440,한울소재과학
92,통신장비,095270,웨이브일렉트로
92,통신장비,100590,머큐리
92,통신장비,109070,주성코퍼레이션
92,통신장비,109080,옵티시스
92,통신장비,115440,우리넷
92,통신장비,138080,오이솔루션
92,통신장비,148250,알엔투테크놀로지
92,통신장비,170790,파이오링크
92,통신장비,175140,아고스
92,통신장비,178320,서진시스템
92,통신장비,189300,인텔리안테크
92,통신장비,192410,오늘이엔엠
92,통신장비,200230,텔콘RF제약
92,통신장비,211270,AP위성
92,통신장비,215790,이노인스트루먼트
92,통신장비,217590,티엠씨
92,통신장비,218410,RFHIC
92,통신장비,230240,에치에프알
92,통신장비,264450,유비쿼스
92,통신장비,289930,웨이비스
92,통신장비,321370,센서뷰
92,통신장비,327260,RF머트리얼즈
92,통신장비,340360,다보링크
92,통신장비,388790,라이콤
92,통신장비,389020,자람테크놀로지
92,통신장비,487400,케이앤에스아이앤씨
32,패션/의류,000680,LS네트웍스
32,패션/의류,001460,BYC
32,패션/의류,002070,비비안
32,패션/의류,004060,SG세계물산
32,패션/의류,005320,온타이드
32,패션/의류,005800,신영와코루
32,패션/의류,006060,화승인더
32,패션/의류,007980,TP
32,패션/의류,008290,원풍물산
32,패션/의류,009270,신원
32,패션/의류,011080,형지I&C
32,패션/의류,014990,인디에프
32,패션/의류,016090,대현
32,패션/의류,020000,한섬
32,패션/의류,026040,제이에스티나
32,패션/의류,028260,삼성물산
32,패션/의류,031430,신세계인터내셔날
32,패션/의류,032080,아즈텍WB
32,패션/의류,033340,좋은사람들
32,패션/의류,036620,감성코퍼레이션
32,패션/의류,039980,폴라리스AI
32,패션/의류,047770,코데즈컴바인
32,패션/의류,064800,포니링크
32,패션/의류,065060,지엔코
32,패션/의류,069640,한세엠케이
32,패션/의류,081660,미스토홀딩스
32,패션/의류,084870,TBH글로벌
32,패션/의류,088790,진도
32,패션/의류,090370,메타랩스
32,패션/의류,093050,LF
32,패션/의류,093240,형지엘리트
32,패션/의류,098660,에스티오
32,패션/의류,105630,한세실업
32,패션/의류,109670,씨싸이트
32,패션/의류,110790,크리스에프앤씨
32,패션/의류,111110,호전실업
32,패션/의류,111380,동인기연
32,패션/의류,111770,영원무역
32,패션/의류,120110,코오롱인더
32,패션/의류,145170,노브랜드
32,패션/의류,194370,제이에스코퍼레이션
32,패션/의류,204020,그리티
32,패션/의류,215480,토박스코리아
32,패션/의류,225590,패션플랫폼
32,패션/의류,241590,화승엔터프라이즈
32,패션/의류,267790,배럴
32,패션/의류,278470,에이피알
32,패션/의류,282620,기도산업
32,패션/의류,298540,더네이쳐홀딩스
32,패션/의류,306040,에스제이그룹
32,패션/의류,308100,형지글로벌
32,패션/의류,335870,윙스풋
32,패션/의류,337930,젝시믹스
32,패션/의류,366030,나인앤컴퍼니
32,패션/의류,383220,F&F
32,패션/의류,462310,뉴키즈온
32,패션/의류,472850,폰드그룹
32,패션/의류,478560,블랙야크아이앤씨
32,패션/의류,481070,에이유브랜즈
32,패션/의류,483350,딜리셔스
32,패션/의류,900110,딥커머스
534,페라이트,004710,한솔테크닉스
534,페라이트,007770,한일화학
534,페라이트,009470,삼화전기
534,페라이트,011230,삼화전자
534,페라이트,015890,태경산업
534,페라이트,037370,EG
534,페라이트,047400,유니온머티리얼
534,페라이트,079190,케스피온
534,페라이트,095500,미래나노텍
534,페라이트,101240,씨큐브
534,페라이트,125210,아모그린텍
534,페라이트,148250,알엔투테크놀로지
534,페라이트,263810,상신전자
534,페라이트,357580,아모센스
330,페인트,000320,노루홀딩스
330,페인트,000390,SP삼화
330,페인트,000860,강남제비스코
330,페인트,002380,KCC
330,페인트,004910,조광페인트
330,페인트,006840,AK홀딩스
330,페인트,007210,벽산
330,페인트,090350,노루페인트
384,편의점,004990,롯데지주
384,편의점,007070,GS리테일
384,편의점,024800,유성티엔에스
384,편의점,139480,이마트
384,편의점,282330,BGF리테일
197,폐기물처리,004150,한솔홀딩스
197,폐기물처리,009410,태영건설
197,폐기물처리,011370,서한
197,폐기물처리,060150,인선이엔티
197,폐기물처리,067900,와이엔텍
500,폐배터리,004250,NPC
500,폐배터리,005380,현대차
500,폐배터리,005420,코스모화학
500,폐배터리,005490,POSCO홀딩스
500,폐배터리,010780,아이에스동서
500,폐배터리,017860,DS단석
500,폐배터리,047310,파워로직스
500,폐배터리,060150,인선이엔티
500,폐배터리,076080,웰크론한텍
500,폐배터리,086520,에코프로
500,폐배터리,096770,SK이노베이션
500,폐배터리,107600,새빗켐
500,폐배터리,217820,원익피앤이
500,폐배터리,256940,킵스파마
500,폐배터리,265560,영화테크
500,폐배터리,267320,나인테크
500,폐배터리,299030,하나기술
500,폐배터리,365340,성일하이텍
500,폐배터리,373220,LG에너지솔루션
500,폐배터리,377330,이지트로닉스
404,폴더블폰,005930,삼성전자
404,폴더블폰,009150,삼성전기
404,폴더블폰,011790,SKC
404,폴더블폰,014190,원익큐브
404,폴더블폰,027580,상보
404,폴더블폰,034220,LG디스플레이
404,폴더블폰,051370,인터플렉스
404,폴더블폰,051910,LG화학
404,폴더블폰,055490,테이팩스
404,폴더블폰,060720,KH바텍
404,폴더블폰,089010,켐트로닉스
404,폴더블폰,090460,비에이치
404,폴더블폰,094170,동운아나텍
404,폴더블폰,096630,에스코넥
404,폴더블폰,120110,코오롱인더
404,폴더블폰,131760,파인텍
404,폴더블폰,148150,세경하이테크
404,폴더블폰,178920,PI첨단소재
404,폴더블폰,179900,유티아이
404,폴더블폰,272290,이녹스첨단소재
404,폴더블폰,285490,노바텍
404,폴더블폰,290550,디케이티
404,폴더블폰,441270,파인엠텍
404,폴더블폰,484120,도우인시스
188,풍력에너지,000720,현대건설
188,풍력에너지,003030,세아제강지주
188,풍력에너지,003070,코오롱글로벌
188,풍력에너지,004440,삼일씨엔에스
188,풍력에너지,004800,효성
188,풍력에너지,005160,동국산업
188,풍력에너지,005490,POSCO홀딩스
188,풍력에너지,006260,LS
188,풍력에너지,013810,스페코
188,풍력에너지,015760,한국전력
188,풍력에너지,018000,유니슨
188,풍력에너지,024880,케이피에프
188,풍력에너지,032820,우리기술
188,풍력에너지,034020,두산에너빌리티
188,풍력에너지,044490,태웅
188,풍력에너지,052690,한전기술
188,풍력에너지,054540,삼영엠텍
188,풍력에너지,060370,LS마린솔루션
188,풍력에너지,068790,DMS
188,풍력에너지,075580,세진중공업
188,풍력에너지,096350,대창솔루션
188,풍력에너지,100090,SK오션플랜트
188,풍력에너지,100130,동국S&C
188,풍력에너지,100660,서암기계공업
188,풍력에너지,101170,우림피티에스
188,풍력에너지,112610,씨에스윈드
188,풍력에너지,115530,씨엔플러스
188,풍력에너지,119500,포메탈
188,풍력에너지,229640,LS에코에너지
188,풍력에너지,282720,금양그린파워
188,풍력에너지,297090,씨에스베어링
188,풍력에너지,298040,효성중공업
188,풍력에너지,306200,세아제강
188,풍력에너지,389260,대명에너지
188,풍력에너지,417030,니어스랩
188,풍력에너지,417200,LS머트리얼즈
188,풍력에너지,475150,SK이터닉스
576,퓨리오사AI,054300,팬스타엔터프라이즈
576,퓨리오사AI,088340,유라클
576,퓨리오사AI,096250,와이즈넛
576,퓨리오사AI,124500,아이티센글로벌
576,퓨리오사AI,241520,DSC인베스트먼트
576,퓨리오사AI,246690,TS인베스트먼트
576,퓨리오사AI,293580,나우IB
576,퓨리오사AI,309960,LB인베스트먼트
576,퓨리오사AI,317770,엑스페릭스
576,퓨리오사AI,389140,포바이포
576,퓨리오사AI,393210,토마토시스템
382,플렉서블 디스플레이,005930,삼성전자
382,플렉서블 디스플레이,011790,SKC
382,플렉서블 디스플레이,012610,경인양행
382,플렉서블 디스플레이,034220,LG디스플레이
382,플렉서블 디스플레이,036930,주성엔지니어링
382,플렉서블 디스플레이,038060,루멘스
382,플렉서블 디스플레이,051370,인터플렉스
382,플렉서블 디스플레이,056190,SFA
382,플렉서블 디스플레이,059100,아이컴포넌트
382,플렉서블 디스플레이,068790,DMS
382,플렉서블 디스플레이,079810,APS이노베이션
382,플렉서블 디스플레이,089890,코세스
382,플렉서블 디스플레이,120110,코오롱인더
382,플렉서블 디스플레이,131760,파인텍
382,플렉서블 디스플레이,141000,비아트론
382,플렉서블 디스플레이,161580,필옵틱스
382,플렉서블 디스플레이,178920,PI첨단소재
382,플렉서블 디스플레이,179900,유티아이
382,플렉서블 디스플레이,213420,덕산네오룩스
382,플렉서블 디스플레이,251630,브이원텍
382,플렉서블 디스플레이,265520,AP시스템
382,플렉서블 디스플레이,290520,신도기연
382,플렉서블 디스플레이,297890,HB솔루션
382,플렉서블 디스플레이,469610,이노테크
382,플렉서블 디스플레이,484120,도우인시스
587,피지컬 AI/휴머노이드 로봇,000270,기아
587,피지컬 AI/휴머노이드 로봇,000850,화천기공
587,피지컬 AI/휴머노이드 로봇,005380,현대차
587,피지컬 AI/휴머노이드 로봇,005930,삼성전자
587,피지컬 AI/휴머노이드 로봇,011070,LG이노텍
587,피지컬 AI/휴머노이드 로봇,011210,현대위아
587,피지컬 AI/휴머노이드 로봇,012330,현대모비스
587,피지컬 AI/휴머노이드 로봇,022100,포스코DX
587,피지컬 AI/휴머노이드 로봇,056080,유진로봇
587,피지컬 AI/휴머노이드 로봇,059120,아진엑스텍
587,피지컬 AI/휴머노이드 로봇,061090,세나테크놀로지
587,피지컬 AI/휴머노이드 로봇,066570,LG전자
587,피지컬 AI/휴머노이드 로봇,086280,현대글로비스
587,피지컬 AI/휴머노이드 로봇,086960,MDS테크
587,피지컬 AI/휴머노이드 로봇,101170,우림피티에스
587,피지컬 AI/휴머노이드 로봇,108490,로보티즈
587,피지컬 AI/휴머노이드 로봇,117730,티로보틱스
587,피지컬 AI/휴머노이드 로봇,125490,한라캐스트
587,피지컬 AI/휴머노이드 로봇,140670,알에스오토메이션
587,피지컬 AI/휴머노이드 로봇,199430,케이엔알시스템
587,피지컬 AI/휴머노이드 로봇,234030,싸이닉솔루션
587,피지컬 AI/휴머노이드 로봇,241690,유니테크노
587,피지컬 AI/휴머노이드 로봇,264450,유비쿼스
587,피지컬 AI/휴머노이드 로봇,264850,이랜시스
587,피지컬 AI/휴머노이드 로봇,267320,나인테크
587,피지컬 AI/휴머노이드 로봇,277810,레인보우로보틱스
587,피지컬 AI/휴머노이드 로봇,286940,롯데이노베이트
587,피지컬 AI/휴머노이드 로봇,298830,슈어소프트테크
587,피지컬 AI/휴머노이드 로봇,307180,아이엘
587,피지컬 AI/휴머노이드 로봇,307950,현대오토에버
587,피지컬 AI/휴머노이드 로봇,348340,뉴로메카
587,피지컬 AI/휴머노이드 로봇,355390,크라우드웍스
587,피지컬 AI/휴머노이드 로봇,377480,마음AI
587,피지컬 AI/휴머노이드 로봇,389500,에스비비테크
587,피지컬 AI/휴머노이드 로봇,432470,케이엔에스
587,피지컬 AI/휴머노이드 로봇,437730,삼현
587,피지컬 AI/휴머노이드 로봇,448900,한국피아이엠
587,피지컬 AI/휴머노이드 로봇,455900,엔젤로보틱스
587,피지컬 AI/휴머노이드 로봇,459510,나우로보틱스
587,피지컬 AI/휴머노이드 로봇,464080,에스오에스랩
587,피지컬 AI/휴머노이드 로봇,466100,클로봇
587,피지컬 AI/휴머노이드 로봇,475400,씨메스로보틱스
587,피지컬 AI/휴머노이드 로봇,477850,마키나락스
520,피팅(관이음쇠)/밸브,013030,하이록코리아
520,피팅(관이음쇠)/밸브,014620,성광벤드
520,피팅(관이음쇠)/밸브,023160,태광
520,피팅(관이음쇠)/밸브,025550,한국선재
520,피팅(관이음쇠)/밸브,039610,화성밸브
520,피팅(관이음쇠)/밸브,073010,케이에스피
520,피팅(관이음쇠)/밸브,086670,비엠티
520,피팅(관이음쇠)/밸브,105740,디케이락
520,피팅(관이음쇠)/밸브,452280,한선엔지니어링
342,핀테크(FinTech),025770,한국정보통신
342,핀테크(FinTech),030200,KT
342,핀테크(FinTech),034730,SK
342,핀테크(FinTech),035420,NAVER
342,핀테크(FinTech),035600,KG이니시스
342,핀테크(FinTech),035720,카카오
342,핀테크(FinTech),039290,인포뱅크
342,핀테크(FinTech),041460,한국전자인증
342,핀테크(FinTech),042510,라온시큐어
342,핀테크(FinTech),046440,KG파이낸셜
342,핀테크(FinTech),047560,이스트소프트
342,핀테크(FinTech),052400,코나아이
342,핀테크(FinTech),052710,아모텍
342,핀테크(FinTech),053300,한국정보인증
342,핀테크(FinTech),053350,이니텍
342,핀테크(FinTech),053580,웹케시
342,핀테크(FinTech),054920,한컴위드
342,핀테크(FinTech),060250,NHN KCP
342,핀테크(FinTech),064260,다날
342,핀테크(FinTech),064480,브리지텍
342,핀테크(FinTech),067920,이글루
342,핀테크(FinTech),079940,가비아
342,핀테크(FinTech),081580,성우전자
342,핀테크(FinTech),094480,갤럭시아머니트리
342,핀테크(FinTech),131090,시큐브
342,핀테크(FinTech),158430,아톤
342,핀테크(FinTech),163730,핑거
342,핀테크(FinTech),184230,SGA솔루션즈
342,핀테크(FinTech),214180,헥토이노베이션
342,핀테크(FinTech),232830,아이티센피엔에스
342,핀테크(FinTech),234340,헥토파이낸셜
342,핀테크(FinTech),377300,카카오페이
342,핀테크(FinTech),408470,한패스
166,항공/저가 항공사(LCC),003490,대한항공
166,항공/저가 항공사(LCC),004870,티웨이홀딩스
166,항공/저가 항공사(LCC),006840,AK홀딩스
166,항공/저가 항공사(LCC),020560,아시아나항공
166,항공/저가 항공사(LCC),089590,제주항공
166,항공/저가 항공사(LCC),091810,트리니티항공
166,항공/저가 항공사(LCC),180640,한진칼
166,항공/저가 항공사(LCC),272450,진에어
166,항공/저가 항공사(LCC),298690,에어부산
379,항공기부품,003490,대한항공
379,항공기부품,005870,휴니드
379,항공기부품,011210,현대위아
379,항공기부품,012450,한화에어로스페이스
379,항공기부품,017960,한국카본
379,항공기부품,034020,두산에너빌리티
379,항공기부품,046120,오르비텍
379,항공기부품,047810,한국항공우주
379,항공기부품,067390,아스트
379,항공기부품,079550,LIG디펜스앤에어로스페이스
379,항공기부품,095190,신화프리텍
379,항공기부품,215090,솔디펜스
379,항공기부품,221840,하이즈항공
379,항공기부품,274090,켄코아에어로스페이스
379,항공기부품,288180,케이피항공산업
36,해운,003280,흥아해운
36,해운,005880,대한해운
36,해운,011200,HMM
36,해운,028670,팬오션
36,해운,044450,KSS해운
36,해운,465770,STX그린로지스
213,해저터널(지하화/지하도로 등),006260,LS
213,해저터널(지하화/지하도로 등),011390,부산산업
213,해저터널(지하화/지하도로 등),017510,세명전기
213,해저터널(지하화/지하도로 등),025550,한국선재
213,해저터널(지하화/지하도로 등),026150,특수건설
213,해저터널(지하화/지하도로 등),028100,동아지질
213,해저터널(지하화/지하도로 등),046940,우원개발
213,해저터널(지하화/지하도로 등),060370,LS마린솔루션
213,해저터널(지하화/지하도로 등),125020,티씨머티리얼즈
187,핵융합에너지,001820,삼화콘덴서
187,핵융합에너지,002240,고려제강
187,핵융합에너지,034020,두산에너빌리티
187,핵융합에너지,042370,비츠로테크
187,핵융합에너지,056190,SFA
187,핵융합에너지,094820,일진파워
187,핵융합에너지,250060,모비스
187,핵융합에너지,488900,비츠로넥스텍
407,호텔/리조트,001740,SK네트웍스
407,호텔/리조트,006730,서부T&D
407,호텔/리조트,007720,소노스퀘어
407,호텔/리조트,008770,호텔신라
407,호텔/리조트,025980,아난티
407,호텔/리조트,032350,롯데관광개발
407,호텔/리조트,034230,파라다이스
407,호텔/리조트,035250,강원랜드
407,호텔/리조트,070960,모나용평
407,호텔/리조트,139480,이마트
407,호텔/리조트,194370,제이에스코퍼레이션
407,호텔/리조트,294870,IPARK현대산업개발
407,호텔/리조트,499790,GS피앤엘
38,홈쇼핑,003240,태광산업
38,홈쇼핑,007070,GS리테일
38,홈쇼핑,023530,롯데쇼핑
38,홈쇼핑,035760,CJ ENM
468,화이자(PFIZER),000100,유한양행
468,화이자(PFIZER),005690,파미셀
468,화이자(PFIZER),018680,서울제약
468,화이자(PFIZER),023910,대한약품
468,화이자(PFIZER),271980,제일약품
110,화장품,002210,동성제약
110,화장품,002720,국제약품
110,화장품,002790,아모레퍼시픽홀딩스
110,화장품,002840,미원상사
110,화장품,003350,한국화장품제조
110,화장품,003580,HLB글로벌
110,화장품,005690,파미셀
110,화장품,006490,프리티
110,화장품,006620,동구바이오제약
110,화장품,007390,네이처셀
110,화장품,016100,리더스코스메틱
110,화장품,018250,애경산업
110,화장품,018290,브이티
110,화장품,018700,졸스
110,화장품,019660,글로본
110,화장품,021240,코웨이
110,화장품,024720,콜마홀딩스
110,화장품,025620,차AI헬스케어
110,화장품,027050,코리아나
110,화장품,031430,신세계인터내셔날
110,화장품,032860,더라미
110,화장품,048410,현대바이오
110,화장품,049830,승일
110,화장품,051900,LG생활건강
110,화장품,052260,현대바이오랜드
110,화장품,053980,오상자이엘
110,화장품,078140,대봉엘에스
110,화장품,078520,에이블씨엔씨
110,화장품,080530,코디
110,화장품,083660,CSA 코스믹
110,화장품,086710,선진뷰티사이언스
110,화장품,090370,메타랩스
110,화장품,090430,아모레퍼시픽
110,화장품,092730,네오팜
110,화장품,101240,씨큐브
110,화장품,114840,아이패밀리에스씨
110,화장품,123330,제닉
110,화장품,123690,한국화장품
110,화장품,137940,넥스트아이
110,화장품,142760,모아라이프플러스
110,화장품,159580,제로투세븐
110,화장품,159910,에코글로우
110,화장품,161890,한국콜마
110,화장품,168330,내츄럴엔도텍
110,화장품,175250,아이큐어
110,화장품,192440,슈피겐코리아
110,화장품,192820,코스맥스
110,화장품,196300,HLB펩
110,화장품,200130,콜마비앤에이치
110,화장품,214150,클래시스
110,화장품,214260,라파스
110,화장품,214370,케어젠
110,화장품,214420,토니모리
110,화장품,214450,파마리서치
110,화장품,217730,강스템바이오텍
110,화장품,219550,디와이디
110,화장품,225430,케이엠제약
110,화장품,226320,잇츠한불
110,화장품,226340,본느
110,화장품,227610,아우딘퓨쳐스
110,화장품,237880,클리오
110,화장품,241710,코스메카코리아
110,화장품,251970,펌텍코리아
110,화장품,252500,세화피앤씨
110,화장품,257720,실리콘투
110,화장품,260930,씨티케이
110,화장품,263920,휴엠앤씨
110,화장품,265740,엔에프씨
110,화장품,278470,에이피알
110,화장품,290650,엘앤씨바이오
110,화장품,298060,풍전약품
110,화장품,314130,지놈앤컴퍼니
110,화장품,318160,셀바이오휴먼텍
110,화장품,347740,피엔케이피부임상연구센타
110,화장품,351320,넥사다이내믹스
110,화장품,352480,씨앤씨인터내셔널
110,화장품,362320,청담글로벌
110,화장품,377220,프롬바이오
110,화장품,388610,지에프씨생명과학
110,화장품,406820,뷰티스킨
110,화장품,420570,제이투케이바이오
110,화장품,439090,마녀공장
110,화장품,451250,삐아
110,화장품,453860,에이에스텍
110,화장품,460870,에스엠씨지
110,화장품,462310,뉴키즈온
110,화장품,471820,셀로맥스사이언스
110,화장품,483650,달바글로벌
110,화장품,489460,바이오비쥬
110,화장품,900270,헝셩그룹
110,화장품,900300,오가닉티코스메틱
110,화장품,900310,컬러레이
110,화장품,950140,잉글우드랩
8,화폐/금융자동화기기(디지털화폐 등),040160,누리플렉스
8,화폐/금융자동화기기(디지털화폐 등),052600,한네트
8,화폐/금융자동화기기(디지털화폐 등),053160,프리엠스
8,화폐/금융자동화기기(디지털화폐 등),063570,NICE인프라
8,화폐/금융자동화기기(디지털화폐 등),067730,로지시스
8,화폐/금융자동화기기(디지털화폐 등),089150,케이씨티
8,화폐/금융자동화기기(디지털화폐 등),094940,푸른로보틱스
8,화폐/금융자동화기기(디지털화폐 등),103140,풍산
8,화폐/금융자동화기기(디지털화폐 등),115500,케이씨에스
8,화폐/금융자동화기기(디지털화폐 등),377300,카카오페이
319,화학섬유,003240,태광산업
319,화학섬유,003830,대한화섬
319,화학섬유,011300,우성머티리얼스
319,화학섬유,079980,휴비스
319,화학섬유,120110,코오롱인더
319,화학섬유,298020,효성티앤씨
31,환율하락 수혜,000070,삼양홀딩스
31,환율하락 수혜,000080,하이트진로
31,환율하락 수혜,001130,대한제분
31,환율하락 수혜,001680,대상
31,환율하락 수혜,001790,대한제당
31,환율하락 수혜,002680,한탑
31,환율하락 수혜,003010,혜인
31,환율하락 수혜,003490,대한항공
31,환율하락 수혜,004020,현대제철
31,환율하락 수혜,004370,농심
31,환율하락 수혜,005490,POSCO홀딩스
31,환율하락 수혜,005880,대한해운
31,환율하락 수혜,007310,오뚜기
31,환율하락 수혜,010130,고려아연
31,환율하락 수혜,010950,S-Oil
31,환율하락 수혜,015760,한국전력
31,환율하락 수혜,020560,아시아나항공
31,환율하락 수혜,036460,한국가스공사
31,환율하락 수혜,039130,하나투어
31,환율하락 수혜,080160,모두투어
31,환율하락 수혜,097950,CJ제일제당
31,환율하락 수혜,103140,풍산
31,환율하락 수혜,271560,오리온
19,황사/미세먼지,000520,삼일제약
19,황사/미세먼지,001060,JW중외제약
19,황사/미세먼지,001540,안국약품
19,황사/미세먼지,002720,국제약품
19,황사/미세먼지,003850,보령
19,황사/미세먼지,012690,모나리자
19,황사/미세먼지,021240,코웨이
19,황사/미세먼지,022100,포스코DX
19,황사/미세먼지,037070,파세코
19,황사/미세먼지,044340,위닉스
19,황사/미세먼지,045520,크린앤사이언스
19,황사/미세먼지,065510,휴비츠
19,황사/미세먼지,065950,웰크론
19,황사/미세먼지,066130,하츠
19,황사/미세먼지,068100,케이웨더
19,황사/미세먼지,069140,누리플랜
19,황사/미세먼지,071840,롯데하이마트
19,황사/미세먼지,079190,케스피온
19,황사/미세먼지,080470,성창오토텍
19,황사/미세먼지,083550,케이엠
19,황사/미세먼지,089980,상아프론테크
19,황사/미세먼지,131030,옵투스제약
19,황사/미세먼지,187790,나노
19,황사/미세먼지,352700,씨앤투스
19,황사/미세먼지,383310,에코프로에이치엔
298,희귀금속(희토류 등),000910,유니온
298,희귀금속(희토류 등),004560,현대비앤지스틸
298,희귀금속(희토류 등),005490,POSCO홀딩스
298,희귀금속(희토류 등),010130,고려아연
298,희귀금속(희토류 등),011230,삼화전자
298,희귀금속(희토류 등),011300,우성머티리얼스
298,희귀금속(희토류 등),024890,대원화성
298,희귀금속(희토류 등),037370,EG
298,희귀금속(희토류 등),047400,유니온머티리얼
298,희귀금속(희토류 등),075970,동국알앤에스
298,희귀금속(희토류 등),081150,티플랙스
298,희귀금속(희토류 등),127120,제이에스링크
298,희귀금속(희토류 등),222420,쎄노텍
298,희귀금속(희토류 등),229640,LS에코에너지
298,희귀금속(희토류 등),285490,노바텍
298,희귀금속(희토류 등),402490,그린리소스
298,희귀금속(희토류 등),419080,엔젯
