code,name,market,big_theme,primary_theme,secondary_theme_1,secondary_theme_2,secondary_theme_3,industry,legacy_theme_count,legacy_theme_all,event_theme_all,classification_source,confidence
126730,코칩,KOSDAQ,2차전지·전기차,2차전지,MLCC(적층세라믹콘덴서),,,전기제품,2,2차전지 | MLCC(적층세라믹콘덴서),,legacy_theme,높음
364950,에이아이코리아,KOSDAQ,2차전지·전기차,2차전지,,,,전자장비와기기,1,2차전지,,legacy_theme,높음
018290,브이티,KOSDAQ,2차전지·전기차,2차전지(LFP/리튬인산철),화장품,,,화장품,2,2차전지(LFP/리튬인산철) | 화장품,,legacy_theme,높음
032680,소프트센,KOSDAQ,2차전지·전기차,2차전지(LFP/리튬인산철),2차전지(장비),2차전지,원격진료/비대면진료(U-Healthcare),IT서비스,4,2차전지 | 2차전지(LFP/리튬인산철) | 2차전지(장비) | 원격진료/비대면진료(U-Healthcare),,legacy_theme,높음
032685,소프트센우,KOSDAQ,2차전지·전기차,2차전지(LFP/리튬인산철),2차전지(장비),2차전지,원격진료/비대면진료(U-Healthcare),IT서비스,4,2차전지 | 2차전지(LFP/리튬인산철) | 2차전지(장비) | 원격진료/비대면진료(U-Healthcare),,legacy_theme_inherited,중간
037030,파워넷,KOSDAQ,2차전지·전기차,2차전지(LFP/리튬인산철),전력반도체,2차전지,,전기제품,3,2차전지 | 2차전지(LFP/리튬인산철) | 전력반도체,,legacy_theme,높음
037370,EG,KOSDAQ,2차전지·전기차,2차전지(LFP/리튬인산철),수소에너지(수소차/연료전지 등),페라이트,희귀금속(희토류 등),비철금속,4,2차전지(LFP/리튬인산철) | 수소에너지(수소차/연료전지 등) | 페라이트 | 희귀금속(희토류 등),,legacy_theme,높음
125210,아모그린텍,KOSDAQ,2차전지·전기차,2차전지(LFP/리튬인산철),스마트그리드(지능형전력망),전기차 화재 방지(배터리 열폭주 등),전력저장장치(ESS),화학,10,2차전지(LFP/리튬인산철) | PCB(FPCB 등) | 갤럭시 부품주 | 리비안(RIVIAN) | 스마트그리드(지능형전력망) | 스마트폰 | 전기차 | 전기차 화재 방지(배터리 열폭주 등) | 전력저장장치(ESS) | 페라이트,,legacy_theme,높음
222080,SFA넥셀,KOSDAQ,2차전지·전기차,2차전지(LFP/리튬인산철),2차전지(전고체),전력저장장치(ESS),2차전지(장비),전기제품,7,2차전지 | 2차전지(LFP/리튬인산철) | 2차전지(장비) | 2차전지(전고체) | 리비안(RIVIAN) | 전기차 | 전력저장장치(ESS),,legacy_theme,높음
282880,코윈테크,KOSDAQ,2차전지·전기차,2차전지(LFP/리튬인산철),2차전지(전고체),스마트팩토리(스마트공장),2차전지(장비),기계,5,2차전지 | 2차전지(LFP/리튬인산철) | 2차전지(장비) | 2차전지(전고체) | 스마트팩토리(스마트공장),,legacy_theme,높음
360070,탑머티리얼,KOSDAQ,2차전지·전기차,2차전지(LFP/리튬인산철),2차전지,,,전자장비와기기,2,2차전지 | 2차전지(LFP/리튬인산철),,legacy_theme,높음
086520,에코프로,KOSDAQ,2차전지·전기차,2차전지(나트륨이온),온실가스(탄소배출권)/탄소 포집·활용·저장(CCUS),리튬,2차전지(소재/부품),화학,7,2차전지 | 2차전지(나트륨이온) | 2차전지(소재/부품) | 리튬 | 온실가스(탄소배출권)/탄소 포집·활용·저장(CCUS) | 지주사 | 폐배터리,,legacy_theme,높음
247540,에코프로비엠,KOSDAQ,2차전지·전기차,2차전지(나트륨이온),2차전지(소재/부품),2차전지,,전기제품,3,2차전지 | 2차전지(나트륨이온) | 2차전지(소재/부품),,legacy_theme,높음
267320,나인테크,KOSDAQ,2차전지·전기차,2차전지(나트륨이온),유리 기판,2차전지(전고체),피지컬 AI/휴머노이드 로봇,전기제품,8,2차전지 | 2차전지(나트륨이온) | 2차전지(장비) | 2차전지(전고체) | OLED(유기 발광 다이오드) | 유리 기판 | 폐배터리 | 피지컬 AI/휴머노이드 로봇,,legacy_theme,높음
393890,더블유씨피,KOSDAQ,2차전지·전기차,2차전지(나트륨이온),전력저장장치(ESS),2차전지(소재/부품),2차전지,전기제품,4,2차전지 | 2차전지(나트륨이온) | 2차전지(소재/부품) | 전력저장장치(ESS),,legacy_theme,높음
446540,메가터치,KOSDAQ,2차전지·전기차,2차전지(나트륨이온),반도체 재료/부품,2차전지(소재/부품),2차전지,전자장비와기기,4,2차전지 | 2차전지(나트륨이온) | 2차전지(소재/부품) | 반도체 재료/부품,,legacy_theme,높음
015750,성우하이텍,KOSDAQ,2차전지·전기차,2차전지(소재/부품),자동차부품,2차전지,,자동차부품,3,2차전지 | 2차전지(소재/부품) | 자동차부품,,legacy_theme,높음
036830,솔브레인홀딩스,KOSDAQ,2차전지·전기차,2차전지(소재/부품),2차전지,지주사,,전기제품,3,2차전지 | 2차전지(소재/부품) | 지주사,,legacy_theme,높음
051490,나라엠앤디,KOSDAQ,2차전지·전기차,2차전지(소재/부품),전기차,자동차부품,2차전지,기계,4,2차전지 | 2차전지(소재/부품) | 자동차부품 | 전기차,,legacy_theme,높음
088390,이녹스,KOSDAQ,2차전지·전기차,2차전지(소재/부품),2차전지,지주사,,레저용장비와제품,3,2차전지 | 2차전지(소재/부품) | 지주사,,legacy_theme,높음
091580,상신이디피,KOSDAQ,2차전지·전기차,2차전지(소재/부품),전기차,2차전지,리비안(RIVIAN),전기제품,4,2차전지 | 2차전지(소재/부품) | 리비안(RIVIAN) | 전기차,,legacy_theme,높음
093920,서원인텍,KOSDAQ,2차전지·전기차,2차전지(소재/부품),2차전지,,,핸드셋,2,2차전지 | 2차전지(소재/부품),,legacy_theme,높음
101360,에코앤드림,KOSDAQ,2차전지·전기차,2차전지(소재/부품),2차전지,,,화학,2,2차전지 | 2차전지(소재/부품),,legacy_theme,높음
222420,쎄노텍,KOSDAQ,2차전지·전기차,2차전지(소재/부품),2차전지,희귀금속(희토류 등),,화학,3,2차전지 | 2차전지(소재/부품) | 희귀금속(희토류 등),,legacy_theme,높음
240600,유진테크놀로지,KOSDAQ,2차전지·전기차,2차전지(소재/부품),2차전지,리비안(RIVIAN),,전기제품,3,2차전지 | 2차전지(소재/부품) | 리비안(RIVIAN),,legacy_theme,높음
458650,성우,KOSDAQ,2차전지·전기차,2차전지(소재/부품),자동차부품,2차전지,,전기제품,3,2차전지 | 2차전지(소재/부품) | 자동차부품,,legacy_theme,높음
475660,에스켐,KOSDAQ,2차전지·전기차,2차전지(소재/부품),OLED(유기 발광 다이오드),2차전지,,디스플레이장비및부품,3,2차전지 | 2차전지(소재/부품) | OLED(유기 발광 다이오드),,legacy_theme,높음
900070,글로벌에스엠,KOSDAQ,2차전지·전기차,2차전지(소재/부품),전기차,2차전지,국내 상장 중국기업,자동차부품,4,2차전지 | 2차전지(소재/부품) | 국내 상장 중국기업 | 전기차,,legacy_theme,높음
076080,웰크론한텍,KOSDAQ,2차전지·전기차,2차전지(장비),2차전지,폐배터리,수자원(양적/질적 개선),건설,4,2차전지 | 2차전지(장비) | 수자원(양적/질적 개선) | 폐배터리,,legacy_theme,높음
081180,쎄크,KOSDAQ,2차전지·전기차,2차전지(장비),방위산업/전쟁 및 테러,반도체 장비,2차전지,전자장비와기기,4,2차전지 | 2차전지(장비) | 반도체 장비 | 방위산업/전쟁 및 테러,,legacy_theme,높음
109740,디에스케이,KOSDAQ,2차전지·전기차,2차전지(장비),2차전지,보톡스(보툴리눔톡신),,전자장비와기기,3,2차전지 | 2차전지(장비) | 보톡스(보툴리눔톡신),,legacy_theme,높음
129920,대성하이텍,KOSDAQ,2차전지·전기차,2차전지(장비),방위산업/전쟁 및 테러,2차전지,공작기계,기계,4,2차전지 | 2차전지(장비) | 공작기계 | 방위산업/전쟁 및 테러,,legacy_theme,높음
148930,에이치와이티씨,KOSDAQ,2차전지·전기차,2차전지(장비),2차전지,,,전기제품,2,2차전지 | 2차전지(장비),,legacy_theme,높음
241790,티이엠씨씨엔에스,KOSDAQ,2차전지·전기차,2차전지(장비),반도체 재료/부품,반도체 장비,2차전지,반도체와반도체장비,4,2차전지 | 2차전지(장비) | 반도체 장비 | 반도체 재료/부품,,legacy_theme,높음
254120,자비스,KOSDAQ,2차전지·전기차,2차전지(장비),반도체 장비,2차전지,PCB(FPCB 등),전자장비와기기,4,2차전지 | 2차전지(장비) | PCB(FPCB 등) | 반도체 장비,,legacy_theme,높음
257370,피엔티엠에스,KOSDAQ,2차전지·전기차,2차전지(장비),OLED(유기 발광 다이오드),2차전지,,전기제품,3,2차전지 | 2차전지(장비) | OLED(유기 발광 다이오드),,legacy_theme,높음
262260,에이프로,KOSDAQ,2차전지·전기차,2차전지(장비),2차전지,,,전자장비와기기,2,2차전지 | 2차전지(장비),,legacy_theme,높음
320000,한울반도체,KOSDAQ,2차전지·전기차,2차전지(장비),OLED(유기 발광 다이오드),2차전지,MLCC(적층세라믹콘덴서),전자장비와기기,4,2차전지 | 2차전지(장비) | MLCC(적층세라믹콘덴서) | OLED(유기 발광 다이오드),,legacy_theme,높음
333620,엔시스,KOSDAQ,2차전지·전기차,2차전지(장비),2차전지,,,전자장비와기기,2,2차전지 | 2차전지(장비),,legacy_theme,높음
372170,윤성에프앤씨,KOSDAQ,2차전지·전기차,2차전지(장비),2차전지,,,전자장비와기기,2,2차전지 | 2차전지(장비),,legacy_theme,높음
378340,필에너지,KOSDAQ,2차전지·전기차,2차전지(장비),2차전지,,,전기제품,2,2차전지 | 2차전지(장비),,legacy_theme,높음
382480,지아이텍,KOSDAQ,2차전지·전기차,2차전지(장비),수소에너지(수소차/연료전지 등),2차전지,,전기제품,3,2차전지 | 2차전지(장비) | 수소에너지(수소차/연료전지 등),,legacy_theme,높음
455180,케이지에이,KOSDAQ,2차전지·전기차,2차전지(장비),2차전지,,,전자장비와기기,2,2차전지 | 2차전지(장비),,legacy_theme,높음
025900,동화기업,KOSDAQ,2차전지·전기차,2차전지(전고체),2차전지(소재/부품),2차전지,리모델링/인테리어,건축자재,4,2차전지 | 2차전지(소재/부품) | 2차전지(전고체) | 리모델링/인테리어,,legacy_theme,높음
083930,아바코,KOSDAQ,2차전지·전기차,2차전지(전고체),태양광에너지,2차전지(장비),OLED(유기 발광 다이오드),전기제품,5,2차전지 | 2차전지(장비) | 2차전지(전고체) | OLED(유기 발광 다이오드) | 태양광에너지,,legacy_theme,높음
131400,이브이첨단소재,KOSDAQ,2차전지·전기차,2차전지(전고체),PCB(FPCB 등),,,전자장비와기기,2,2차전지(전고체) | PCB(FPCB 등),,legacy_theme,높음
259630,엠플러스,KOSDAQ,2차전지·전기차,2차전지(전고체),전력저장장치(ESS),2차전지(장비),전기차,전기제품,6,2차전지 | 2차전지(장비) | 2차전지(전고체) | 밸류업(25년 기업가치 제고계획 발표) | 전기차 | 전력저장장치(ESS),밸류업(25년 기업가치 제고계획 발표),legacy_theme,높음
277880,티에스아이,KOSDAQ,2차전지·전기차,2차전지(전고체),2차전지(장비),2차전지,,전자장비와기기,3,2차전지 | 2차전지(장비) | 2차전지(전고체),,legacy_theme,높음
281740,레이크머티리얼즈,KOSDAQ,2차전지·전기차,2차전지(전고체),LED,태양광에너지,반도체 재료/부품,화학,4,2차전지(전고체) | LED | 반도체 재료/부품 | 태양광에너지,,legacy_theme,높음
294140,레몬,KOSDAQ,2차전지·전기차,2차전지(전고체),2차전지,전자파,마스크,화학,6,2차전지 | 2차전지(전고체) | 갤럭시 부품주 | 마스크 | 스마트폰 | 전자파,,legacy_theme,높음
299030,하나기술,KOSDAQ,2차전지·전기차,2차전지(전고체),2차전지(장비),2차전지,폐배터리,전자장비와기기,4,2차전지 | 2차전지(장비) | 2차전지(전고체) | 폐배터리,,legacy_theme,높음
317330,덕산테코피아,KOSDAQ,2차전지·전기차,2차전지(전고체),반도체 재료/부품,2차전지(소재/부품),OLED(유기 발광 다이오드),반도체와반도체장비,5,2차전지 | 2차전지(소재/부품) | 2차전지(전고체) | OLED(유기 발광 다이오드) | 반도체 재료/부품,,legacy_theme,높음
382840,원준,KOSDAQ,2차전지·전기차,2차전지(전고체),2차전지(장비),2차전지,MLCC(적층세라믹콘덴서),전기제품,4,2차전지 | 2차전지(장비) | 2차전지(전고체) | MLCC(적층세라믹콘덴서),,legacy_theme,높음
413390,엠오티,KOSDAQ,2차전지·전기차,2차전지(전고체),2차전지(장비),2차전지,,전기제품,3,2차전지 | 2차전지(장비) | 2차전지(전고체),,legacy_theme,높음
009520,포스코엠텍,KOSDAQ,2차전지·전기차,리튬,비철금속,,,철강,2,리튬 | 비철금속,,legacy_theme,높음
029480,광무,KOSDAQ,2차전지·전기차,리튬,2차전지(소재/부품),2차전지,NI(네트워크통합),IT서비스,5,2차전지 | 2차전지(소재/부품) | NI(네트워크통합) | SI(시스템통합) | 리튬,,legacy_theme,높음
051980,중앙첨단소재,KOSDAQ,2차전지·전기차,리튬,,,,통신장비,1,리튬,,legacy_theme,높음
073570,리튬포어스,KOSDAQ,2차전지·전기차,리튬,캐릭터상품,,,핸드셋,2,리튬 | 캐릭터상품,,legacy_theme,높음
095500,미래나노텍,KOSDAQ,2차전지·전기차,리튬,페라이트,,,디스플레이장비및부품,2,리튬 | 페라이트,,legacy_theme,높음
101670,하이드로리튬,KOSDAQ,2차전지·전기차,리튬,태풍 및 장마,DMZ 평화공원,,전기제품,4,DMZ 평화공원 | 리튬 | 재난/안전(지진/화재 등) | 태풍 및 장마,재난/안전(지진/화재 등),legacy_theme,높음
107600,새빗켐,KOSDAQ,2차전지·전기차,리튬,2차전지,폐배터리,,전기제품,3,2차전지 | 리튬 | 폐배터리,,legacy_theme,높음
114190,강원에너지,KOSDAQ,2차전지·전기차,리튬,2차전지(장비),원자력발전,2차전지(소재/부품),전자장비와기기,6,2차전지 | 2차전지(소재/부품) | 2차전지(장비) | 리튬 | 원자력발전 | 전기차,,legacy_theme,높음
270520,앱튼,KOSDAQ,2차전지·전기차,리튬,,,,에너지장비및서비스,1,리튬,,legacy_theme,높음
278280,천보,KOSDAQ,2차전지·전기차,리튬,2차전지(전고체),반도체 재료/부품,2차전지(소재/부품),전기제품,6,2차전지 | 2차전지(소재/부품) | 2차전지(전고체) | OLED(유기 발광 다이오드) | 리튬 | 반도체 재료/부품,,legacy_theme,높음
290670,대보마그네틱,KOSDAQ,2차전지·전기차,리튬,2차전지(장비),2차전지,,전자장비와기기,3,2차전지 | 2차전지(장비) | 리튬,,legacy_theme,높음
348370,엔켐,KOSDAQ,2차전지·전기차,리튬,전력저장장치(ESS),2차전지(소재/부품),전기차,전기제품,5,2차전지 | 2차전지(소재/부품) | 리튬 | 전기차 | 전력저장장치(ESS),,legacy_theme,높음
365340,성일하이텍,KOSDAQ,2차전지·전기차,리튬,2차전지,폐배터리,,전기제품,3,2차전지 | 리튬 | 폐배터리,,legacy_theme,높음
043590,웰킵스하이텍,KOSDAQ,2차전지·전기차,무선충전기술,반도체 재료/부품,OLED(유기 발광 다이오드),스마트폰,전기제품,4,OLED(유기 발광 다이오드) | 무선충전기술 | 반도체 재료/부품 | 스마트폰,,legacy_theme,높음
054210,이랜텍,KOSDAQ,2차전지·전기차,무선충전기술,전력저장장치(ESS),2차전지(소재/부품),2차전지,핸드셋,8,2차전지 | 2차전지(소재/부품) | 가상현실(VR) | 갤럭시 부품주 | 메타버스(Metaverse) | 무선충전기술 | 전력저장장치(ESS) | 증강현실(AR),,legacy_theme,높음
061040,알에프텍,KOSDAQ,2차전지·전기차,무선충전기술,LED,5G(5세대 이동통신),보톡스(보툴리눔톡신),핸드셋,7,5G(5세대 이동통신) | LED | 갤럭시 부품주 | 무선충전기술 | 보톡스(보툴리눔톡신) | 삼성페이 | 스마트폰,,legacy_theme,높음
089010,켐트로닉스,KOSDAQ,2차전지·전기차,무선충전기술,유리 기판,자율주행차,전자파,전자장비와기기,7,갤럭시 부품주 | 무선충전기술 | 스마트폰 | 유리 기판 | 자율주행차 | 전자파 | 폴더블폰,,legacy_theme,높음
357580,아모센스,KOSDAQ,2차전지·전기차,무선충전기술,고체산화물 연료전지(SOFC),페라이트,,핸드셋,3,고체산화물 연료전지(SOFC) | 무선충전기술 | 페라이트,,legacy_theme,높음
459100,위츠,KOSDAQ,2차전지·전기차,무선충전기술,전기차(충전소/충전기),,,핸드셋,2,무선충전기술 | 전기차(충전소/충전기),,legacy_theme,높음
012860,모베이스전자,KOSDAQ,2차전지·전기차,전기차,자동차부품,리비안(RIVIAN),,자동차부품,3,리비안(RIVIAN) | 자동차부품 | 전기차,,legacy_theme,높음
024910,경창산업,KOSDAQ,2차전지·전기차,전기차,자동차부품,,,자동차부품,2,자동차부품 | 전기차,,legacy_theme,높음
033310,엠투엔,KOSDAQ,2차전지·전기차,전기차,,,,자동차부품,1,전기차,,legacy_theme,높음
038110,에코플라스틱,KOSDAQ,2차전지·전기차,전기차,자동차부품,탈 플라스틱(친환경/생분해성 등),,자동차부품,3,자동차부품 | 전기차 | 탈 플라스틱(친환경/생분해성 등),,legacy_theme,높음
090150,아이윈,KOSDAQ,2차전지·전기차,전기차,자동차부품,,,자동차부품,2,자동차부품 | 전기차,,legacy_theme,높음
123040,엠에스오토텍,KOSDAQ,2차전지·전기차,전기차,자동차부품,지주사,,자동차부품,3,자동차부품 | 전기차 | 지주사,,legacy_theme,높음
170030,현대공업,KOSDAQ,2차전지·전기차,전기차,자동차부품,,,자동차부품,2,자동차부품 | 전기차,,legacy_theme,높음
212560,네오오토,KOSDAQ,2차전지·전기차,전기차,자동차부품,,,자동차부품,2,자동차부품 | 전기차,,legacy_theme,높음
463480,모티브링크,KOSDAQ,2차전지·전기차,전기차,자동차부품,,,자동차부품,2,자동차부품 | 전기차,,legacy_theme,높음
900260,로스웰,KOSDAQ,2차전지·전기차,전기차,국내 상장 중국기업,,,통신장비,2,국내 상장 중국기업 | 전기차,,legacy_theme,높음
032790,엠젠솔루션,KOSDAQ,2차전지·전기차,전기차 화재 방지(배터리 열폭주 등),스마트홈(홈네트워크),,,IT서비스,2,스마트홈(홈네트워크) | 전기차 화재 방지(배터리 열폭주 등),,legacy_theme,높음
060230,제이케이시냅스,KOSDAQ,2차전지·전기차,전기차 화재 방지(배터리 열폭주 등),삼성페이,,,전자장비와기기,2,삼성페이 | 전기차 화재 방지(배터리 열폭주 등),,legacy_theme,높음
105550,엣지파운드리,KOSDAQ,2차전지·전기차,전기차 화재 방지(배터리 열폭주 등),자율주행차,전기차,자동차부품,자동차부품,4,자동차부품 | 자율주행차 | 전기차 | 전기차 화재 방지(배터리 열폭주 등),,legacy_theme,높음
119830,아이텍,KOSDAQ,2차전지·전기차,전기차 화재 방지(배터리 열폭주 등),시스템반도체,콜드체인(저온 유통),그래핀,반도체와반도체장비,4,그래핀 | 시스템반도체 | 전기차 화재 방지(배터리 열폭주 등) | 콜드체인(저온 유통),,legacy_theme,높음
138070,신진에스엠,KOSDAQ,2차전지·전기차,전기차 화재 방지(배터리 열폭주 등),,,,기계,1,전기차 화재 방지(배터리 열폭주 등),,legacy_theme,높음
199820,제일일렉트릭,KOSDAQ,2차전지·전기차,전기차 화재 방지(배터리 열폭주 등),전력설비,스마트홈(홈네트워크),,전기장비,3,스마트홈(홈네트워크) | 전기차 화재 방지(배터리 열폭주 등) | 전력설비,,legacy_theme,높음
225190,LK삼양,KOSDAQ,2차전지·전기차,전기차 화재 방지(배터리 열폭주 등),우주항공산업(누리호/인공위성 등),카메라모듈/부품,,전자장비와기기,3,우주항공산업(누리호/인공위성 등) | 전기차 화재 방지(배터리 열폭주 등) | 카메라모듈/부품,,legacy_theme,높음
243840,신흥에스이씨,KOSDAQ,2차전지·전기차,전기차 화재 방지(배터리 열폭주 등),2차전지(소재/부품),전기차,2차전지,전기제품,4,2차전지 | 2차전지(소재/부품) | 전기차 | 전기차 화재 방지(배터리 열폭주 등),,legacy_theme,높음
317870,엔바이오니아,KOSDAQ,2차전지·전기차,전기차 화재 방지(배터리 열폭주 등),수자원(양적/질적 개선),,,가정용기기와용품,2,수자원(양적/질적 개선) | 전기차 화재 방지(배터리 열폭주 등),,legacy_theme,높음
417010,나노팀,KOSDAQ,2차전지·전기차,전기차 화재 방지(배터리 열폭주 등),2차전지(소재/부품),전기차,2차전지,전자장비와기기,5,2차전지 | 2차전지(소재/부품) | 스페이스X(SpaceX) | 전기차 | 전기차 화재 방지(배터리 열폭주 등),,legacy_theme,높음
419050,삼기에너지솔루션즈,KOSDAQ,2차전지·전기차,전기차 화재 방지(배터리 열폭주 등),2차전지(소재/부품),전기차,2차전지,자동차부품,4,2차전지 | 2차전지(소재/부품) | 전기차 | 전기차 화재 방지(배터리 열폭주 등),,legacy_theme,높음
452200,민테크,KOSDAQ,2차전지·전기차,전기차 화재 방지(배터리 열폭주 등),2차전지(전고체),2차전지(장비),2차전지,전기제품,4,2차전지 | 2차전지(장비) | 2차전지(전고체) | 전기차 화재 방지(배터리 열폭주 등),,legacy_theme,높음
452400,이닉스,KOSDAQ,2차전지·전기차,전기차 화재 방지(배터리 열폭주 등),2차전지(소재/부품),전기차,2차전지,전기제품,4,2차전지 | 2차전지(소재/부품) | 전기차 | 전기차 화재 방지(배터리 열폭주 등),,legacy_theme,높음
006910,보성파워텍,KOSDAQ,2차전지·전기차,전기차(충전소/충전기),전력설비,원자력발전,,전기장비,3,원자력발전 | 전기차(충전소/충전기) | 전력설비,,legacy_theme,높음
028080,휴맥스홀딩스,KOSDAQ,2차전지·전기차,전기차(충전소/충전기),지주사,,,전자제품,2,전기차(충전소/충전기) | 지주사,,legacy_theme,높음
051360,토비스,KOSDAQ,2차전지·전기차,전기차(충전소/충전기),전기차 화재 방지(배터리 열폭주 등),카지노,스마트폰,디스플레이장비및부품,4,스마트폰 | 전기차 화재 방지(배터리 열폭주 등) | 전기차(충전소/충전기) | 카지노,,legacy_theme,높음
063570,NICE인프라,KOSDAQ,2차전지·전기차,전기차(충전소/충전기),화폐/금융자동화기기(디지털화폐 등),키오스크(KIOSK),,상업서비스와공급품,3,전기차(충전소/충전기) | 키오스크(KIOSK) | 화폐/금융자동화기기(디지털화폐 등),,legacy_theme,높음
066670,디티씨,KOSDAQ,2차전지·전기차,전기차(충전소/충전기),스마트폰,,,핸드셋,2,스마트폰 | 전기차(충전소/충전기),,legacy_theme,높음
079960,동양이엔피,KOSDAQ,2차전지·전기차,전기차(충전소/충전기),,,,전기제품,1,전기차(충전소/충전기),,legacy_theme,높음
115160,휴맥스,KOSDAQ,2차전지·전기차,전기차(충전소/충전기),전기차,,,전자제품,2,전기차 | 전기차(충전소/충전기),,legacy_theme,높음
118990,모트렉스,KOSDAQ,2차전지·전기차,전기차(충전소/충전기),자율주행차,자동차부품,스마트카(SMART CAR),자동차부품,4,스마트카(SMART CAR) | 자동차부품 | 자율주행차 | 전기차(충전소/충전기),,legacy_theme,높음
217820,원익피앤이,KOSDAQ,2차전지·전기차,전기차(충전소/충전기),전력저장장치(ESS),2차전지(장비),전기차,전기제품,7,2차전지 | 2차전지(장비) | 전기차 | 전기차(충전소/충전기) | 전력저장장치(ESS) | 초전도체 | 폐배터리,,legacy_theme,높음
273640,와이엠텍,KOSDAQ,2차전지·전기차,전기차(충전소/충전기),전기차 화재 방지(배터리 열폭주 등),전력저장장치(ESS),전기차,전기제품,4,전기차 | 전기차 화재 방지(배터리 열폭주 등) | 전기차(충전소/충전기) | 전력저장장치(ESS),,legacy_theme,높음
307180,아이엘,KOSDAQ,2차전지·전기차,전기차(충전소/충전기),2차전지(전고체),LED,피지컬 AI/휴머노이드 로봇,디스플레이장비및부품,5,2차전지(전고체) | LED | 로봇(산업용/협동로봇 등) | 전기차(충전소/충전기) | 피지컬 AI/휴머노이드 로봇,,legacy_theme,높음
453450,그리드위즈,KOSDAQ,2차전지·전기차,전기차(충전소/충전기),전기차 화재 방지(배터리 열폭주 등),전력저장장치(ESS),태양광에너지,전기유틸리티,4,전기차 화재 방지(배터리 열폭주 등) | 전기차(충전소/충전기) | 전력저장장치(ESS) | 태양광에너지,,legacy_theme,높음
479960,위너스일렉,KOSDAQ,2차전지·전기차,전기차(충전소/충전기),전력설비,스마트홈(홈네트워크),,전기장비,3,스마트홈(홈네트워크) | 전기차(충전소/충전기) | 전력설비,,legacy_theme,높음
069140,누리플랜,KOSDAQ,건설·인프라,DMZ 평화공원,황사/미세먼지,,,건설,2,DMZ 평화공원 | 황사/미세먼지,,legacy_theme,높음
011370,서한,KOSDAQ,건설·인프라,GTX(수도권 광역급행철도),건설 중소형,철도,폐기물처리,건설,4,GTX(수도권 광역급행철도) | 건설 중소형 | 철도 | 폐기물처리,,legacy_theme,높음
017480,삼현철강,KOSDAQ,건설·인프라,GTX(수도권 광역급행철도),철강 중소형,철도,남-북-러 가스관사업,철강,4,GTX(수도권 광역급행철도) | 남-북-러 가스관사업 | 철강 중소형 | 철도,,legacy_theme,높음
017510,세명전기,KOSDAQ,건설·인프라,GTX(수도권 광역급행철도),전력설비,철도,해저터널(지하화/지하도로 등),전기장비,4,GTX(수도권 광역급행철도) | 전력설비 | 철도 | 해저터널(지하화/지하도로 등),,legacy_theme,높음
026150,특수건설,KOSDAQ,건설·인프라,GTX(수도권 광역급행철도),철도,해저터널(지하화/지하도로 등),,건설,3,GTX(수도권 광역급행철도) | 철도 | 해저터널(지하화/지하도로 등),,legacy_theme,높음
039980,폴라리스AI,KOSDAQ,건설·인프라,GTX(수도권 광역급행철도),AI 챗봇(챗GPT 등),철도,전후 재건(우크라/중동 전쟁 등),IT서비스,6,AI 챗봇(챗GPT 등) | GTX(수도권 광역급행철도) | 재난/안전(지진/화재 등) | 전후 재건(우크라/중동 전쟁 등) | 철도 | 패션/의류,재난/안전(지진/화재 등),legacy_theme,높음
045390,대아티아이,KOSDAQ,건설·인프라,GTX(수도권 광역급행철도),철도,,,도로와철도운송,2,GTX(수도권 광역급행철도) | 철도,,legacy_theme,높음
046940,우원개발,KOSDAQ,건설·인프라,GTX(수도권 광역급행철도),건설 중소형,철도,해저터널(지하화/지하도로 등),건설,4,GTX(수도권 광역급행철도) | 건설 중소형 | 철도 | 해저터널(지하화/지하도로 등),,legacy_theme,높음
054930,유신,KOSDAQ,건설·인프라,GTX(수도권 광역급행철도),철도,수자원(양적/질적 개선),전후 재건(우크라/중동 전쟁 등),건설,4,GTX(수도권 광역급행철도) | 수자원(양적/질적 개선) | 전후 재건(우크라/중동 전쟁 등) | 철도,,legacy_theme,높음
002290,삼일기업공사,KOSDAQ,건설·인프라,건설 중소형,,,,건설,1,건설 중소형,,legacy_theme,높음
007680,대원,KOSDAQ,건설·인프라,건설 중소형,,,,건설,1,건설 중소형,,legacy_theme,높음
013120,동원개발,KOSDAQ,건설·인프라,건설 중소형,,,,건설,1,건설 중소형,,legacy_theme,높음
016250,SGC E&C,KOSDAQ,건설·인프라,건설 중소형,,,,건설,1,건설 중소형,,legacy_theme,높음
017000,신원종합개발,KOSDAQ,건설·인프라,건설 중소형,,,,건설,1,건설 중소형,,legacy_theme,높음
021320,KCC건설,KOSDAQ,건설·인프라,건설 중소형,,,,건설,1,건설 중소형,,legacy_theme,높음
025950,동신건설,KOSDAQ,건설·인프라,건설 중소형,조림사업,,,건설,2,건설 중소형 | 조림사업,,legacy_theme,높음
035890,서희건설,KOSDAQ,건설·인프라,건설 중소형,,,,건설,1,건설 중소형,,legacy_theme,높음
042940,상지건설,KOSDAQ,건설·인프라,건설 중소형,,,,건설,1,건설 중소형,,legacy_theme,높음
091590,남화토건,KOSDAQ,건설·인프라,건설 중소형,남북경협,,,건설,2,건설 중소형 | 남북경협,,legacy_theme,높음
010240,흥국,KOSDAQ,건설·인프라,건설기계,,,,기계,1,건설기계,,legacy_theme,높음
012210,삼미금속,KOSDAQ,건설·인프라,건설기계,조선기자재,원자력발전,방위산업/전쟁 및 테러,기계,5,건설기계 | 방위산업/전쟁 및 테러 | 원자력발전 | 자동차부품 | 조선기자재,,legacy_theme,높음
019770,서연탑메탈,KOSDAQ,건설·인프라,건설기계,자동차부품,전후 재건(우크라/중동 전쟁 등),,자동차부품,3,건설기계 | 자동차부품 | 전후 재건(우크라/중동 전쟁 등),,legacy_theme,높음
020400,대동금속,KOSDAQ,건설·인프라,건설기계,농업,자동차부품,전후 재건(우크라/중동 전쟁 등),자동차부품,4,건설기계 | 농업 | 자동차부품 | 전후 재건(우크라/중동 전쟁 등),,legacy_theme,높음
036890,진성티이씨,KOSDAQ,건설·인프라,건설기계,수소에너지(수소차/연료전지 등),,,기계,2,건설기계 | 수소에너지(수소차/연료전지 등),,legacy_theme,높음
041440,현대에버다임,KOSDAQ,건설·인프라,건설기계,전후 재건(우크라/중동 전쟁 등),,,기계,3,건설기계 | 재난/안전(지진/화재 등) | 전후 재건(우크라/중동 전쟁 등),재난/안전(지진/화재 등),legacy_theme,높음
053160,프리엠스,KOSDAQ,건설·인프라,건설기계,화폐/금융자동화기기(디지털화폐 등),전후 재건(우크라/중동 전쟁 등),,기계,3,건설기계 | 전후 재건(우크라/중동 전쟁 등) | 화폐/금융자동화기기(디지털화폐 등),,legacy_theme,높음
109860,동일금속,KOSDAQ,건설·인프라,건설기계,,,,기계,1,건설기계,,legacy_theme,높음
317850,대모,KOSDAQ,건설·인프라,건설기계,전후 재건(우크라/중동 전쟁 등),,,기계,2,건설기계 | 전후 재건(우크라/중동 전쟁 등),,legacy_theme,높음
018310,삼목에스폼,KOSDAQ,건설·인프라,리모델링/인테리어,,,,건축제품,1,리모델링/인테리어,,legacy_theme,높음
037440,희림,KOSDAQ,건설·인프라,리모델링/인테리어,남북경협,전후 재건(우크라/중동 전쟁 등),,건설,4,남북경협 | 리모델링/인테리어 | 재난/안전(지진/화재 등) | 전후 재건(우크라/중동 전쟁 등),재난/안전(지진/화재 등),legacy_theme,높음
171120,라이온켐텍,KOSDAQ,건설·인프라,리모델링/인테리어,,,,건축자재,1,리모델링/인테리어,,legacy_theme,높음
043910,자연과환경,KOSDAQ,건설·인프라,모듈러주택,조림사업,DMZ 평화공원,수자원(양적/질적 개선),상업서비스와공급품,4,DMZ 평화공원 | 모듈러주택 | 수자원(양적/질적 개선) | 조림사업,,legacy_theme,높음
090410,덕신이피씨,KOSDAQ,건설·인프라,모듈러주택,,,,건축자재,1,모듈러주택,,legacy_theme,높음
475230,엔알비,KOSDAQ,건설·인프라,모듈러주택,,,,건설,1,모듈러주택,,legacy_theme,높음
022220,티케이지애강,KOSDAQ,건설·인프라,수자원(양적/질적 개선),,,,건축제품,2,수자원(양적/질적 개선) | 재난/안전(지진/화재 등),재난/안전(지진/화재 등),legacy_theme,높음
079000,와토스코리아,KOSDAQ,건설·인프라,수자원(양적/질적 개선),,,,건축제품,1,수자원(양적/질적 개선),,legacy_theme,높음
006920,모헨즈,KOSDAQ,건설·인프라,시멘트/레미콘,DMZ 평화공원,,,건축자재,2,DMZ 평화공원 | 시멘트/레미콘,,legacy_theme,높음
023410,유진기업,KOSDAQ,건설·인프라,시멘트/레미콘,GTX(수도권 광역급행철도),아스콘(아스팔트 콘크리트),,건축자재,3,GTX(수도권 광역급행철도) | 시멘트/레미콘 | 아스콘(아스팔트 콘크리트),,legacy_theme,높음
038500,삼표시멘트,KOSDAQ,건설·인프라,시멘트/레미콘,부동산 보유 자산주,,,건축자재,2,부동산 보유 자산주 | 시멘트/레미콘,,legacy_theme,높음
060560,HC홈센타,KOSDAQ,건설·인프라,시멘트/레미콘,아스콘(아스팔트 콘크리트),,,건축자재,2,시멘트/레미콘 | 아스콘(아스팔트 콘크리트),,legacy_theme,높음
079650,서산,KOSDAQ,건설·인프라,시멘트/레미콘,,,,건축자재,1,시멘트/레미콘,,legacy_theme,높음
198440,강동씨앤엘,KOSDAQ,건설·인프라,시멘트/레미콘,아프리카 돼지열병(ASF),,,건축자재,2,시멘트/레미콘 | 아프리카 돼지열병(ASF),,legacy_theme,높음
225530,HC보광산업,KOSDAQ,건설·인프라,시멘트/레미콘,아스콘(아스팔트 콘크리트),,,건축자재,2,시멘트/레미콘 | 아스콘(아스팔트 콘크리트),,legacy_theme,높음
255220,SG,KOSDAQ,건설·인프라,시멘트/레미콘,아스콘(아스팔트 콘크리트),전후 재건(우크라/중동 전쟁 등),,건축자재,3,시멘트/레미콘 | 아스콘(아스팔트 콘크리트) | 전후 재건(우크라/중동 전쟁 등),,legacy_theme,높음
001840,이화공영,KOSDAQ,건설·인프라,업종:건설,,,,건설,0,,,industry_fallback,중간
011560,세보엠이씨,KOSDAQ,건설·인프라,업종:건설,,,,건설,0,,,industry_fallback,중간
041590,플래스크,KOSDAQ,건설·인프라,업종:건설,,,,건설,0,,,industry_fallback,중간
044180,KD,KOSDAQ,건설·인프라,업종:건설,,,,건설,0,,,industry_fallback,중간
049180,셀루메드,KOSDAQ,건설·인프라,업종:건설,,,,건설,0,,,industry_fallback,중간
056730,CNT85,KOSDAQ,건설·인프라,업종:건설,,,,건설,0,,,industry_fallback,중간
066980,한성크린텍,KOSDAQ,건설·인프라,업종:건설,,,,건설,0,,,industry_fallback,중간
085810,알티캐스트,KOSDAQ,건설·인프라,업종:건설,,,,건설,0,,,industry_fallback,중간
192390,윈하이텍,KOSDAQ,건설·인프라,업종:건축자재,,,,건축자재,0,,,industry_fallback,중간
035200,프럼파스트,KOSDAQ,건설·인프라,업종:건축제품,,,,건축제품,0,,,industry_fallback,중간
052300,오션인더블유,KOSDAQ,건설·인프라,업종:건축제품,,,,건축제품,0,,,industry_fallback,중간
228340,동양파일,KOSDAQ,건설·인프라,재난/안전(지진/화재 등),,,,건축자재,1,재난/안전(지진/화재 등),재난/안전(지진/화재 등),legacy_theme,높음
006050,국영지앤엠,KOSDAQ,건설·인프라,철도,방위산업/전쟁 및 테러,,,건축제품,2,방위산업/전쟁 및 테러 | 철도,,legacy_theme,높음
058610,에스피지,KOSDAQ,건설·인프라,철도,로봇(산업용/협동로봇 등),제습기,공기청정기,전기제품,5,가상현실(VR) | 공기청정기 | 로봇(산업용/협동로봇 등) | 제습기 | 철도,,legacy_theme,높음
065530,와이어블,KOSDAQ,건설·인프라,철도,통신장비,5G(5세대 이동통신),,무선통신서비스,3,5G(5세대 이동통신) | 철도 | 통신장비,,legacy_theme,높음
094940,푸른로보틱스,KOSDAQ,건설·인프라,철도,로봇(산업용/협동로봇 등),화폐/금융자동화기기(디지털화폐 등),키오스크(KIOSK),컴퓨터와주변기기,4,로봇(산업용/협동로봇 등) | 철도 | 키오스크(KIOSK) | 화폐/금융자동화기기(디지털화폐 등),,legacy_theme,높음
109080,옵티시스,KOSDAQ,건설·인프라,철도,통신장비,메타버스(Metaverse),,통신장비,3,메타버스(Metaverse) | 철도 | 통신장비,,legacy_theme,높음
234300,에스트래픽,KOSDAQ,건설·인프라,철도,SI(시스템통합),,,IT서비스,4,SI(시스템통합) | 밸류업(24년 기업가치 제고계획 발표) | 밸류업(25년 기업가치 제고계획 발표) | 철도,밸류업(24년 기업가치 제고계획 발표) | 밸류업(25년 기업가치 제고계획 발표),legacy_theme,높음
060260,뉴보텍,KOSDAQ,건설·인프라,태풍 및 장마,수자원(양적/질적 개선),,,건축제품,2,수자원(양적/질적 개선) | 태풍 및 장마,,legacy_theme,높음
066620,국보디자인,KOSDAQ,건설·인프라,테마파크,리모델링/인테리어,,,건설,2,리모델링/인테리어 | 테마파크,,legacy_theme,높음
013030,하이록코리아,KOSDAQ,건설·인프라,피팅(관이음쇠)/밸브,조선기자재,철도,원자력발전,기계,4,원자력발전 | 조선기자재 | 철도 | 피팅(관이음쇠)/밸브,,legacy_theme,높음
014620,성광벤드,KOSDAQ,건설·인프라,피팅(관이음쇠)/밸브,조선기자재,원자력발전,,기계,3,원자력발전 | 조선기자재 | 피팅(관이음쇠)/밸브,,legacy_theme,높음
023160,태광,KOSDAQ,건설·인프라,피팅(관이음쇠)/밸브,조선기자재,원자력발전,,기계,4,밸류업(24년 기업가치 제고계획 발표) | 원자력발전 | 조선기자재 | 피팅(관이음쇠)/밸브,밸류업(24년 기업가치 제고계획 발표),legacy_theme,높음
025550,한국선재,KOSDAQ,건설·인프라,피팅(관이음쇠)/밸브,해저터널(지하화/지하도로 등),,,철강,2,피팅(관이음쇠)/밸브 | 해저터널(지하화/지하도로 등),,legacy_theme,높음
039610,화성밸브,KOSDAQ,건설·인프라,피팅(관이음쇠)/밸브,남-북-러 가스관사업,,,기계,2,남-북-러 가스관사업 | 피팅(관이음쇠)/밸브,,legacy_theme,높음
073010,케이에스피,KOSDAQ,건설·인프라,피팅(관이음쇠)/밸브,조선기자재,,,조선,2,조선기자재 | 피팅(관이음쇠)/밸브,,legacy_theme,높음
086670,비엠티,KOSDAQ,건설·인프라,피팅(관이음쇠)/밸브,조선기자재,스마트팩토리(스마트공장),원자력발전,기계,5,수소에너지(수소차/연료전지 등) | 스마트팩토리(스마트공장) | 원자력발전 | 조선기자재 | 피팅(관이음쇠)/밸브,,legacy_theme,높음
105740,디케이락,KOSDAQ,건설·인프라,피팅(관이음쇠)/밸브,원자력발전,수소에너지(수소차/연료전지 등),남-북-러 가스관사업,기계,4,남-북-러 가스관사업 | 수소에너지(수소차/연료전지 등) | 원자력발전 | 피팅(관이음쇠)/밸브,,legacy_theme,높음
452280,한선엔지니어링,KOSDAQ,건설·인프라,피팅(관이음쇠)/밸브,고체산화물 연료전지(SOFC),,,기계,2,고체산화물 연료전지(SOFC) | 피팅(관이음쇠)/밸브,,legacy_theme,높음
465320,교보15호스팩,KOSDAQ,금융,SPAC/기업인수목적회사,,,,창업투자,0,,,name_rule,높음
466690,키움히어로제1호스팩,KOSDAQ,금융,SPAC/기업인수목적회사,,,,창업투자,1,기업인수목적회사(SPAC),,name_rule,높음
468760,유진스팩10호,KOSDAQ,금융,SPAC/기업인수목적회사,,,,창업투자,1,기업인수목적회사(SPAC),,name_rule,높음
469480,IBKS제24호스팩,KOSDAQ,금융,SPAC/기업인수목적회사,,,,창업투자,1,기업인수목적회사(SPAC),,name_rule,높음
469900,하나31호스팩,KOSDAQ,금융,SPAC/기업인수목적회사,,,,창업투자,1,기업인수목적회사(SPAC),,name_rule,높음
472220,신영스팩10호,KOSDAQ,금융,SPAC/기업인수목적회사,,,,창업투자,0,,,name_rule,높음
472230,에스케이증권제11호스팩,KOSDAQ,금융,SPAC/기업인수목적회사,,,,창업투자,1,기업인수목적회사(SPAC),,name_rule,높음
473000,에스케이증권제12호스팩,KOSDAQ,금융,SPAC/기업인수목적회사,,,,창업투자,1,기업인수목적회사(SPAC),,name_rule,높음
473050,유안타제15호스팩,KOSDAQ,금융,SPAC/기업인수목적회사,,,,창업투자,1,기업인수목적회사(SPAC),,name_rule,높음
473950,에스케이증권제13호스팩,KOSDAQ,금융,SPAC/기업인수목적회사,,,,창업투자,1,기업인수목적회사(SPAC),,name_rule,높음
474490,유안타제16호스팩,KOSDAQ,금융,SPAC/기업인수목적회사,,,,창업투자,1,기업인수목적회사(SPAC),,name_rule,높음
474660,신한제12호스팩,KOSDAQ,금융,SPAC/기업인수목적회사,,,,창업투자,1,기업인수목적회사(SPAC),,name_rule,높음
474930,신한제13호스팩,KOSDAQ,금융,SPAC/기업인수목적회사,,,,창업투자,1,기업인수목적회사(SPAC),,name_rule,높음
475240,하나32호스팩,KOSDAQ,금융,SPAC/기업인수목적회사,,,,창업투자,1,기업인수목적회사(SPAC),,name_rule,높음
475250,하나33호스팩,KOSDAQ,금융,SPAC/기업인수목적회사,,,,창업투자,1,기업인수목적회사(SPAC),,name_rule,높음
477340,에이치엠씨제7호스팩,KOSDAQ,금융,SPAC/기업인수목적회사,,,,창업투자,1,기업인수목적회사(SPAC),,name_rule,높음
477380,미래에셋비전스팩4호,KOSDAQ,금융,SPAC/기업인수목적회사,,,,창업투자,1,기업인수목적회사(SPAC),,name_rule,높음
477470,미래에셋비전스팩5호,KOSDAQ,금융,SPAC/기업인수목적회사,,,,창업투자,1,기업인수목적회사(SPAC),,name_rule,높음
477760,DB금융스팩12호,KOSDAQ,금융,SPAC/기업인수목적회사,,,,창업투자,1,기업인수목적회사(SPAC),,name_rule,높음
478110,이베스트스팩6호,KOSDAQ,금융,SPAC/기업인수목적회사,,,,창업투자,1,기업인수목적회사(SPAC),,name_rule,높음
478390,KB제29호스팩,KOSDAQ,금융,SPAC/기업인수목적회사,,,,창업투자,1,기업인수목적회사(SPAC),,name_rule,높음
478440,미래에셋비전스팩6호,KOSDAQ,금융,SPAC/기업인수목적회사,,,,창업투자,1,기업인수목적회사(SPAC),,name_rule,높음
479880,한국제15호스팩,KOSDAQ,금융,SPAC/기업인수목적회사,,,,창업투자,1,기업인수목적회사(SPAC),,name_rule,높음
481890,엔에이치스팩31호,KOSDAQ,금융,SPAC/기업인수목적회사,,,,창업투자,1,기업인수목적회사(SPAC),,name_rule,높음
482520,교보16호스팩,KOSDAQ,금융,SPAC/기업인수목적회사,,,,창업투자,1,기업인수목적회사(SPAC),,name_rule,높음
482680,미래에셋비전스팩7호,KOSDAQ,금융,SPAC/기업인수목적회사,,,,창업투자,1,기업인수목적회사(SPAC),,name_rule,높음
482690,대신밸런스제19호스팩,KOSDAQ,금융,SPAC/기업인수목적회사,,,,창업투자,1,기업인수목적회사(SPAC),,name_rule,높음
484130,하나34호스팩,KOSDAQ,금융,SPAC/기업인수목적회사,,,,창업투자,1,기업인수목적회사(SPAC),,name_rule,높음
486630,KB제30호스팩,KOSDAQ,금융,SPAC/기업인수목적회사,,,,창업투자,1,기업인수목적회사(SPAC),,name_rule,높음
487360,신한제14호스팩,KOSDAQ,금융,SPAC/기업인수목적회사,,,,창업투자,1,기업인수목적회사(SPAC),,name_rule,높음
487720,키움제10호스팩,KOSDAQ,금융,SPAC/기업인수목적회사,,,,창업투자,1,기업인수목적회사(SPAC),,name_rule,높음
487830,신한제15호스팩,KOSDAQ,금융,SPAC/기업인수목적회사,,,,창업투자,1,기업인수목적회사(SPAC),,name_rule,높음
488060,유진스팩11호,KOSDAQ,금융,SPAC/기업인수목적회사,,,,창업투자,1,기업인수목적회사(SPAC),,name_rule,높음
489210,교보17호스팩,KOSDAQ,금융,SPAC/기업인수목적회사,,,,창업투자,1,기업인수목적회사(SPAC),,name_rule,높음
489480,키움제11호스팩,KOSDAQ,금융,SPAC/기업인수목적회사,,,,창업투자,1,기업인수목적회사(SPAC),,name_rule,높음
489730,디비금융제13호스팩,KOSDAQ,금융,SPAC/기업인수목적회사,,,,창업투자,1,기업인수목적회사(SPAC),,name_rule,높음
492220,KB제31호스팩,KOSDAQ,금융,SPAC/기업인수목적회사,,,,창업투자,1,기업인수목적회사(SPAC),,name_rule,높음
493790,유안타제17호스팩,KOSDAQ,금융,SPAC/기업인수목적회사,,,,창업투자,1,기업인수목적회사(SPAC),,name_rule,높음
496070,신한제16호스팩,KOSDAQ,금융,SPAC/기업인수목적회사,,,,창업투자,1,기업인수목적회사(SPAC),,name_rule,높음
498390,한화플러스제5호스팩,KOSDAQ,금융,SPAC/기업인수목적회사,,,,창업투자,1,기업인수목적회사(SPAC),,name_rule,높음
053300,한국정보인증,KOSDAQ,금융,STO(토큰증권 발행),양자암호/양자컴퓨팅,인터넷은행,핀테크(FinTech),IT서비스,7,STO(토큰증권 발행) | 보안주(정보) | 삼성페이 | 스테이블코인 | 양자암호/양자컴퓨팅 | 인터넷은행 | 핀테크(FinTech),,legacy_theme,높음
063170,서울옥션,KOSDAQ,금융,STO(토큰증권 발행),NFT(대체불가토큰),,,판매업체,2,NFT(대체불가토큰) | STO(토큰증권 발행),,legacy_theme,높음
102370,케이옥션,KOSDAQ,금융,STO(토큰증권 발행),,,,판매업체,1,STO(토큰증권 발행),,legacy_theme,높음
158430,아톤,KOSDAQ,금융,STO(토큰증권 발행),양자암호/양자컴퓨팅,핀테크(FinTech),보안주(정보),소프트웨어,7,NFT(대체불가토큰) | STO(토큰증권 발행) | 마이데이터 | 보안주(정보) | 스테이블코인 | 양자암호/양자컴퓨팅 | 핀테크(FinTech),,legacy_theme,높음
163730,핑거,KOSDAQ,금융,STO(토큰증권 발행),핀테크(FinTech),마이데이터,NFT(대체불가토큰),IT서비스,7,NFT(대체불가토큰) | STO(토큰증권 발행) | 마이데이터 | 메타버스(Metaverse) | 모바일솔루션(스마트폰) | 스테이블코인 | 핀테크(FinTech),,legacy_theme,높음
199480,뱅크웨어글로벌,KOSDAQ,금융,STO(토큰증권 발행),스테이블코인,,,IT서비스,2,STO(토큰증권 발행) | 스테이블코인,,legacy_theme,높음
234340,헥토파이낸셜,KOSDAQ,금융,STO(토큰증권 발행),핀테크(FinTech),전자결제(전자화폐),쿠팡(coupang),IT서비스,5,STO(토큰증권 발행) | 스테이블코인 | 전자결제(전자화폐) | 쿠팡(coupang) | 핀테크(FinTech),,legacy_theme,높음
372800,아이티아이즈,KOSDAQ,금융,STO(토큰증권 발행),마이데이터,,,IT서비스,2,STO(토큰증권 발행) | 마이데이터,,legacy_theme,높음
032190,다우데이타,KOSDAQ,금융,보안주(정보),,,,증권,2,밸류업(24년 기업가치 제고계획 발표) | 보안주(정보),밸류업(24년 기업가치 제고계획 발표),legacy_theme,높음
007330,푸른저축은행,KOSDAQ,금융,업종:기타금융,,,,기타금융,0,,,industry_fallback,중간
021880,메이슨캐피탈,KOSDAQ,금융,업종:기타금융,,,,기타금융,0,,,industry_fallback,중간
023760,한국캐피탈,KOSDAQ,금융,업종:기타금융,,,,기타금융,0,,,industry_fallback,중간
038540,상상인,KOSDAQ,금융,업종:기타금융,,,,기타금융,0,,,industry_fallback,중간
211050,인카금융서비스,KOSDAQ,금융,업종:손해보험,,,,손해보험,0,,,industry_fallback,중간
078020,LS증권,KOSDAQ,금융,증권,,,,증권,1,증권,,legacy_theme,높음
190650,코리아에셋투자증권,KOSDAQ,금융,증권,STO(토큰증권 발행),,,증권,2,STO(토큰증권 발행) | 증권,,legacy_theme,높음
016600,큐캐피탈,KOSDAQ,금융,창투사,,,,창업투자,1,창투사,,legacy_theme,높음
019570,GMI벤처,KOSDAQ,금융,창투사,,,,창업투자,1,창투사,,legacy_theme,높음
277070,린드먼아시아,KOSDAQ,금융,창투사,,,,창업투자,1,창투사,,legacy_theme,높음
289080,SV인베스트먼트,KOSDAQ,금융,창투사,,,,창업투자,2,창투사 | 코로나19(진단/치료제/백신 개발 등),코로나19(진단/치료제/백신 개발 등),legacy_theme,높음
307930,컴퍼니케이,KOSDAQ,금융,창투사,NFT(대체불가토큰),,,창업투자,2,NFT(대체불가토큰) | 창투사,,legacy_theme,높음
440290,HB인베스트먼트,KOSDAQ,금융,창투사,,,,창업투자,1,창투사,,legacy_theme,높음
452300,캡스톤파트너스,KOSDAQ,금융,창투사,,,,창업투자,1,창투사,,legacy_theme,높음
950260,인제니아테라퓨틱스(Reg.S),KOSDAQ,기타·이벤트,2026 하반기 신규상장,,,,생물공학,1,2026 하반기 신규상장,2026 하반기 신규상장,legacy_theme,높음
131180,딜리,KOSDAQ,기타·이벤트,DMZ 평화공원,,,,컴퓨터와주변기기,1,DMZ 평화공원,,legacy_theme,높음
045510,정원엔시스,KOSDAQ,기타·이벤트,SI(시스템통합),,,,IT서비스,1,SI(시스템통합),,legacy_theme,높음
070590,인티큐브,KOSDAQ,기타·이벤트,SI(시스템통합),,,,IT서비스,1,SI(시스템통합),,legacy_theme,높음
024940,PN풍년,KOSDAQ,기타·이벤트,日제품 불매운동(수혜),,,,가정용기기와용품,1,日제품 불매운동(수혜),日제품 불매운동(수혜),legacy_theme,높음
045340,토탈소프트,KOSDAQ,기타·이벤트,가상현실(VR),,,,운송인프라,1,가상현실(VR),,legacy_theme,높음
019550,SBI인베스트먼트,KOSDAQ,기타·이벤트,가상화폐(비트코인 등),야놀자(Yanolja),창투사,,창업투자,3,가상화폐(비트코인 등) | 야놀자(Yanolja) | 창투사,,legacy_theme,높음
021080,에이티넘인베스트,KOSDAQ,기타·이벤트,가상화폐(비트코인 등),두나무(Dunamu),창투사,,창업투자,3,가상화폐(비트코인 등) | 두나무(Dunamu) | 창투사,,legacy_theme,높음
033320,제이씨현시스템,KOSDAQ,기타·이벤트,가상화폐(비트코인 등),드론(Drone),재택근무/스마트워크,가상현실(VR),컴퓨터와주변기기,4,가상현실(VR) | 가상화폐(비트코인 등) | 드론(Drone) | 재택근무/스마트워크,,legacy_theme,높음
036090,위지트,KOSDAQ,기타·이벤트,가상화폐(비트코인 등),반도체 재료/부품,,,디스플레이장비및부품,2,가상화폐(비트코인 등) | 반도체 재료/부품,,legacy_theme,높음
041190,우리기술투자,KOSDAQ,기타·이벤트,가상화폐(비트코인 등),STO(토큰증권 발행),두나무(Dunamu),창투사,창업투자,4,STO(토큰증권 발행) | 가상화폐(비트코인 등) | 두나무(Dunamu) | 창투사,,legacy_theme,높음
042420,네오위즈홀딩스,KOSDAQ,기타·이벤트,가상화폐(비트코인 등),게임,모바일게임(스마트폰),블록체인,게임엔터테인먼트,6,가상화폐(비트코인 등) | 게임 | 모바일게임(스마트폰) | 모바일콘텐츠(스마트폰/태블릿PC) | 블록체인 | 지주사,,legacy_theme,높음
046440,KG파이낸셜,KOSDAQ,기타·이벤트,가상화폐(비트코인 등),인터넷은행,핀테크(FinTech),애플페이,IT서비스,8,가상화폐(비트코인 등) | 모바일콘텐츠(스마트폰/태블릿PC) | 삼성페이 | 스테이블코인 | 애플페이 | 인터넷은행 | 전자결제(전자화폐) | 핀테크(FinTech),,legacy_theme,높음
057680,티사이언티픽,KOSDAQ,기타·이벤트,가상화폐(비트코인 등),보안주(정보),모바일콘텐츠(스마트폰/태블릿PC),,IT서비스,3,가상화폐(비트코인 등) | 모바일콘텐츠(스마트폰/태블릿PC) | 보안주(정보),,legacy_theme,높음
058630,엠게임,KOSDAQ,기타·이벤트,가상화폐(비트코인 등),게임,모바일게임(스마트폰),증강현실(AR),게임엔터테인먼트,6,NFT(대체불가토큰) | 가상화폐(비트코인 등) | 게임 | 메타버스(Metaverse) | 모바일게임(스마트폰) | 증강현실(AR),,legacy_theme,높음
063080,컴투스홀딩스,KOSDAQ,기타·이벤트,가상화폐(비트코인 등),모바일게임(스마트폰),NFT(대체불가토큰),모바일콘텐츠(스마트폰/태블릿PC),게임엔터테인먼트,5,NFT(대체불가토큰) | 가상화폐(비트코인 등) | 모바일게임(스마트폰) | 모바일콘텐츠(스마트폰/태블릿PC) | 지주사,,legacy_theme,높음
064260,다날,KOSDAQ,기타·이벤트,가상화폐(비트코인 등),STO(토큰증권 발행),핀테크(FinTech),전자결제(전자화폐),IT서비스,11,NFT(대체불가토큰) | STO(토큰증권 발행) | 가상화폐(비트코인 등) | 모바일솔루션(스마트폰) | 모바일콘텐츠(스마트폰/태블릿PC) | 삼성페이 | 스테이블코인 | 음원/음반 | 전자결제(전자화폐) | 쿠팡(coupang) | 핀테크(FinTech),,legacy_theme,높음
094480,갤럭시아머니트리,KOSDAQ,기타·이벤트,가상화폐(비트코인 등),STO(토큰증권 발행),핀테크(FinTech),지역화폐,IT서비스,10,NFT(대체불가토큰) | SNS(소셜네트워크서비스) | STO(토큰증권 발행) | 가상화폐(비트코인 등) | 모바일솔루션(스마트폰) | 삼성페이 | 전자결제(전자화폐) | 지역화폐 | 쿠팡(coupang) | 핀테크(FinTech),,legacy_theme,높음
095660,네오위즈,KOSDAQ,기타·이벤트,가상화폐(비트코인 등),게임,모바일게임(스마트폰),두나무(Dunamu),게임엔터테인먼트,4,가상화폐(비트코인 등) | 게임 | 두나무(Dunamu) | 모바일게임(스마트폰),,legacy_theme,높음
112040,위메이드,KOSDAQ,기타·이벤트,가상화폐(비트코인 등),게임,모바일게임(스마트폰),NFT(대체불가토큰),게임엔터테인먼트,6,NFT(대체불가토큰) | 가상화폐(비트코인 등) | 게임 | 모바일게임(스마트폰) | 블록체인 | 스테이블코인,,legacy_theme,높음
377030,비트맥스,KOSDAQ,기타·이벤트,가상화폐(비트코인 등),증강현실(AR),메타버스(Metaverse),,IT서비스,3,가상화폐(비트코인 등) | 메타버스(Metaverse) | 증강현실(AR),,legacy_theme,높음
187270,신화콘텍,KOSDAQ,기타·이벤트,갤럭시 부품주,,,,핸드셋,1,갤럭시 부품주,,legacy_theme,높음
376290,씨유테크,KOSDAQ,기타·이벤트,갤럭시 부품주,스마트폰,,,핸드셋,2,갤럭시 부품주 | 스마트폰,,legacy_theme,높음
008470,부스타,KOSDAQ,기타·이벤트,겨울,,,,기계,1,겨울,,legacy_theme,높음
950160,코오롱티슈진,KOSDAQ,기타·이벤트,고령화 사회(노인복지),,,,생물공학,1,고령화 사회(노인복지),,legacy_theme,높음
017650,대림제지,KOSDAQ,기타·이벤트,골판지 제조,,,,포장재,1,골판지 제조,,legacy_theme,높음
023600,삼보판지,KOSDAQ,기타·이벤트,골판지 제조,,,,포장재,1,골판지 제조,,legacy_theme,높음
019010,베뉴지,KOSDAQ,기타·이벤트,골프,,,,"호텔,레스토랑,레저",1,골프,,legacy_theme,높음
111710,남화산업,KOSDAQ,기타·이벤트,골프,,,,"호텔,레스토랑,레저",1,골프,,legacy_theme,높음
121440,골프존홀딩스,KOSDAQ,기타·이벤트,골프,지주사,,,레저용장비와제품,2,골프 | 지주사,,legacy_theme,높음
122450,KX,KOSDAQ,기타·이벤트,골프,영상콘텐츠,,,복합기업,3,골프 | 밸류업(25년 기업가치 제고계획 발표) | 영상콘텐츠,밸류업(25년 기업가치 제고계획 발표),legacy_theme,높음
215000,골프존,KOSDAQ,기타·이벤트,골프,겨울,,,"호텔,레스토랑,레저",2,겨울 | 골프,,legacy_theme,높음
365900,브이씨,KOSDAQ,기타·이벤트,골프,,,,레저용장비와제품,1,골프,,legacy_theme,높음
068100,케이웨더,KOSDAQ,기타·이벤트,공기청정기,황사/미세먼지,,,IT서비스,2,공기청정기 | 황사/미세먼지,,legacy_theme,높음
019210,와이지-원,KOSDAQ,기타·이벤트,공작기계,,,,기계,1,공작기계,,legacy_theme,높음
101680,한국정밀기계,KOSDAQ,기타·이벤트,공작기계,,,,기계,1,공작기계,,legacy_theme,높음
195990,루트K,KOSDAQ,기타·이벤트,공작기계,면역항암제,,,기계,2,공작기계 | 면역항암제,,legacy_theme,높음
035290,골드앤에스,KOSDAQ,기타·이벤트,교육/온라인 교육,,,,교육서비스,1,교육/온라인 교육,,legacy_theme,높음
053290,NE능률,KOSDAQ,기타·이벤트,교육/온라인 교육,,,,교육서비스,1,교육/온라인 교육,,legacy_theme,높음
057030,YBM넷,KOSDAQ,기타·이벤트,교육/온라인 교육,모바일콘텐츠(스마트폰/태블릿PC),,,교육서비스,2,교육/온라인 교육 | 모바일콘텐츠(스마트폰/태블릿PC),,legacy_theme,높음
067280,멀티캠퍼스,KOSDAQ,기타·이벤트,교육/온라인 교육,,,,교육서비스,1,교육/온라인 교육,,legacy_theme,높음
068930,디지털대성,KOSDAQ,기타·이벤트,교육/온라인 교육,,,,교육서비스,2,교육/온라인 교육 | 밸류업(25년 기업가치 제고계획 발표),밸류업(25년 기업가치 제고계획 발표),legacy_theme,높음
072870,메가스터디,KOSDAQ,기타·이벤트,교육/온라인 교육,,,,교육서비스,1,교육/온라인 교육,,legacy_theme,높음
084440,유비온,KOSDAQ,기타·이벤트,교육/온라인 교육,,,,교육서비스,1,교육/온라인 교육,,legacy_theme,높음
096240,크레버스,KOSDAQ,기타·이벤트,교육/온라인 교육,메타버스(Metaverse),,,교육서비스,2,교육/온라인 교육 | 메타버스(Metaverse),,legacy_theme,높음
134060,이퓨쳐,KOSDAQ,기타·이벤트,교육/온라인 교육,,,,교육서비스,1,교육/온라인 교육,,legacy_theme,높음
215200,메가스터디교육,KOSDAQ,기타·이벤트,교육/온라인 교육,,,,교육서비스,3,교육/온라인 교육 | 밸류업(25년 기업가치 제고계획 발표) | 코리아 밸류업 지수(Korea Value-up Index),밸류업(25년 기업가치 제고계획 발표) | 코리아 밸류업 지수(Korea Value-up Index),legacy_theme,높음
461300,아이스크림미디어,KOSDAQ,기타·이벤트,교육/온라인 교육,,,,교육서비스,1,교육/온라인 교육,,legacy_theme,높음
900120,씨엑스아이,KOSDAQ,기타·이벤트,국내 상장 중국기업,,,,제약,1,국내 상장 중국기업,,legacy_theme,높음
073110,엘엠에스,KOSDAQ,기타·이벤트,그래핀,메타버스(Metaverse),스마트폰,,디스플레이장비및부품,3,그래핀 | 메타버스(Metaverse) | 스마트폰,,legacy_theme,높음
030960,양지사,KOSDAQ,기타·이벤트,남북경협,,,,상업서비스와공급품,1,남북경협,,legacy_theme,높음
330730,스톤브릿지벤처스,KOSDAQ,기타·이벤트,딥페이크(deepfake),창투사,,,창업투자,2,딥페이크(deepfake) | 창투사,,legacy_theme,높음
066130,하츠,KOSDAQ,기타·이벤트,리모델링/인테리어,황사/미세먼지,,,가정용기기와용품,2,리모델링/인테리어 | 황사/미세먼지,,legacy_theme,높음
309930,조이웍스앤코,KOSDAQ,기타·이벤트,리모델링/인테리어,,,,가구,1,리모델링/인테리어,,legacy_theme,높음
369370,블리츠웨이엔터테인먼트,KOSDAQ,기타·이벤트,리츠/부동산,캐릭터상품,,,방송과엔터테인먼트,2,엔터테인먼트 | 캐릭터상품,,name_rule,높음
052420,오성첨단소재,KOSDAQ,기타·이벤트,마리화나(대마),,,,디스플레이장비및부품,1,마리화나(대마),,legacy_theme,높음
065170,비엘팜텍,KOSDAQ,기타·이벤트,마리화나(대마),자원개발,건강기능식품,,건강관리업체및서비스,3,건강기능식품 | 마리화나(대마) | 자원개발,,legacy_theme,높음
278650,HLB바이오스텝,KOSDAQ,기타·이벤트,마리화나(대마),,,,생명과학도구및서비스,1,마리화나(대마),,legacy_theme,높음
014100,메디앙스,KOSDAQ,기타·이벤트,마스크,엔젤산업,,,화장품,4,日제품 불매운동(수혜) | 마스크 | 엔젤산업 | 출산장려정책,日제품 불매운동(수혜) | 출산장려정책,legacy_theme,높음
462980,아이지넷,KOSDAQ,기타·이벤트,마이데이터,,,,IT서비스,1,마이데이터,,legacy_theme,높음
049960,쎌바이오텍,KOSDAQ,기타·이벤트,마이크로바이옴,건강기능식품,,,생물공학,2,건강기능식품 | 마이크로바이옴,,legacy_theme,높음
187420,HLB제넥스,KOSDAQ,기타·이벤트,마이크로바이옴,유전자 치료제/분석,,,생물공학,4,마이크로바이옴 | 유전자 치료제/분석 | 코로나19(진단/치료제/백신 개발 등) | 코로나19(진단키트),코로나19(진단/치료제/백신 개발 등) | 코로나19(진단키트),legacy_theme,높음
311690,CJ 바이오사이언스,KOSDAQ,기타·이벤트,마이크로바이옴,유전자 치료제/분석,,,생명과학도구및서비스,4,마이크로바이옴 | 유전자 치료제/분석 | 코로나19(진단/치료제/백신 개발 등) | 코로나19(진단키트),코로나19(진단/치료제/백신 개발 등) | 코로나19(진단키트),legacy_theme,높음
376270,HEM파마,KOSDAQ,기타·이벤트,마이크로바이옴,,,,건강관리업체및서비스,1,마이크로바이옴,,legacy_theme,높음
067010,이씨에스,KOSDAQ,기타·이벤트,마켓컬리(kurly),재택근무/스마트워크,,,IT서비스,2,마켓컬리(kurly) | 재택근무/스마트워크,,legacy_theme,높음
100790,미래에셋벤처투자,KOSDAQ,기타·이벤트,마켓컬리(kurly),스페이스X(SpaceX),창투사,,창업투자,3,마켓컬리(kurly) | 스페이스X(SpaceX) | 창투사,,legacy_theme,높음
336060,웨이버스,KOSDAQ,기타·이벤트,메타버스(Metaverse),,,,IT서비스,1,메타버스(Metaverse),,legacy_theme,높음
028300,HLB,KOSDAQ,기타·이벤트,면역항암제,,,,건강관리장비와용품,1,면역항암제,,legacy_theme,높음
052020,에스티큐브,KOSDAQ,기타·이벤트,면역항암제,,,,판매업체,1,면역항암제,,legacy_theme,높음
083790,CG인바이츠,KOSDAQ,기타·이벤트,면역항암제,유전자 치료제/분석,,,생명과학도구및서비스,2,면역항암제 | 유전자 치료제/분석,,legacy_theme,높음
084990,헬릭스미스,KOSDAQ,기타·이벤트,면역항암제,유전자 치료제/분석,건강기능식품,,생물공학,3,건강기능식품 | 면역항암제 | 유전자 치료제/분석,,legacy_theme,높음
115180,큐리언트,KOSDAQ,기타·이벤트,면역항암제,,,,제약,1,면역항암제,,legacy_theme,높음
174900,앱클론,KOSDAQ,기타·이벤트,면역항암제,고령화 사회(노인복지),유전자 치료제/분석,,생물공학,5,고령화 사회(노인복지) | 면역항암제 | 유전자 치료제/분석 | 코로나19(진단/치료제/백신 개발 등) | 코로나19(치료제/백신 개발 등),코로나19(진단/치료제/백신 개발 등) | 코로나19(치료제/백신 개발 등),legacy_theme,높음
215600,신라젠,KOSDAQ,기타·이벤트,면역항암제,유전자 치료제/분석,,,제약,2,면역항암제 | 유전자 치료제/분석,,legacy_theme,높음
235980,메드팩토,KOSDAQ,기타·이벤트,면역항암제,,,,제약,1,면역항암제,,legacy_theme,높음
293780,압타바이오,KOSDAQ,기타·이벤트,면역항암제,건강기능식품,,,건강관리업체및서비스,4,건강기능식품 | 면역항암제 | 코로나19(진단/치료제/백신 개발 등) | 코로나19(치료제/백신 개발 등),코로나19(진단/치료제/백신 개발 등) | 코로나19(치료제/백신 개발 등),legacy_theme,높음
299660,셀리드,KOSDAQ,기타·이벤트,면역항암제,,,,생물공학,3,면역항암제 | 코로나19(진단/치료제/백신 개발 등) | 코로나19(치료제/백신 개발 등),코로나19(진단/치료제/백신 개발 등) | 코로나19(치료제/백신 개발 등),legacy_theme,높음
308080,바이젠셀,KOSDAQ,기타·이벤트,면역항암제,유전자 치료제/분석,,,제약,2,면역항암제 | 유전자 치료제/분석,,legacy_theme,높음
321550,티움바이오,KOSDAQ,기타·이벤트,면역항암제,유전자 치료제/분석,,,제약,2,면역항암제 | 유전자 치료제/분석,,legacy_theme,높음
323990,박셀바이오,KOSDAQ,기타·이벤트,면역항암제,,,,제약,1,면역항암제,,legacy_theme,높음
338840,와이바이오로직스,KOSDAQ,기타·이벤트,면역항암제,,,,생물공학,1,면역항암제,,legacy_theme,높음
358570,지아이이노베이션,KOSDAQ,기타·이벤트,면역항암제,,,,생물공학,1,면역항암제,,legacy_theme,높음
397030,에이프릴바이오,KOSDAQ,기타·이벤트,면역항암제,,,,제약,1,면역항암제,,legacy_theme,높음
424870,이뮨온시아,KOSDAQ,기타·이벤트,면역항암제,,,,제약,1,면역항암제,,legacy_theme,높음
493280,아이엠바이오로직스,KOSDAQ,기타·이벤트,면역항암제,,,,제약,2,2026 상반기 신규상장 | 면역항암제,2026 상반기 신규상장,legacy_theme,높음
950220,네오이뮨텍,KOSDAQ,기타·이벤트,면역항암제,,,,제약,1,면역항암제,,legacy_theme,높음
950200,소마젠,KOSDAQ,기타·이벤트,모더나(MODERNA),마이크로바이옴,유전자 치료제/분석,,생명과학도구및서비스,5,마이크로바이옴 | 모더나(MODERNA) | 유전자 치료제/분석 | 코로나19(진단/치료제/백신 개발 등) | 코로나19(진단키트),코로나19(진단/치료제/백신 개발 등) | 코로나19(진단키트),legacy_theme,높음
064850,에프앤가이드,KOSDAQ,기타·이벤트,밸류업(24년 기업가치 제고계획 발표),,,,IT서비스,1,밸류업(24년 기업가치 제고계획 발표),밸류업(24년 기업가치 제고계획 발표),legacy_theme,높음
054950,제이브이엠,KOSDAQ,기타·이벤트,밸류업(25년 기업가치 제고계획 발표),,,,건강관리장비와용품,1,밸류업(25년 기업가치 제고계획 발표),밸류업(25년 기업가치 제고계획 발표),legacy_theme,높음
090850,현대이지웰,KOSDAQ,기타·이벤트,밸류업(25년 기업가치 제고계획 발표),,,,상업서비스와공급품,1,밸류업(25년 기업가치 제고계획 발표),밸류업(25년 기업가치 제고계획 발표),legacy_theme,높음
006140,피제이전자,KOSDAQ,기타·이벤트,보안주(물리),로봇(산업용/협동로봇 등),의료기기,고령화 사회(노인복지),건강관리장비와용품,4,고령화 사회(노인복지) | 로봇(산업용/협동로봇 등) | 보안주(물리) | 의료기기,,legacy_theme,높음
083640,인콘,KOSDAQ,기타·이벤트,보안주(물리),CCTV＆DVR,,,전자장비와기기,3,CCTV＆DVR | 보안주(물리) | 재난/안전(지진/화재 등),재난/안전(지진/화재 등),legacy_theme,높음
094840,슈프리마에이치큐,KOSDAQ,기타·이벤트,보안주(물리),바이오인식(생체인식),,,전자장비와기기,2,바이오인식(생체인식) | 보안주(물리),,legacy_theme,높음
143160,아이디스,KOSDAQ,기타·이벤트,보안주(물리),CCTV＆DVR,,,전자장비와기기,2,CCTV＆DVR | 보안주(물리),,legacy_theme,높음
236200,슈프리마,KOSDAQ,기타·이벤트,보안주(물리),바이오인식(생체인식),,,전자장비와기기,3,바이오인식(생체인식) | 밸류업(25년 기업가치 제고계획 발표) | 보안주(물리),밸류업(25년 기업가치 제고계획 발표),legacy_theme,높음
264850,이랜시스,KOSDAQ,기타·이벤트,보안주(물리),피지컬 AI/휴머노이드 로봇,로봇(산업용/협동로봇 등),,전자장비와기기,3,로봇(산업용/협동로봇 등) | 보안주(물리) | 피지컬 AI/휴머노이드 로봇,,legacy_theme,높음
303530,이노뎁,KOSDAQ,기타·이벤트,보안주(물리),지능형로봇/인공지능(AI),메타버스(Metaverse),,IT서비스,3,메타버스(Metaverse) | 보안주(물리) | 지능형로봇/인공지능(AI),,legacy_theme,높음
331380,포커스에이아이,KOSDAQ,기타·이벤트,보안주(물리),CCTV＆DVR,,,전자장비와기기,2,CCTV＆DVR | 보안주(물리),,legacy_theme,높음
356890,싸이버원,KOSDAQ,기타·이벤트,보안주(물리),보안주(정보),,,IT서비스,2,보안주(물리) | 보안주(정보),,legacy_theme,높음
417790,트루엔,KOSDAQ,기타·이벤트,보안주(물리),,,,전자장비와기기,1,보안주(물리),,legacy_theme,높음
424760,벨로크,KOSDAQ,기타·이벤트,보안주(물리),보안주(정보),,,IT서비스,2,보안주(물리) | 보안주(정보),,legacy_theme,높음
038680,에스넷,KOSDAQ,기타·이벤트,보안주(정보),NI(네트워크통합),재택근무/스마트워크,증강현실(AR),IT서비스,7,NI(네트워크통합) | 가상현실(VR) | 메타버스(Metaverse) | 보안주(정보) | 스마트홈(홈네트워크) | 재택근무/스마트워크 | 증강현실(AR),,legacy_theme,높음
465480,인스피언,KOSDAQ,기타·이벤트,보안주(정보),,,,IT서비스,1,보안주(정보),,legacy_theme,높음
488280,에스투더블유,KOSDAQ,기타·이벤트,보안주(정보),지능형로봇/인공지능(AI),,,IT서비스,2,보안주(정보) | 지능형로봇/인공지능(AI),,legacy_theme,높음
084110,휴온스글로벌,KOSDAQ,기타·이벤트,보톡스(보툴리눔톡신),미용기기,지주사,,제약,3,미용기기 | 보톡스(보툴리눔톡신) | 지주사,,legacy_theme,높음
086900,메디톡스,KOSDAQ,기타·이벤트,보톡스(보툴리눔톡신),미용기기,,,생물공학,2,미용기기 | 보톡스(보툴리눔톡신),,legacy_theme,높음
145020,휴젤,KOSDAQ,기타·이벤트,보톡스(보툴리눔톡신),미용기기,,,생물공학,2,미용기기 | 보톡스(보툴리눔톡신),,legacy_theme,높음
200670,휴메딕스,KOSDAQ,기타·이벤트,보톡스(보툴리눔톡신),미용기기,,,제약,2,미용기기 | 보톡스(보툴리눔톡신),,legacy_theme,높음
224110,에이텍모빌리티,KOSDAQ,기타·이벤트,삼성페이,,,,컴퓨터와주변기기,1,삼성페이,,legacy_theme,높음
462860,더즌,KOSDAQ,기타·이벤트,스테이블코인,,,,IT서비스,1,스테이블코인,,legacy_theme,높음
238090,앤디포스,KOSDAQ,기타·이벤트,아이폰,갤럭시 부품주,,,핸드셋,2,갤럭시 부품주 | 아이폰,,legacy_theme,높음
110020,전진바이오팜,KOSDAQ,기타·이벤트,아프리카 돼지열병(ASF),,,,가정용품,1,아프리카 돼지열병(ASF),,legacy_theme,높음
188260,세니젠,KOSDAQ,기타·이벤트,아프리카 돼지열병(ASF),,,,건강관리장비와용품,1,아프리카 돼지열병(ASF),,legacy_theme,높음
331920,셀레믹스,KOSDAQ,기타·이벤트,아프리카 돼지열병(ASF),유전자 치료제/분석,,,생물공학,3,아프리카 돼지열병(ASF) | 유전자 치료제/분석 | 코로나19(진단/치료제/백신 개발 등),코로나19(진단/치료제/백신 개발 등),legacy_theme,높음
036800,나이스정보통신,KOSDAQ,기타·이벤트,애플페이,삼성페이,,,상업서비스와공급품,2,삼성페이 | 애플페이,,legacy_theme,높음
373200,엑스플러스,KOSDAQ,기타·이벤트,애플페이,스마트폰,,,핸드셋,2,스마트폰 | 애플페이,,legacy_theme,높음
027360,아주IB투자,KOSDAQ,기타·이벤트,야놀자(Yanolja),스페이스X(SpaceX),창투사,,창업투자,3,스페이스X(SpaceX) | 야놀자(Yanolja) | 창투사,,legacy_theme,높음
040350,크레오에스지,KOSDAQ,기타·이벤트,업종:IT서비스,,,,IT서비스,0,,,industry_fallback,중간
066410,버킷스튜디오,KOSDAQ,기타·이벤트,업종:IT서비스,,,,IT서비스,0,,,industry_fallback,중간
072770,멤레이비티,KOSDAQ,기타·이벤트,업종:IT서비스,,,,IT서비스,0,,,industry_fallback,중간
169330,엠브레인,KOSDAQ,기타·이벤트,업종:IT서비스,,,,IT서비스,0,,,industry_fallback,중간
261520,이지스,KOSDAQ,기타·이벤트,업종:IT서비스,,,,IT서비스,0,,,industry_fallback,중간
262840,아이퀘스트,KOSDAQ,기타·이벤트,업종:IT서비스,,,,IT서비스,0,,,industry_fallback,중간
367000,플래티어,KOSDAQ,기타·이벤트,업종:IT서비스,,,,IT서비스,0,,,industry_fallback,중간
003800,에이스침대,KOSDAQ,기타·이벤트,업종:가구,,,,가구,0,,,industry_fallback,중간
073190,듀오백,KOSDAQ,기타·이벤트,업종:가구,,,,가구,0,,,industry_fallback,중간
014470,부방,KOSDAQ,기타·이벤트,업종:가정용기기와용품,,,,가정용기기와용품,0,,,industry_fallback,중간
256150,한독크린텍,KOSDAQ,기타·이벤트,업종:가정용기기와용품,,,,가정용기기와용품,0,,,industry_fallback,중간
352090,스톰테크,KOSDAQ,기타·이벤트,업종:가정용기기와용품,,,,가정용기기와용품,0,,,industry_fallback,중간
376180,피코그램,KOSDAQ,기타·이벤트,업종:가정용기기와용품,,,,가정용기기와용품,0,,,industry_fallback,중간
033050,제이엠아이,KOSDAQ,기타·이벤트,업종:가정용품,,,,가정용품,0,,,industry_fallback,중간
053620,태양,KOSDAQ,기타·이벤트,업종:가정용품,,,,가정용품,0,,,industry_fallback,중간
318410,비비씨,KOSDAQ,기타·이벤트,업종:가정용품,,,,가정용품,0,,,industry_fallback,중간
043710,코스리거글로벌,KOSDAQ,기타·이벤트,업종:건강관리업체및서비스,,,,건강관리업체및서비스,0,,,industry_fallback,중간
217330,싸이토젠,KOSDAQ,기타·이벤트,업종:건강관리업체및서비스,,,,건강관리업체및서비스,0,,,industry_fallback,중간
043100,알파AI,KOSDAQ,기타·이벤트,업종:건강관리장비와용품,,,,건강관리장비와용품,0,,,industry_fallback,중간
214610,롤링스톤,KOSDAQ,기타·이벤트,업종:건강관리장비와용품,,,,건강관리장비와용품,0,,,industry_fallback,중간
234920,자이글,KOSDAQ,기타·이벤트,업종:건강관리장비와용품,,,,건강관리장비와용품,0,,,industry_fallback,중간
246720,아스타,KOSDAQ,기타·이벤트,업종:건강관리장비와용품,,,,건강관리장비와용품,0,,,industry_fallback,중간
258830,세종메디칼,KOSDAQ,기타·이벤트,업종:건강관리장비와용품,,,,건강관리장비와용품,0,,,industry_fallback,중간
294090,이오플로우,KOSDAQ,기타·이벤트,업종:건강관리장비와용품,,,,건강관리장비와용품,0,,,industry_fallback,중간
305090,마이크로디지탈,KOSDAQ,기타·이벤트,업종:건강관리장비와용품,,,,건강관리장비와용품,0,,,industry_fallback,중간
307280,원바이오젠,KOSDAQ,기타·이벤트,업종:건강관리장비와용품,,,,건강관리장비와용품,0,,,industry_fallback,중간
389650,넥스트바이오메디컬,KOSDAQ,기타·이벤트,업종:건강관리장비와용품,,,,건강관리장비와용품,0,,,industry_fallback,중간
030350,드래곤플라이,KOSDAQ,기타·이벤트,업종:게임엔터테인먼트,,,,게임엔터테인먼트,0,,,industry_fallback,중간
052770,아이톡시,KOSDAQ,기타·이벤트,업종:게임엔터테인먼트,,,,게임엔터테인먼트,0,,,industry_fallback,중간
457600,벡트,KOSDAQ,기타·이벤트,업종:교육서비스,,,,교육서비스,0,,,industry_fallback,중간
036560,KZ정밀,KOSDAQ,기타·이벤트,업종:기계,,,,기계,0,,,industry_fallback,중간
043220,티에스넥스젠,KOSDAQ,기타·이벤트,업종:기계,,,,기계,0,,,industry_fallback,중간
044780,에이치케이,KOSDAQ,기타·이벤트,업종:기계,,,,기계,0,,,industry_fallback,중간
068240,다원시스,KOSDAQ,기타·이벤트,업종:기계,,,,기계,0,,,industry_fallback,중간
073640,테라사이언스,KOSDAQ,기타·이벤트,업종:기계,,,,기계,0,,,industry_fallback,중간
104460,디와이피엔에프,KOSDAQ,기타·이벤트,업종:기계,,,,기계,0,,,industry_fallback,중간
067770,세진티에스,KOSDAQ,기타·이벤트,업종:디스플레이장비및부품,,,,디스플레이장비및부품,0,,,industry_fallback,중간
121850,코이즈,KOSDAQ,기타·이벤트,업종:디스플레이장비및부품,,,,디스플레이장비및부품,0,,,industry_fallback,중간
121800,비덴트,KOSDAQ,기타·이벤트,업종:디스플레이패널,,,,디스플레이패널,0,,,industry_fallback,중간
050120,ES큐브,KOSDAQ,기타·이벤트,업종:레저용장비와제품,,,,레저용장비와제품,0,,,industry_fallback,중간
001000,신라섬유,KOSDAQ,기타·이벤트,업종:부동산,,,,부동산,0,,,industry_fallback,중간
033560,블루콤,KOSDAQ,기타·이벤트,업종:부동산,,,,부동산,0,,,industry_fallback,중간
034950,한국기업평가,KOSDAQ,기타·이벤트,업종:상업서비스와공급품,,,,상업서비스와공급품,0,,,industry_fallback,중간
036120,서울평가정보,KOSDAQ,기타·이벤트,업종:상업서비스와공급품,,,,상업서비스와공급품,0,,,industry_fallback,중간
049720,고려신용정보,KOSDAQ,기타·이벤트,업종:상업서비스와공급품,,,,상업서비스와공급품,0,,,industry_fallback,중간
068940,셀피글로벌,KOSDAQ,기타·이벤트,업종:상업서비스와공급품,,,,상업서비스와공급품,0,,,industry_fallback,중간
092130,이크레더블,KOSDAQ,기타·이벤트,업종:상업서비스와공급품,,,,상업서비스와공급품,0,,,industry_fallback,중간
130580,나이스디앤비,KOSDAQ,기타·이벤트,업종:상업서비스와공급품,,,,상업서비스와공급품,0,,,industry_fallback,중간
377450,리파인,KOSDAQ,기타·이벤트,업종:상업서비스와공급품,,,,상업서비스와공급품,0,,,industry_fallback,중간
377460,큐에이드,KOSDAQ,기타·이벤트,업종:상업서비스와공급품,,,,상업서비스와공급품,0,,,industry_fallback,중간
182400,엔케이젠바이오텍코리아,KOSDAQ,기타·이벤트,업종:생명과학도구및서비스,,,,생명과학도구및서비스,0,,,industry_fallback,중간
199730,바이오인프라,KOSDAQ,기타·이벤트,업종:생명과학도구및서비스,,,,생명과학도구및서비스,0,,,industry_fallback,중간
241820,피씨엘,KOSDAQ,기타·이벤트,업종:생명과학도구및서비스,,,,생명과학도구및서비스,0,,,industry_fallback,중간
245620,EDGC,KOSDAQ,기타·이벤트,업종:생명과학도구및서비스,,,,생명과학도구및서비스,0,,,industry_fallback,중간
383930,디티앤씨알오,KOSDAQ,기타·이벤트,업종:생명과학도구및서비스,,,,생명과학도구및서비스,0,,,industry_fallback,중간
445680,큐리옥스바이오시스템즈,KOSDAQ,기타·이벤트,업종:생명과학도구및서비스,,,,생명과학도구및서비스,0,,,industry_fallback,중간
251120,바이오에프디엔씨,KOSDAQ,기타·이벤트,업종:생물공학,,,,생물공학,0,,,industry_fallback,중간
263050,유틸렉스,KOSDAQ,기타·이벤트,업종:생물공학,,,,생물공학,0,,,industry_fallback,중간
352770,셀레스트라,KOSDAQ,기타·이벤트,업종:생물공학,,,,생물공학,0,,,industry_fallback,중간
464490,쿼드메디슨,KOSDAQ,기타·이벤트,업종:생물공학,,,,생물공학,0,,,industry_fallback,중간
468530,프로티나,KOSDAQ,기타·이벤트,업종:생물공학,,,,생물공학,0,,,industry_fallback,중간
089230,THE E&M,KOSDAQ,기타·이벤트,업종:양방향미디어와서비스,,,,양방향미디어와서비스,0,,,industry_fallback,중간
408920,메쎄이상,KOSDAQ,기타·이벤트,업종:양방향미디어와서비스,,,,양방향미디어와서비스,0,,,industry_fallback,중간
101970,우양에이치씨,KOSDAQ,기타·이벤트,업종:에너지장비및서비스,,,,에너지장비및서비스,0,,,industry_fallback,중간
065710,서호전기,KOSDAQ,기타·이벤트,업종:운송인프라,,,,운송인프라,0,,,industry_fallback,중간
121890,에스디시스템,KOSDAQ,기타·이벤트,업종:운송인프라,,,,운송인프라,0,,,industry_fallback,중간
196490,디에이테크놀로지,KOSDAQ,기타·이벤트,업종:전기제품,,,,전기제품,0,,,industry_fallback,중간
313760,캐리,KOSDAQ,기타·이벤트,업종:전기제품,,,,전기제품,0,,,industry_fallback,중간
393970,대진첨단소재,KOSDAQ,기타·이벤트,업종:전기제품,,,,전기제품,0,,,industry_fallback,중간
412540,제일엠앤에스,KOSDAQ,기타·이벤트,업종:전기제품,,,,전기제품,0,,,industry_fallback,중간
064240,홈캐스트,KOSDAQ,기타·이벤트,업종:전문소매,,,,전문소매,0,,,industry_fallback,중간
178780,일월지엠엘,KOSDAQ,기타·이벤트,업종:전문소매,,,,전문소매,0,,,industry_fallback,중간
016920,카스,KOSDAQ,기타·이벤트,업종:전자장비와기기,,,,전자장비와기기,0,,,industry_fallback,중간
017250,인터엠,KOSDAQ,기타·이벤트,업종:전자장비와기기,,,,전자장비와기기,0,,,industry_fallback,중간
027040,서울전자통신,KOSDAQ,기타·이벤트,업종:전자장비와기기,,,,전자장비와기기,0,,,industry_fallback,중간
044990,에이치엔에스하이텍,KOSDAQ,기타·이벤트,업종:전자장비와기기,,,,전자장비와기기,0,,,industry_fallback,중간
072990,에이치시티,KOSDAQ,기타·이벤트,업종:전자장비와기기,,,,전자장비와기기,0,,,industry_fallback,중간
091340,S&K폴리텍,KOSDAQ,기타·이벤트,업종:전자장비와기기,,,,전자장비와기기,0,,,industry_fallback,중간
318020,포인트모바일,KOSDAQ,기타·이벤트,업종:전자장비와기기,,,,전자장비와기기,0,,,industry_fallback,중간
340930,성원에너텍,KOSDAQ,기타·이벤트,업종:전자장비와기기,,,,전자장비와기기,0,,,industry_fallback,중간
347000,센코,KOSDAQ,기타·이벤트,업종:전자장비와기기,,,,전자장비와기기,0,,,industry_fallback,중간
360350,코셈,KOSDAQ,기타·이벤트,업종:전자장비와기기,,,,전자장비와기기,0,,,industry_fallback,중간
032750,삼진,KOSDAQ,기타·이벤트,업종:전자제품,,,,전자제품,0,,,industry_fallback,중간
080720,한국유니온제약,KOSDAQ,기타·이벤트,업종:제약,,,,제약,0,,,industry_fallback,중간
109960,앱토크롬,KOSDAQ,기타·이벤트,업종:제약,,,,제약,0,,,industry_fallback,중간
183490,엔지켐생명과학,KOSDAQ,기타·이벤트,업종:제약,,,,제약,0,,,industry_fallback,중간
187660,페니트리움바이오,KOSDAQ,기타·이벤트,업종:제약,,,,제약,0,,,industry_fallback,중간
203400,에이비온,KOSDAQ,기타·이벤트,업종:제약,,,,제약,0,,,industry_fallback,중간
244460,올리패스,KOSDAQ,기타·이벤트,업종:제약,,,,제약,0,,,industry_fallback,중간
246250,에스엘에스바이오,KOSDAQ,기타·이벤트,업종:제약,,,,제약,0,,,industry_fallback,중간
284620,카이노스메드,KOSDAQ,기타·이벤트,업종:제약,,,,제약,0,,,industry_fallback,중간
287840,인투셀,KOSDAQ,기타·이벤트,업종:제약,,,,제약,0,,,industry_fallback,중간
288330,파라택시스코리아,KOSDAQ,기타·이벤트,업종:제약,,,,제약,0,,,industry_fallback,중간
309710,아이티켐,KOSDAQ,기타·이벤트,업종:제약,,,,제약,0,,,industry_fallback,중간
359090,씨엔알리서치,KOSDAQ,기타·이벤트,업종:제약,,,,제약,0,,,industry_fallback,중간
432980,엠에프씨,KOSDAQ,기타·이벤트,업종:제약,,,,제약,0,,,industry_fallback,중간
464280,티디에스팜,KOSDAQ,기타·이벤트,업종:제약,,,,제약,0,,,industry_fallback,중간
475830,오름테라퓨틱,KOSDAQ,기타·이벤트,업종:제약,,,,제약,0,,,industry_fallback,중간
476060,온코닉테라퓨틱스,KOSDAQ,기타·이벤트,업종:제약,,,,제약,0,,,industry_fallback,중간
031860,디에이치엑스컴퍼니,KOSDAQ,기타·이벤트,업종:컴퓨터와주변기기,,,,컴퓨터와주변기기,0,,,industry_fallback,중간
043360,디지아이,KOSDAQ,기타·이벤트,업종:컴퓨터와주변기기,,,,컴퓨터와주변기기,0,,,industry_fallback,중간
045660,에이텍,KOSDAQ,기타·이벤트,업종:컴퓨터와주변기기,,,,컴퓨터와주변기기,0,,,industry_fallback,중간
093190,빅솔론,KOSDAQ,기타·이벤트,업종:컴퓨터와주변기기,,,,컴퓨터와주변기기,0,,,industry_fallback,중간
129890,앱코,KOSDAQ,기타·이벤트,업종:컴퓨터와주변기기,,,,컴퓨터와주변기기,0,,,industry_fallback,중간
332370,아이디피,KOSDAQ,기타·이벤트,업종:컴퓨터와주변기기,,,,컴퓨터와주변기기,0,,,industry_fallback,중간
039740,한국정보공학,KOSDAQ,기타·이벤트,업종:판매업체,,,,판매업체,0,,,industry_fallback,중간
051390,YW,KOSDAQ,기타·이벤트,업종:판매업체,,,,판매업체,0,,,industry_fallback,중간
064090,인크레더블버즈,KOSDAQ,기타·이벤트,업종:판매업체,,,,판매업체,0,,,industry_fallback,중간
004780,대륙제관,KOSDAQ,기타·이벤트,업종:포장재,,,,포장재,0,,,industry_fallback,중간
060540,에스에이티,KOSDAQ,기타·이벤트,업종:핸드셋,,,,핸드셋,0,,,industry_fallback,중간
065680,우주일렉트로,KOSDAQ,기타·이벤트,업종:핸드셋,,,,핸드셋,0,,,industry_fallback,중간
106080,케이이엠텍,KOSDAQ,기타·이벤트,업종:핸드셋,,,,핸드셋,0,,,industry_fallback,중간
082660,코스나인,KOSDAQ,기타·이벤트,업종:화장품,,,,화장품,0,,,industry_fallback,중간
217480,에스디생명공학,KOSDAQ,기타·이벤트,업종:화장품,,,,화장품,0,,,industry_fallback,중간
040420,정상제이엘에스,KOSDAQ,기타·이벤트,엔젤산업,교육/온라인 교육,,,교육서비스,2,교육/온라인 교육 | 엔젤산업,,legacy_theme,높음
407400,꿈비,KOSDAQ,기타·이벤트,엔젤산업,,,,가정용기기와용품,2,엔젤산업 | 출산장려정책,출산장려정책,legacy_theme,높음
487580,폴레드,KOSDAQ,기타·이벤트,엔젤산업,,,,가정용기기와용품,3,2026 상반기 신규상장 | 엔젤산업 | 출산장려정책,2026 상반기 신규상장 | 출산장려정책,legacy_theme,높음
042110,에스씨디,KOSDAQ,기타·이벤트,여름,,,,전기제품,1,여름,,legacy_theme,높음
043340,에쎈테크,KOSDAQ,기타·이벤트,여름,,,,기계,1,여름,,legacy_theme,높음
032850,비트컴퓨터,KOSDAQ,기타·이벤트,원격진료/비대면진료(U-Healthcare),교육/온라인 교육,SI(시스템통합),고령화 사회(노인복지),건강관리기술,4,SI(시스템통합) | 고령화 사회(노인복지) | 교육/온라인 교육 | 원격진료/비대면진료(U-Healthcare),,legacy_theme,높음
071200,인피니트헬스케어,KOSDAQ,기타·이벤트,원격진료/비대면진료(U-Healthcare),고령화 사회(노인복지),,,건강관리기술,2,고령화 사회(노인복지) | 원격진료/비대면진료(U-Healthcare),,legacy_theme,높음
365660,레몬헬스케어,KOSDAQ,기타·이벤트,원격진료/비대면진료(U-Healthcare),,,,건강관리업체및서비스,2,2026 하반기 신규상장 | 원격진료/비대면진료(U-Healthcare),2026 하반기 신규상장,legacy_theme,높음
070300,퀀텀레일,KOSDAQ,기타·이벤트,유심(USIM),,,,핸드셋,1,유심(USIM),,legacy_theme,높음
089850,유비벨록스,KOSDAQ,기타·이벤트,유심(USIM),스마트카(SMART CAR),마이데이터,모바일솔루션(스마트폰),전자제품,5,마이데이터 | 모바일솔루션(스마트폰) | 삼성페이 | 스마트카(SMART CAR) | 유심(USIM),,legacy_theme,높음
046210,HLB파나진,KOSDAQ,기타·이벤트,유전자 치료제/분석,,,,생명과학도구및서비스,1,유전자 치료제/분석,,legacy_theme,높음
092040,아미코젠,KOSDAQ,기타·이벤트,유전자 치료제/분석,건강기능식품,,,생물공학,2,건강기능식품 | 유전자 치료제/분석,,legacy_theme,높음
199800,툴젠,KOSDAQ,기타·이벤트,유전자 치료제/분석,,,,생물공학,1,유전자 치료제/분석,,legacy_theme,높음
228760,지노믹트리,KOSDAQ,기타·이벤트,유전자 치료제/분석,,,,건강관리장비와용품,3,유전자 치료제/분석 | 코로나19(진단/치료제/백신 개발 등) | 코로나19(진단키트),코로나19(진단/치료제/백신 개발 등) | 코로나19(진단키트),legacy_theme,높음
340450,지씨지놈,KOSDAQ,기타·이벤트,유전자 치료제/분석,,,,생명과학도구및서비스,1,유전자 치료제/분석,,legacy_theme,높음
363250,진시스템,KOSDAQ,기타·이벤트,유전자 치료제/분석,,,,건강관리장비와용품,3,유전자 치료제/분석 | 코로나19(진단/치료제/백신 개발 등) | 코로나19(진단키트),코로나19(진단/치료제/백신 개발 등) | 코로나19(진단키트),legacy_theme,높음
372320,큐로셀,KOSDAQ,기타·이벤트,유전자 치료제/분석,,,,생물공학,1,유전자 치료제/분석,,legacy_theme,높음
389030,지니너스,KOSDAQ,기타·이벤트,유전자 치료제/분석,,,,생물공학,1,유전자 치료제/분석,,legacy_theme,높음
461030,아이엠비디엑스,KOSDAQ,기타·이벤트,유전자 치료제/분석,,,,생명과학도구및서비스,1,유전자 치료제/분석,,legacy_theme,높음
027830,대성창투,KOSDAQ,기타·이벤트,일자리(취업),두나무(Dunamu),창투사,블록체인,창업투자,5,두나무(Dunamu) | 메타버스(Metaverse) | 블록체인 | 일자리(취업) | 창투사,,legacy_theme,높음
133750,메가엠디,KOSDAQ,기타·이벤트,일자리(취업),교육/온라인 교육,,,교육서비스,2,교육/온라인 교육 | 일자리(취업),,legacy_theme,높음
143240,사람인,KOSDAQ,기타·이벤트,일자리(취업),,,,상업서비스와공급품,1,일자리(취업),,legacy_theme,높음
339950,아이비김영,KOSDAQ,기타·이벤트,일자리(취업),교육/온라인 교육,,,교육서비스,2,교육/온라인 교육 | 일자리(취업),,legacy_theme,높음
373160,데이원컴퍼니,KOSDAQ,기타·이벤트,일자리(취업),교육/온라인 교육,,,교육서비스,2,교육/온라인 교육 | 일자리(취업),,legacy_theme,높음
376980,원티드랩,KOSDAQ,기타·이벤트,일자리(취업),,,,상업서비스와공급품,1,일자리(취업),,legacy_theme,높음
440320,오픈놀,KOSDAQ,기타·이벤트,일자리(취업),,,,디스플레이패널,1,일자리(취업),,legacy_theme,높음
024950,삼천리자전거,KOSDAQ,기타·이벤트,자전거,,,,레저용장비와제품,1,자전거,,legacy_theme,높음
123750,알톤,KOSDAQ,기타·이벤트,자전거,,,,레저용장비와제품,1,자전거,,legacy_theme,높음
032960,동일기연,KOSDAQ,기타·이벤트,전자파,,,,전자장비와기기,1,전자파,,legacy_theme,높음
049550,잉크테크,KOSDAQ,기타·이벤트,전자파,,,,컴퓨터와주변기기,1,전자파,,legacy_theme,높음
154040,다산솔루에타,KOSDAQ,기타·이벤트,전자파,그래핀,스마트폰,,전자제품,3,그래핀 | 스마트폰 | 전자파,,legacy_theme,높음
263810,상신전자,KOSDAQ,기타·이벤트,전자파,페라이트,,,전자장비와기기,2,전자파 | 페라이트,,legacy_theme,높음
078160,메디포스트,KOSDAQ,기타·이벤트,제대혈,줄기세포,원격진료/비대면진료(U-Healthcare),고령화 사회(노인복지),생물공학,5,건강기능식품 | 고령화 사회(노인복지) | 원격진료/비대면진료(U-Healthcare) | 제대혈 | 줄기세포,,legacy_theme,높음
085660,차바이오텍,KOSDAQ,기타·이벤트,제대혈,줄기세포,원격진료/비대면진료(U-Healthcare),면역항암제,건강관리업체및서비스,5,고령화 사회(노인복지) | 면역항암제 | 원격진료/비대면진료(U-Healthcare) | 제대혈 | 줄기세포,,legacy_theme,높음
144510,지씨셀,KOSDAQ,기타·이벤트,제대혈,콜드체인(저온 유통),면역항암제,,건강관리업체및서비스,3,면역항암제 | 제대혈 | 콜드체인(저온 유통),,legacy_theme,높음
037070,파세코,KOSDAQ,기타·이벤트,제습기,겨울,리모델링/인테리어,황사/미세먼지,가정용기기와용품,5,겨울 | 리모델링/인테리어 | 여름 | 제습기 | 황사/미세먼지,,legacy_theme,높음
044340,위닉스,KOSDAQ,기타·이벤트,제습기,공기청정기,스마트홈(홈네트워크),황사/미세먼지,가정용기기와용품,5,공기청정기 | 스마트홈(홈네트워크) | 여름 | 제습기 | 황사/미세먼지,,legacy_theme,높음
001810,무림SP,KOSDAQ,기타·이벤트,제지,,,,종이와목재,1,제지,,legacy_theme,높음
034810,해성산업,KOSDAQ,기타·이벤트,제지,지주사,,,종이와목재,2,제지 | 지주사,,legacy_theme,높음
137950,제이씨케미칼,KOSDAQ,기타·이벤트,조림사업,,,,에너지장비및서비스,1,조림사업,,legacy_theme,높음
038620,위즈코프,KOSDAQ,기타·이벤트,주유소,,,,운송인프라,1,주유소,,legacy_theme,높음
038290,마크로젠,KOSDAQ,기타·이벤트,줄기세포,마이크로바이옴,원격진료/비대면진료(U-Healthcare),고령화 사회(노인복지),생명과학도구및서비스,6,고령화 사회(노인복지) | 마이크로바이옴 | 원격진료/비대면진료(U-Healthcare) | 유전자 치료제/분석 | 줄기세포 | 코로나19(진단/치료제/백신 개발 등),코로나19(진단/치료제/백신 개발 등),legacy_theme,높음
065660,안트로젠,KOSDAQ,기타·이벤트,줄기세포,탈모 치료,,,제약,2,줄기세포 | 탈모 치료,,legacy_theme,높음
086820,바이오솔루션,KOSDAQ,기타·이벤트,줄기세포,,,,생물공학,1,줄기세포,,legacy_theme,높음
166480,코아스템켐온,KOSDAQ,기타·이벤트,줄기세포,,,,생물공학,1,줄기세포,,legacy_theme,높음
191420,테고사이언스,KOSDAQ,기타·이벤트,줄기세포,,,,생물공학,1,줄기세포,,legacy_theme,높음
304360,에스바이오메딕스,KOSDAQ,기타·이벤트,줄기세포,,,,생물공학,1,줄기세포,,legacy_theme,높음
373110,엑셀세라퓨틱스,KOSDAQ,기타·이벤트,줄기세포,유전자 치료제/분석,,,생물공학,2,유전자 치료제/분석 | 줄기세포,,legacy_theme,높음
456070,이엔셀,KOSDAQ,기타·이벤트,줄기세포,유전자 치료제/분석,,,제약,2,유전자 치료제/분석 | 줄기세포,,legacy_theme,높음
431190,케이쓰리아이,KOSDAQ,기타·이벤트,증강현실(AR),가상현실(VR),메타버스(Metaverse),,IT서비스,3,가상현실(VR) | 메타버스(Metaverse) | 증강현실(AR),,legacy_theme,높음
294570,쿠콘,KOSDAQ,기타·이벤트,지역화폐,마이데이터,전자결제(전자화폐),스테이블코인,IT서비스,4,마이데이터 | 스테이블코인 | 전자결제(전자화폐) | 지역화폐,,legacy_theme,높음
035610,솔본,KOSDAQ,기타·이벤트,지주사,,,,건강관리기술,1,지주사,,legacy_theme,높음
054800,아이디스홀딩스,KOSDAQ,기타·이벤트,지주사,,,,컴퓨터와주변기기,1,지주사,,legacy_theme,높음
037330,인지디스플레,KOSDAQ,기타·이벤트,초전도체,,,,디스플레이장비및부품,1,초전도체,,legacy_theme,높음
228670,레이,KOSDAQ,기타·이벤트,치아 치료(임플란트 등),,,,건강관리장비와용품,1,치아 치료(임플란트 등),,legacy_theme,높음
261200,덴티스,KOSDAQ,기타·이벤트,치아 치료(임플란트 등),,,,건강관리장비와용품,1,치아 치료(임플란트 등),,legacy_theme,높음
318060,그래피,KOSDAQ,기타·이벤트,치아 치료(임플란트 등),,,,건강관리장비와용품,1,치아 치료(임플란트 등),,legacy_theme,높음
039830,오로라,KOSDAQ,기타·이벤트,캐릭터상품,엔젤산업,,,레저용장비와제품,2,엔젤산업 | 캐릭터상품,,legacy_theme,높음
317530,에피소드컴퍼니,KOSDAQ,기타·이벤트,캐릭터상품,엔젤산업,교육/온라인 교육,영상콘텐츠,양방향미디어와서비스,5,교육/온라인 교육 | 엔젤산업 | 영상콘텐츠 | 출산장려정책 | 캐릭터상품,출산장려정책,legacy_theme,높음
215380,콜마바이오텍,KOSDAQ,기타·이벤트,코로나19(음압병실/음압구급차),,,,생명과학도구및서비스,1,코로나19(음압병실/음압구급차),코로나19(음압병실/음압구급차),legacy_theme,높음
115450,HLB테라퓨틱스,KOSDAQ,기타·이벤트,콜드체인(저온 유통),,,,제약,1,콜드체인(저온 유통),,legacy_theme,높음
131220,대한과학,KOSDAQ,기타·이벤트,콜드체인(저온 유통),,,,생명과학도구및서비스,1,콜드체인(저온 유통),,legacy_theme,높음
246960,SCL사이언스,KOSDAQ,기타·이벤트,콜드체인(저온 유통),,,,건강관리업체및서비스,1,콜드체인(저온 유통),,legacy_theme,높음
289010,아이스크림에듀,KOSDAQ,기타·이벤트,쿠팡(coupang),교육/온라인 교육,,,교육서비스,2,교육/온라인 교육 | 쿠팡(coupang),,legacy_theme,높음
297570,아틀라스링크,KOSDAQ,기타·이벤트,쿠팡(coupang),,,,전자제품,1,쿠팡(coupang),,legacy_theme,높음
105760,포스뱅크,KOSDAQ,기타·이벤트,키오스크(KIOSK),,,,상업서비스와공급품,1,키오스크(KIOSK),,legacy_theme,높음
177830,파버나인,KOSDAQ,기타·이벤트,키오스크(KIOSK),,,,디스플레이장비및부품,1,키오스크(KIOSK),,legacy_theme,높음
020710,시공테크,KOSDAQ,기타·이벤트,테마파크,DMZ 평화공원,리모델링/인테리어,가상현실(VR),"호텔,레스토랑,레저",4,DMZ 평화공원 | 가상현실(VR) | 리모델링/인테리어 | 테마파크,,legacy_theme,높음
020180,대신정보통신,KOSDAQ,기타·이벤트,토스(toss),SI(시스템통합),,,IT서비스,2,SI(시스템통합) | 토스(toss),,legacy_theme,높음
079190,케스피온,KOSDAQ,기타·이벤트,페라이트,황사/미세먼지,스마트폰,,핸드셋,3,스마트폰 | 페라이트 | 황사/미세먼지,,legacy_theme,높음
148150,세경하이테크,KOSDAQ,기타·이벤트,폴더블폰,갤럭시 부품주,스마트폰,,핸드셋,3,갤럭시 부품주 | 스마트폰 | 폴더블폰,,legacy_theme,높음
441270,파인엠텍,KOSDAQ,기타·이벤트,폴더블폰,,,,핸드셋,1,폴더블폰,,legacy_theme,높음
052600,한네트,KOSDAQ,기타·이벤트,화폐/금융자동화기기(디지털화폐 등),키오스크(KIOSK),,,IT서비스,2,키오스크(KIOSK) | 화폐/금융자동화기기(디지털화폐 등),,legacy_theme,높음
067730,로지시스,KOSDAQ,기타·이벤트,화폐/금융자동화기기(디지털화폐 등),,,,IT서비스,1,화폐/금융자동화기기(디지털화폐 등),,legacy_theme,높음
089150,케이씨티,KOSDAQ,기타·이벤트,화폐/금융자동화기기(디지털화폐 등),키오스크(KIOSK),,,컴퓨터와주변기기,2,키오스크(KIOSK) | 화폐/금융자동화기기(디지털화폐 등),,legacy_theme,높음
131030,옵투스제약,KOSDAQ,기타·이벤트,황사/미세먼지,,,,제약,1,황사/미세먼지,,legacy_theme,높음
032500,케이엠더블유,KOSDAQ,디스플레이·전자부품,LED,통신장비,5G(5세대 이동통신),,통신장비,3,5G(5세대 이동통신) | LED | 통신장비,,legacy_theme,높음
037400,우리엔터프라이즈,KOSDAQ,디스플레이·전자부품,LED,,,,디스플레이장비및부품,1,LED,,legacy_theme,높음
037950,엘컴텍,KOSDAQ,디스플레이·전자부품,LED,귀금속(금/은),자원개발,,전자장비와기기,3,LED | 귀금속(금/은) | 자원개발,,legacy_theme,높음
045970,코아시아,KOSDAQ,디스플레이·전자부품,LED,시스템반도체,지주사,,핸드셋,3,LED | 시스템반도체 | 지주사,,legacy_theme,높음
050760,에스폴리텍,KOSDAQ,디스플레이·전자부품,LED,태양광에너지,,,화학,2,LED | 태양광에너지,,legacy_theme,높음
065690,파커스,KOSDAQ,디스플레이·전자부품,LED,,,,컴퓨터와주변기기,1,LED,,legacy_theme,높음
073540,에프알텍,KOSDAQ,디스플레이·전자부품,LED,통신장비,5G(5세대 이동통신),,통신장비,3,5G(5세대 이동통신) | LED | 통신장비,,legacy_theme,높음
080520,오디텍,KOSDAQ,디스플레이·전자부품,LED,시스템반도체,,,반도체와반도체장비,2,LED | 시스템반도체,,legacy_theme,높음
082850,우리바이오,KOSDAQ,디스플레이·전자부품,LED,마리화나(대마),PCB(FPCB 등),,디스플레이장비및부품,3,LED | PCB(FPCB 등) | 마리화나(대마),,legacy_theme,높음
096870,엘디티,KOSDAQ,디스플레이·전자부품,LED,OLED(유기 발광 다이오드),스마트폰,,디스플레이장비및부품,3,LED | OLED(유기 발광 다이오드) | 스마트폰,,legacy_theme,높음
106240,파인테크닉스,KOSDAQ,디스플레이·전자부품,LED,,,,디스플레이장비및부품,1,LED,,legacy_theme,높음
121600,나노신소재,KOSDAQ,디스플레이·전자부품,LED,태양광에너지,2차전지(소재/부품),OLED(유기 발광 다이오드),화학,5,2차전지 | 2차전지(소재/부품) | LED | OLED(유기 발광 다이오드) | 태양광에너지,,legacy_theme,높음
153490,우리이앤엘하루틴,KOSDAQ,디스플레이·전자부품,LED,건강기능식품,,,디스플레이장비및부품,2,LED | 건강기능식품,,legacy_theme,높음
256630,포인트엔지니어링,KOSDAQ,디스플레이·전자부품,LED,OLED(유기 발광 다이오드),반도체 장비,,디스플레이장비및부품,3,LED | OLED(유기 발광 다이오드) | 반도체 장비,,legacy_theme,높음
272110,케이엔제이,KOSDAQ,디스플레이·전자부품,LED,반도체 재료/부품,,,반도체와반도체장비,2,LED | 반도체 재료/부품,,legacy_theme,높음
290690,아리바이오홀딩스,KOSDAQ,디스플레이·전자부품,LED,,,,디스플레이장비및부품,1,LED,,legacy_theme,높음
382800,지앤비에스 에코,KOSDAQ,디스플레이·전자부품,LED,태양광에너지,반도체 장비,,반도체와반도체장비,3,LED | 반도체 장비 | 태양광에너지,,legacy_theme,높음
036930,주성엔지니어링,KOSDAQ,디스플레이·전자부품,LED장비,플렉서블 디스플레이,태양광에너지,OLED(유기 발광 다이오드),반도체와반도체장비,6,LED장비 | OLED(유기 발광 다이오드) | 반도체 장비 | 코리아 밸류업 지수(Korea Value-up Index) | 태양광에너지 | 플렉서블 디스플레이,코리아 밸류업 지수(Korea Value-up Index),legacy_theme,높음
039030,이오테크닉스,KOSDAQ,디스플레이·전자부품,LED장비,HBM(고대역폭메모리),반도체 장비,,반도체와반도체장비,3,HBM(고대역폭메모리) | LED장비 | 반도체 장비,,legacy_theme,높음
049080,기가레인,KOSDAQ,디스플레이·전자부품,LED장비,통신장비,5G(5세대 이동통신),반도체 장비,통신장비,6,5G(5세대 이동통신) | LED장비 | 갤럭시 부품주 | 반도체 장비 | 스마트폰 | 통신장비,,legacy_theme,높음
049950,미래컴퍼니,KOSDAQ,디스플레이·전자부품,LED장비,유리 기판,2차전지(전고체),지능형로봇/인공지능(AI),디스플레이장비및부품,7,2차전지 | 2차전지(전고체) | LED장비 | OLED(유기 발광 다이오드) | 유리 기판 | 의료기기 | 지능형로봇/인공지능(AI),,legacy_theme,높음
053610,프로텍,KOSDAQ,디스플레이·전자부품,LED장비,반도체 장비,전자파,아이폰,반도체와반도체장비,4,LED장비 | 반도체 장비 | 아이폰 | 전자파,,legacy_theme,높음
064760,티씨케이,KOSDAQ,디스플레이·전자부품,LED장비,반도체 재료/부품,반도체 장비,,반도체와반도체장비,5,LED장비 | 반도체 장비 | 반도체 재료/부품 | 밸류업(25년 기업가치 제고계획 발표) | 코리아 밸류업 지수(Korea Value-up Index),밸류업(25년 기업가치 제고계획 발표) | 코리아 밸류업 지수(Korea Value-up Index),legacy_theme,높음
065130,탑엔지니어링,KOSDAQ,디스플레이·전자부품,LED장비,2차전지(장비),OLED(유기 발광 다이오드),반도체 장비,핸드셋,7,2차전지 | 2차전지(장비) | LED장비 | OLED(유기 발광 다이오드) | 반도체 장비 | 초전도체 | 카메라모듈/부품,,legacy_theme,높음
122640,예스티,KOSDAQ,디스플레이·전자부품,LED장비,HBM(고대역폭메모리),OLED(유기 발광 다이오드),반도체 장비,반도체와반도체장비,4,HBM(고대역폭메모리) | LED장비 | OLED(유기 발광 다이오드) | 반도체 장비,,legacy_theme,높음
131290,티에스이,KOSDAQ,디스플레이·전자부품,LED장비,OLED(유기 발광 다이오드),반도체 장비,,반도체와반도체장비,3,LED장비 | OLED(유기 발광 다이오드) | 반도체 장비,,legacy_theme,높음
306620,지아이에스,KOSDAQ,디스플레이·전자부품,LED장비,드론(Drone),반도체 장비,MLCC(적층세라믹콘덴서),반도체와반도체장비,5,LED장비 | MLCC(적층세라믹콘덴서) | UAM(도심항공모빌리티) | 드론(Drone) | 반도체 장비,,legacy_theme,높음
412350,레이저쎌,KOSDAQ,디스플레이·전자부품,LED장비,HBM(고대역폭메모리),반도체 장비,,반도체와반도체장비,3,HBM(고대역폭메모리) | LED장비 | 반도체 장비,,legacy_theme,높음
149950,아바텍,KOSDAQ,디스플레이·전자부품,MLCC(적층세라믹콘덴서),,,,디스플레이장비및부품,1,MLCC(적층세라믹콘덴서),,legacy_theme,높음
049120,파인디앤씨,KOSDAQ,디스플레이·전자부품,OLED(유기 발광 다이오드),,,,디스플레이장비및부품,1,OLED(유기 발광 다이오드),,legacy_theme,높음
054040,한국컴퓨터,KOSDAQ,디스플레이·전자부품,OLED(유기 발광 다이오드),스마트폰,,,디스플레이장비및부품,2,OLED(유기 발광 다이오드) | 스마트폰,,legacy_theme,높음
054620,APS,KOSDAQ,디스플레이·전자부품,OLED(유기 발광 다이오드),지주사,,,반도체와반도체장비,2,OLED(유기 발광 다이오드) | 지주사,,legacy_theme,높음
063760,이엘피,KOSDAQ,디스플레이·전자부품,OLED(유기 발광 다이오드),,,,디스플레이장비및부품,1,OLED(유기 발광 다이오드),,legacy_theme,높음
079950,인베니아,KOSDAQ,디스플레이·전자부품,OLED(유기 발광 다이오드),,,,디스플레이장비및부품,1,OLED(유기 발광 다이오드),,legacy_theme,높음
083470,이엠앤아이,KOSDAQ,디스플레이·전자부품,OLED(유기 발광 다이오드),,,,디스플레이장비및부품,1,OLED(유기 발광 다이오드),,legacy_theme,높음
088130,동아엘텍,KOSDAQ,디스플레이·전자부품,OLED(유기 발광 다이오드),,,,디스플레이장비및부품,1,OLED(유기 발광 다이오드),,legacy_theme,높음
090470,제이스로보틱스,KOSDAQ,디스플레이·전자부품,OLED(유기 발광 다이오드),반도체 장비,2차전지,,전자장비와기기,3,2차전지 | OLED(유기 발광 다이오드) | 반도체 장비,,legacy_theme,높음
094970,제이엠티,KOSDAQ,디스플레이·전자부품,OLED(유기 발광 다이오드),,,,디스플레이장비및부품,1,OLED(유기 발광 다이오드),,legacy_theme,높음
137080,나래나노텍,KOSDAQ,디스플레이·전자부품,OLED(유기 발광 다이오드),,,,디스플레이장비및부품,1,OLED(유기 발광 다이오드),,legacy_theme,높음
187870,디바이스,KOSDAQ,디스플레이·전자부품,OLED(유기 발광 다이오드),반도체 장비,,,디스플레이장비및부품,2,OLED(유기 발광 다이오드) | 반도체 장비,,legacy_theme,높음
238490,힘스,KOSDAQ,디스플레이·전자부품,OLED(유기 발광 다이오드),,,,디스플레이장비및부품,1,OLED(유기 발광 다이오드),,legacy_theme,높음
239890,피엔에이치테크,KOSDAQ,디스플레이·전자부품,OLED(유기 발광 다이오드),,,,디스플레이장비및부품,1,OLED(유기 발광 다이오드),,legacy_theme,높음
250930,예선테크,KOSDAQ,디스플레이·전자부품,OLED(유기 발광 다이오드),,,,디스플레이장비및부품,1,OLED(유기 발광 다이오드),,legacy_theme,높음
256940,킵스파마,KOSDAQ,디스플레이·전자부품,OLED(유기 발광 다이오드),제약업체,폐배터리,,비철금속,3,OLED(유기 발광 다이오드) | 제약업체 | 폐배터리,,legacy_theme,높음
321260,프로이천,KOSDAQ,디스플레이·전자부품,OLED(유기 발광 다이오드),반도체 장비,,,디스플레이장비및부품,2,OLED(유기 발광 다이오드) | 반도체 장비,,legacy_theme,높음
336680,탑런토탈솔루션,KOSDAQ,디스플레이·전자부품,OLED(유기 발광 다이오드),자동차부품,,,자동차부품,2,OLED(유기 발광 다이오드) | 자동차부품,,legacy_theme,높음
347770,핌스,KOSDAQ,디스플레이·전자부품,OLED(유기 발광 다이오드),,,,디스플레이장비및부품,1,OLED(유기 발광 다이오드),,legacy_theme,높음
351320,넥사다이내믹스,KOSDAQ,디스플레이·전자부품,OLED(유기 발광 다이오드),화장품,,,디스플레이장비및부품,2,OLED(유기 발광 다이오드) | 화장품,,legacy_theme,높음
371950,풍원정밀,KOSDAQ,디스플레이·전자부품,OLED(유기 발광 다이오드),日 수출 규제(국산화 등),,,디스플레이장비및부품,2,OLED(유기 발광 다이오드) | 日 수출 규제(국산화 등),,legacy_theme,높음
457370,한켐,KOSDAQ,디스플레이·전자부품,OLED(유기 발광 다이오드),MLCC(적층세라믹콘덴서),,,디스플레이장비및부품,2,MLCC(적층세라믹콘덴서) | OLED(유기 발광 다이오드),,legacy_theme,높음
036010,아비코전자,KOSDAQ,디스플레이·전자부품,PCB(FPCB 등),스마트폰,,,전기제품,2,PCB(FPCB 등) | 스마트폰,,legacy_theme,높음
066900,디에이피,KOSDAQ,디스플레이·전자부품,PCB(FPCB 등),,,,전자장비와기기,1,PCB(FPCB 등),,legacy_theme,높음
085670,뉴프렉스,KOSDAQ,디스플레이·전자부품,PCB(FPCB 등),갤럭시 부품주,메타버스(Metaverse),,전자장비와기기,3,PCB(FPCB 등) | 갤럭시 부품주 | 메타버스(Metaverse),,legacy_theme,높음
092300,현우산업,KOSDAQ,디스플레이·전자부품,PCB(FPCB 등),,,,전자장비와기기,1,PCB(FPCB 등),,legacy_theme,높음
127980,화인써키트,KOSDAQ,디스플레이·전자부품,PCB(FPCB 등),,,,전자장비와기기,1,PCB(FPCB 등),,legacy_theme,높음
008290,원풍물산,KOSDAQ,디스플레이·전자부품,마이크로 LED,패션/의류,,,"섬유,의류,신발,호화품",2,마이크로 LED | 패션/의류,,legacy_theme,높음
038060,루멘스,KOSDAQ,디스플레이·전자부품,마이크로 LED,플렉서블 디스플레이,LED,,디스플레이장비및부품,3,LED | 마이크로 LED | 플렉서블 디스플레이,,legacy_theme,높음
046890,서울반도체,KOSDAQ,디스플레이·전자부품,마이크로 LED,LED,,,디스플레이장비및부품,2,LED | 마이크로 LED,,legacy_theme,높음
066310,큐에스아이,KOSDAQ,디스플레이·전자부품,마이크로 LED,양자암호/양자컴퓨팅,가상현실(VR),메타버스(Metaverse),반도체와반도체장비,4,가상현실(VR) | 마이크로 LED | 메타버스(Metaverse) | 양자암호/양자컴퓨팅,,legacy_theme,높음
089890,코세스,KOSDAQ,디스플레이·전자부품,마이크로 LED,고체산화물 연료전지(SOFC),플렉서블 디스플레이,2차전지(장비),반도체와반도체장비,7,2차전지 | 2차전지(장비) | 고체산화물 연료전지(SOFC) | 마이크로 LED | 메타버스(Metaverse) | 반도체 장비 | 플렉서블 디스플레이,,legacy_theme,높음
143540,영우디에스피,KOSDAQ,디스플레이·전자부품,마이크로 LED,지능형로봇/인공지능(AI),OLED(유기 발광 다이오드),,디스플레이장비및부품,3,OLED(유기 발광 다이오드) | 마이크로 LED | 지능형로봇/인공지능(AI),,legacy_theme,높음
418420,라온텍,KOSDAQ,디스플레이·전자부품,마이크로 LED,증강현실(AR),가상현실(VR),,반도체와반도체장비,3,가상현실(VR) | 마이크로 LED | 증강현실(AR),,legacy_theme,높음
452430,사피엔반도체,KOSDAQ,디스플레이·전자부품,마이크로 LED,시스템반도체,증강현실(AR),,반도체와반도체장비,3,마이크로 LED | 시스템반도체 | 증강현실(AR),,legacy_theme,높음
123420,위메이드플레이,KOSDAQ,디스플레이·전자부품,모바일게임(스마트폰),,,,게임엔터테인먼트,1,모바일게임(스마트폰),,legacy_theme,높음
193250,링크드,KOSDAQ,디스플레이·전자부품,모바일게임(스마트폰),자동차부품,가상현실(VR),메타버스(Metaverse),핸드셋,5,가상현실(VR) | 메타버스(Metaverse) | 모바일게임(스마트폰) | 스마트폰 | 자동차부품,,legacy_theme,높음
194480,데브시스터즈,KOSDAQ,디스플레이·전자부품,모바일게임(스마트폰),캐릭터상품,가상현실(VR),,게임엔터테인먼트,3,가상현실(VR) | 모바일게임(스마트폰) | 캐릭터상품,,legacy_theme,높음
208640,썸에이지,KOSDAQ,디스플레이·전자부품,모바일게임(스마트폰),,,,게임엔터테인먼트,1,모바일게임(스마트폰),,legacy_theme,높음
348030,모비릭스,KOSDAQ,디스플레이·전자부품,모바일게임(스마트폰),,,,게임엔터테인먼트,1,모바일게임(스마트폰),,legacy_theme,높음
139670,키네마스터,KOSDAQ,디스플레이·전자부품,모바일솔루션(스마트폰),,,,소프트웨어,1,모바일솔루션(스마트폰),,legacy_theme,높음
036030,케이티알파,KOSDAQ,디스플레이·전자부품,모바일콘텐츠(스마트폰/태블릿PC),,,,인터넷과카탈로그소매,1,모바일콘텐츠(스마트폰/태블릿PC),,legacy_theme,높음
289220,자이언트스텝,KOSDAQ,디스플레이·전자부품,모바일콘텐츠(스마트폰/태블릿PC),영상콘텐츠,메타버스(Metaverse),,양방향미디어와서비스,3,메타버스(Metaverse) | 모바일콘텐츠(스마트폰/태블릿PC) | 영상콘텐츠,,legacy_theme,높음
418470,KT밀리의서재,KOSDAQ,디스플레이·전자부품,모바일콘텐츠(스마트폰/태블릿PC),,,,출판,1,모바일콘텐츠(스마트폰/태블릿PC),,legacy_theme,높음
049520,유아이엘,KOSDAQ,디스플레이·전자부품,스마트폰,,,,핸드셋,1,스마트폰,,legacy_theme,높음
056700,신화인터텍,KOSDAQ,디스플레이·전자부품,스마트폰,,,,디스플레이장비및부품,1,스마트폰,,legacy_theme,높음
064520,테크엘,KOSDAQ,디스플레이·전자부품,스마트폰,,,,반도체와반도체장비,1,스마트폰,,legacy_theme,높음
069330,유아이디,KOSDAQ,디스플레이·전자부품,스마트폰,,,,디스플레이장비및부품,1,스마트폰,,legacy_theme,높음
080420,모다이노칩,KOSDAQ,디스플레이·전자부품,스마트폰,,,,전문소매,1,스마트폰,,legacy_theme,높음
091120,이엠텍,KOSDAQ,디스플레이·전자부품,스마트폰,,,,핸드셋,1,스마트폰,,legacy_theme,높음
459550,알트,KOSDAQ,디스플레이·전자부품,스마트폰,,,,핸드셋,1,스마트폰,,legacy_theme,높음
049630,재영솔루텍,KOSDAQ,디스플레이·전자부품,카메라모듈/부품,남북경협,,,핸드셋,2,남북경협 | 카메라모듈/부품,,legacy_theme,높음
196450,코아시아씨엠,KOSDAQ,디스플레이·전자부품,카메라모듈/부품,,,,핸드셋,1,카메라모듈/부품,,legacy_theme,높음
290740,액트로,KOSDAQ,디스플레이·전자부품,카메라모듈/부품,스마트폰,,,핸드셋,2,스마트폰 | 카메라모듈/부품,,legacy_theme,높음
051370,인터플렉스,KOSDAQ,디스플레이·전자부품,플렉서블 디스플레이,아이폰,폴더블폰,PCB(FPCB 등),전자장비와기기,6,PCB(FPCB 등) | 갤럭시 부품주 | 스마트폰 | 아이폰 | 폴더블폰 | 플렉서블 디스플레이,,legacy_theme,높음
059100,아이컴포넌트,KOSDAQ,디스플레이·전자부품,플렉서블 디스플레이,OLED(유기 발광 다이오드),,,디스플레이장비및부품,2,OLED(유기 발광 다이오드) | 플렉서블 디스플레이,,legacy_theme,높음
068790,DMS,KOSDAQ,디스플레이·전자부품,플렉서블 디스플레이,풍력에너지,OLED(유기 발광 다이오드),,디스플레이장비및부품,3,OLED(유기 발광 다이오드) | 풍력에너지 | 플렉서블 디스플레이,,legacy_theme,높음
079810,APS이노베이션,KOSDAQ,디스플레이·전자부품,플렉서블 디스플레이,2차전지(장비),2차전지,日 수출 규제(국산화 등),전기제품,4,2차전지 | 2차전지(장비) | 日 수출 규제(국산화 등) | 플렉서블 디스플레이,,legacy_theme,높음
131760,파인텍,KOSDAQ,디스플레이·전자부품,플렉서블 디스플레이,양자암호/양자컴퓨팅,2차전지(장비),OLED(유기 발광 다이오드),디스플레이장비및부품,6,2차전지 | 2차전지(장비) | OLED(유기 발광 다이오드) | 양자암호/양자컴퓨팅 | 폴더블폰 | 플렉서블 디스플레이,,legacy_theme,높음
141000,비아트론,KOSDAQ,디스플레이·전자부품,플렉서블 디스플레이,OLED(유기 발광 다이오드),,,디스플레이장비및부품,2,OLED(유기 발광 다이오드) | 플렉서블 디스플레이,,legacy_theme,높음
179900,유티아이,KOSDAQ,디스플레이·전자부품,플렉서블 디스플레이,폴더블폰,갤럭시 부품주,스마트폰,핸드셋,4,갤럭시 부품주 | 스마트폰 | 폴더블폰 | 플렉서블 디스플레이,,legacy_theme,높음
213420,덕산네오룩스,KOSDAQ,디스플레이·전자부품,플렉서블 디스플레이,OLED(유기 발광 다이오드),아이폰,갤럭시 부품주,디스플레이장비및부품,5,OLED(유기 발광 다이오드) | 갤럭시 부품주 | 스마트폰 | 아이폰 | 플렉서블 디스플레이,,legacy_theme,높음
251630,브이원텍,KOSDAQ,디스플레이·전자부품,플렉서블 디스플레이,2차전지(장비),로봇(산업용/협동로봇 등),OLED(유기 발광 다이오드),기계,5,2차전지 | 2차전지(장비) | OLED(유기 발광 다이오드) | 로봇(산업용/협동로봇 등) | 플렉서블 디스플레이,,legacy_theme,높음
265520,AP시스템,KOSDAQ,디스플레이·전자부품,플렉서블 디스플레이,OLED(유기 발광 다이오드),반도체 장비,,디스플레이장비및부품,3,OLED(유기 발광 다이오드) | 반도체 장비 | 플렉서블 디스플레이,,legacy_theme,높음
290520,신도기연,KOSDAQ,디스플레이·전자부품,플렉서블 디스플레이,수소에너지(수소차/연료전지 등),OLED(유기 발광 다이오드),증강현실(AR),디스플레이장비및부품,6,OLED(유기 발광 다이오드) | 가상현실(VR) | 메타버스(Metaverse) | 수소에너지(수소차/연료전지 등) | 증강현실(AR) | 플렉서블 디스플레이,,legacy_theme,높음
297890,HB솔루션,KOSDAQ,디스플레이·전자부품,플렉서블 디스플레이,OLED(유기 발광 다이오드),,,디스플레이장비및부품,2,OLED(유기 발광 다이오드) | 플렉서블 디스플레이,,legacy_theme,높음
469610,이노테크,KOSDAQ,디스플레이·전자부품,플렉서블 디스플레이,반도체 장비,,,디스플레이장비및부품,2,반도체 장비 | 플렉서블 디스플레이,,legacy_theme,높음
484120,도우인시스,KOSDAQ,디스플레이·전자부품,플렉서블 디스플레이,폴더블폰,갤럭시 부품주,,디스플레이장비및부품,3,갤럭시 부품주 | 폴더블폰 | 플렉서블 디스플레이,,legacy_theme,높음
033200,모아텍,KOSDAQ,로봇·자동화,3D 프린터,,,,전자장비와기기,1,3D 프린터,,legacy_theme,높음
030530,원익홀딩스,KOSDAQ,로봇·자동화,로봇(산업용/협동로봇 등),반도체 장비,지주사,,반도체와반도체장비,3,로봇(산업용/협동로봇 등) | 반도체 장비 | 지주사,,legacy_theme,높음
049070,인탑스,KOSDAQ,로봇·자동화,로봇(산업용/협동로봇 등),자동차부품,갤럭시 부품주,스마트폰,핸드셋,4,갤럭시 부품주 | 로봇(산업용/협동로봇 등) | 스마트폰 | 자동차부품,,legacy_theme,높음
059270,해성에어로보틱스,KOSDAQ,로봇·자동화,로봇(산업용/협동로봇 등),,,,기계,1,로봇(산업용/협동로봇 등),,legacy_theme,높음
060720,KH바텍,KOSDAQ,로봇·자동화,로봇(산업용/협동로봇 등),폴더블폰,갤럭시 부품주,스마트폰,핸드셋,4,갤럭시 부품주 | 로봇(산업용/협동로봇 등) | 스마트폰 | 폴더블폰,,legacy_theme,높음
065350,신성델타테크,KOSDAQ,로봇·자동화,로봇(산업용/협동로봇 등),2차전지(소재/부품),2차전지,초전도체,가정용기기와용품,4,2차전지 | 2차전지(소재/부품) | 로봇(산업용/협동로봇 등) | 초전도체,,legacy_theme,높음
066430,아이로보틱스,KOSDAQ,로봇·자동화,로봇(산업용/협동로봇 등),,,,화학,1,로봇(산업용/협동로봇 등),,legacy_theme,높음
084850,아이티엠반도체,KOSDAQ,로봇·자동화,로봇(산업용/협동로봇 등),2차전지(소재/부품),방위산업/전쟁 및 테러,2차전지,전자장비와기기,5,2차전지 | 2차전지(소재/부품) | 로봇(산업용/협동로봇 등) | 방위산업/전쟁 및 테러 | 아이폰,,legacy_theme,높음
130740,티피씨글로벌,KOSDAQ,로봇·자동화,로봇(산업용/협동로봇 등),자동차부품,,,자동차부품,2,로봇(산업용/협동로봇 등) | 자동차부품,,legacy_theme,높음
138360,앤로보틱스,KOSDAQ,로봇·자동화,로봇(산업용/협동로봇 등),,,,기계,1,로봇(산업용/협동로봇 등),,legacy_theme,높음
153890,져스텍,KOSDAQ,로봇·자동화,로봇(산업용/협동로봇 등),,,,기계,2,2026 상반기 신규상장 | 로봇(산업용/협동로봇 등),2026 상반기 신규상장,legacy_theme,높음
160190,하이젠알앤엠,KOSDAQ,로봇·자동화,로봇(산업용/협동로봇 등),전기차,,,기계,2,로봇(산업용/협동로봇 등) | 전기차,,legacy_theme,높음
160980,싸이맥스,KOSDAQ,로봇·자동화,로봇(산업용/협동로봇 등),반도체 장비,,,반도체와반도체장비,2,로봇(산업용/협동로봇 등) | 반도체 장비,,legacy_theme,높음
190510,나무가,KOSDAQ,로봇·자동화,로봇(산업용/협동로봇 등),증강현실(AR),카메라모듈/부품,가상현실(VR),핸드셋,6,가상현실(VR) | 갤럭시 부품주 | 로봇(산업용/협동로봇 등) | 스마트폰 | 증강현실(AR) | 카메라모듈/부품,,legacy_theme,높음
206400,베노티앤알,KOSDAQ,로봇·자동화,로봇(산업용/협동로봇 등),,,,건설,1,로봇(산업용/협동로봇 등),,legacy_theme,높음
368600,아이씨에이치,KOSDAQ,로봇·자동화,로봇(산업용/협동로봇 등),전자파,,,전자장비와기기,2,로봇(산업용/협동로봇 등) | 전자파,,legacy_theme,높음
439960,코스모로보틱스,KOSDAQ,로봇·자동화,로봇(산업용/협동로봇 등),의료기기,,,기계,3,2026 상반기 신규상장 | 로봇(산업용/협동로봇 등) | 의료기기,2026 상반기 신규상장,legacy_theme,높음
474650,링크솔루션,KOSDAQ,로봇·자동화,로봇(산업용/협동로봇 등),3D 프린터,,,기계,2,3D 프린터 | 로봇(산업용/협동로봇 등),,legacy_theme,높음
007820,엠엑스로보틱스,KOSDAQ,로봇·자동화,스마트팩토리(스마트공장),,,,기계,1,스마트팩토리(스마트공장),,legacy_theme,높음
048770,TPC로보틱스,KOSDAQ,로봇·자동화,스마트팩토리(스마트공장),로봇(산업용/협동로봇 등),3D 프린터,,기계,3,3D 프린터 | 로봇(산업용/협동로봇 등) | 스마트팩토리(스마트공장),,legacy_theme,높음
059120,아진엑스텍,KOSDAQ,로봇·자동화,스마트팩토리(스마트공장),피지컬 AI/휴머노이드 로봇,시스템반도체,로봇(산업용/협동로봇 등),반도체와반도체장비,6,로봇(산업용/협동로봇 등) | 메타버스(Metaverse) | 스마트팩토리(스마트공장) | 스마트폰 | 시스템반도체 | 피지컬 AI/휴머노이드 로봇,,legacy_theme,높음
075970,동국알앤에스,KOSDAQ,로봇·자동화,스마트팩토리(스마트공장),2차전지(소재/부품),2차전지,희귀금속(희토류 등),비철금속,5,2차전지 | 2차전지(소재/부품) | 리비안(RIVIAN) | 스마트팩토리(스마트공장) | 희귀금속(희토류 등),,legacy_theme,높음
086960,MDS테크,KOSDAQ,로봇·자동화,스마트팩토리(스마트공장),피지컬 AI/휴머노이드 로봇,자율주행차,스마트카(SMART CAR),소프트웨어,5,모바일솔루션(스마트폰) | 스마트카(SMART CAR) | 스마트팩토리(스마트공장) | 자율주행차 | 피지컬 AI/휴머노이드 로봇,,legacy_theme,높음
090710,휴림로봇,KOSDAQ,로봇·자동화,스마트팩토리(스마트공장),지능형로봇/인공지능(AI),로봇(산업용/협동로봇 등),3D 프린터,기계,4,3D 프린터 | 로봇(산업용/협동로봇 등) | 스마트팩토리(스마트공장) | 지능형로봇/인공지능(AI),,legacy_theme,높음
108230,톱텍,KOSDAQ,로봇·자동화,스마트팩토리(스마트공장),2차전지(장비),OLED(유기 발광 다이오드),2차전지,기계,5,2차전지 | 2차전지(장비) | OLED(유기 발광 다이오드) | 마스크 | 스마트팩토리(스마트공장),,legacy_theme,높음
140670,알에스오토메이션,KOSDAQ,로봇·자동화,스마트팩토리(스마트공장),전력저장장치(ESS),피지컬 AI/휴머노이드 로봇,태양광에너지,기계,6,로봇(산업용/협동로봇 등) | 반도체 장비 | 스마트팩토리(스마트공장) | 전력저장장치(ESS) | 태양광에너지 | 피지컬 AI/휴머노이드 로봇,,legacy_theme,높음
219420,링크제니시스,KOSDAQ,로봇·자동화,스마트팩토리(스마트공장),지능형로봇/인공지능(AI),,,소프트웨어,2,스마트팩토리(스마트공장) | 지능형로봇/인공지능(AI),,legacy_theme,높음
232680,라온로보틱스,KOSDAQ,로봇·자동화,스마트팩토리(스마트공장),로봇(산업용/협동로봇 등),반도체 장비,,반도체와반도체장비,3,로봇(산업용/협동로봇 등) | 반도체 장비 | 스마트팩토리(스마트공장),,legacy_theme,높음
271830,팸텍,KOSDAQ,로봇·자동화,스마트팩토리(스마트공장),자율주행차,반도체 장비,카메라모듈/부품,핸드셋,4,반도체 장비 | 스마트팩토리(스마트공장) | 자율주행차 | 카메라모듈/부품,,legacy_theme,높음
290090,트윔,KOSDAQ,로봇·자동화,스마트팩토리(스마트공장),지능형로봇/인공지능(AI),,,소프트웨어,2,스마트팩토리(스마트공장) | 지능형로봇/인공지능(AI),,legacy_theme,높음
317830,에스피시스템스,KOSDAQ,로봇·자동화,스마트팩토리(스마트공장),로봇(산업용/협동로봇 등),,,기계,2,로봇(산업용/협동로봇 등) | 스마트팩토리(스마트공장),,legacy_theme,높음
319400,현대무벡스,KOSDAQ,로봇·자동화,스마트팩토리(스마트공장),로봇(산업용/협동로봇 등),SI(시스템통합),,기계,3,SI(시스템통합) | 로봇(산업용/협동로봇 등) | 스마트팩토리(스마트공장),,legacy_theme,높음
322180,LS티라유텍,KOSDAQ,로봇·자동화,스마트팩토리(스마트공장),로봇(산업용/협동로봇 등),,,IT서비스,2,로봇(산업용/협동로봇 등) | 스마트팩토리(스마트공장),,legacy_theme,높음
347890,엠엑스온,KOSDAQ,로봇·자동화,스마트팩토리(스마트공장),,,,전자장비와기기,1,스마트팩토리(스마트공장),,legacy_theme,높음
351330,이삭엔지니어링,KOSDAQ,로봇·자동화,스마트팩토리(스마트공장),,,,IT서비스,1,스마트팩토리(스마트공장),,legacy_theme,높음
373170,엠아이큐브솔루션,KOSDAQ,로봇·자동화,스마트팩토리(스마트공장),,,,IT서비스,1,스마트팩토리(스마트공장),,legacy_theme,높음
381620,제닉스로보틱스,KOSDAQ,로봇·자동화,스마트팩토리(스마트공장),,,,기계,1,스마트팩토리(스마트공장),,legacy_theme,높음
388720,유일로보틱스,KOSDAQ,로봇·자동화,스마트팩토리(스마트공장),지능형로봇/인공지능(AI),로봇(산업용/협동로봇 등),,기계,3,로봇(산업용/협동로봇 등) | 스마트팩토리(스마트공장) | 지능형로봇/인공지능(AI),,legacy_theme,높음
391710,코닉오토메이션,KOSDAQ,로봇·자동화,스마트팩토리(스마트공장),보안주(정보),로봇(산업용/협동로봇 등),,IT서비스,3,로봇(산업용/협동로봇 등) | 보안주(정보) | 스마트팩토리(스마트공장),,legacy_theme,높음
484810,티엑스알로보틱스,KOSDAQ,로봇·자동화,스마트팩토리(스마트공장),로봇(산업용/협동로봇 등),,,기계,2,로봇(산업용/협동로봇 등) | 스마트팩토리(스마트공장),,legacy_theme,높음
038070,서린바이오,KOSDAQ,바이오·헬스케어,mRNA(메신저 리보핵산),콜드체인(저온 유통),,,생물공학,2,mRNA(메신저 리보핵산) | 콜드체인(저온 유통),,legacy_theme,높음
074430,아미노로직스,KOSDAQ,바이오·헬스케어,mRNA(메신저 리보핵산),,,,제약,1,mRNA(메신저 리보핵산),,legacy_theme,높음
138610,나이벡,KOSDAQ,바이오·헬스케어,mRNA(메신저 리보핵산),비만치료제,치아 치료(임플란트 등),,건강관리장비와용품,3,mRNA(메신저 리보핵산) | 비만치료제 | 치아 치료(임플란트 등),,legacy_theme,높음
185490,아이진,KOSDAQ,바이오·헬스케어,mRNA(메신저 리보핵산),"백신/진단시약/방역(신종플루, AI 등)",,,생물공학,4,"mRNA(메신저 리보핵산) | 백신/진단시약/방역(신종플루, AI 등) | 코로나19(진단/치료제/백신 개발 등) | 코로나19(치료제/백신 개발 등)",코로나19(진단/치료제/백신 개발 등) | 코로나19(치료제/백신 개발 등),legacy_theme,높음
226950,올릭스,KOSDAQ,바이오·헬스케어,mRNA(메신저 리보핵산),비만치료제,탈모 치료,,생명과학도구및서비스,3,mRNA(메신저 리보핵산) | 비만치료제 | 탈모 치료,,legacy_theme,높음
237690,에스티팜,KOSDAQ,바이오·헬스케어,mRNA(메신저 리보핵산),제약업체,모더나(MODERNA),,제약,4,mRNA(메신저 리보핵산) | 모더나(MODERNA) | 밸류업(25년 기업가치 제고계획 발표) | 제약업체,밸류업(25년 기업가치 제고계획 발표),legacy_theme,높음
348080,큐라티스,KOSDAQ,바이오·헬스케어,mRNA(메신저 리보핵산),비만치료제,"백신/진단시약/방역(신종플루, AI 등)",,생물공학,5,"mRNA(메신저 리보핵산) | 백신/진단시약/방역(신종플루, AI 등) | 비만치료제 | 코로나19(진단/치료제/백신 개발 등) | 코로나19(치료제/백신 개발 등)",코로나19(진단/치료제/백신 개발 등) | 코로나19(치료제/백신 개발 등),legacy_theme,높음
389470,인벤티지랩,KOSDAQ,바이오·헬스케어,mRNA(메신저 리보핵산),비만치료제,"백신/진단시약/방역(신종플루, AI 등)",치매,제약,8,"mRNA(메신저 리보핵산) | 마리화나(대마) | 백신/진단시약/방역(신종플루, AI 등) | 비만치료제 | 치매 | 코로나19(진단/치료제/백신 개발 등) | 코로나19(치료제/백신 개발 등) | 탈모 치료",코로나19(진단/치료제/백신 개발 등) | 코로나19(치료제/백신 개발 등),legacy_theme,높음
000250,삼천당제약,KOSDAQ,바이오·헬스케어,바이오시밀러(복제 바이오의약품),비만치료제,제약업체,,제약,3,바이오시밀러(복제 바이오의약품) | 비만치료제 | 제약업체,,legacy_theme,높음
053030,바이넥스,KOSDAQ,바이오·헬스케어,바이오시밀러(복제 바이오의약품),,,,제약,1,바이오시밀러(복제 바이오의약품),,legacy_theme,높음
067370,선바이오,KOSDAQ,바이오·헬스케어,바이오시밀러(복제 바이오의약품),,,,생물공학,1,바이오시밀러(복제 바이오의약품),,legacy_theme,높음
068760,셀트리온제약,KOSDAQ,바이오·헬스케어,바이오시밀러(복제 바이오의약품),비만치료제,제약업체,,제약,3,바이오시밀러(복제 바이오의약품) | 비만치료제 | 제약업체,,legacy_theme,높음
086890,이수앱지스,KOSDAQ,바이오·헬스케어,바이오시밀러(복제 바이오의약품),치매,면역항암제,,제약,3,면역항암제 | 바이오시밀러(복제 바이오의약품) | 치매,,legacy_theme,높음
196170,알테오젠,KOSDAQ,바이오·헬스케어,바이오시밀러(복제 바이오의약품),,,,생물공학,1,바이오시밀러(복제 바이오의약품),,legacy_theme,높음
222110,팬젠,KOSDAQ,바이오·헬스케어,바이오시밀러(복제 바이오의약품),,,,생물공학,1,바이오시밀러(복제 바이오의약품),,legacy_theme,높음
334970,프레스티지바이오로직스,KOSDAQ,바이오·헬스케어,바이오시밀러(복제 바이오의약품),제약업체,,,제약,2,바이오시밀러(복제 바이오의약품) | 제약업체,,legacy_theme,높음
036810,에프에스티,KOSDAQ,바이오·헬스케어,바이오인식(생체인식),반도체 재료/부품,반도체 장비,,반도체와반도체장비,3,바이오인식(생체인식) | 반도체 장비 | 반도체 재료/부품,,legacy_theme,높음
042510,라온시큐어,KOSDAQ,바이오·헬스케어,바이오인식(생체인식),양자암호/양자컴퓨팅,인터넷은행,핀테크(FinTech),소프트웨어,9,딥페이크(deepfake) | 바이오인식(생체인식) | 보안주(정보) | 블록체인 | 삼성페이 | 스테이블코인 | 양자암호/양자컴퓨팅 | 인터넷은행 | 핀테크(FinTech),,legacy_theme,높음
047310,파워로직스,KOSDAQ,바이오·헬스케어,바이오인식(생체인식),전력저장장치(ESS),2차전지(소재/부품),전기차,핸드셋,10,2차전지 | 2차전지(소재/부품) | 갤럭시 부품주 | 바이오인식(생체인식) | 스마트폰 | 전기차 | 전력저장장치(ESS) | 초전도체 | 카메라모듈/부품 | 폐배터리,,legacy_theme,높음
076610,해성옵틱스,KOSDAQ,바이오·헬스케어,바이오인식(생체인식),카메라모듈/부품,스마트폰,,핸드셋,3,바이오인식(생체인식) | 스마트폰 | 카메라모듈/부품,,legacy_theme,높음
091700,파트론,KOSDAQ,바이오·헬스케어,바이오인식(생체인식),자동차부품,음성인식,카메라모듈/부품,핸드셋,8,갤럭시 부품주 | 바이오인식(생체인식) | 밸류업(24년 기업가치 제고계획 발표) | 삼성페이 | 스마트폰 | 음성인식 | 자동차부품 | 카메라모듈/부품,밸류업(24년 기업가치 제고계획 발표),legacy_theme,높음
094170,동운아나텍,KOSDAQ,바이오·헬스케어,바이오인식(생체인식),시스템반도체,의료기기,증강현실(AR),반도체와반도체장비,8,가상현실(VR) | 바이오인식(생체인식) | 스마트폰 | 시스템반도체 | 의료기기 | 증강현실(AR) | 카메라모듈/부품 | 폴더블폰,,legacy_theme,높음
131090,시큐브,KOSDAQ,바이오·헬스케어,바이오인식(생체인식),인터넷은행,핀테크(FinTech),보안주(정보),소프트웨어,5,바이오인식(생체인식) | 보안주(정보) | 블록체인 | 인터넷은행 | 핀테크(FinTech),,legacy_theme,높음
203450,유니온바이오메트릭스,KOSDAQ,바이오·헬스케어,바이오인식(생체인식),,,,전자장비와기기,1,바이오인식(생체인식),,legacy_theme,높음
203650,드림시큐리티,KOSDAQ,바이오·헬스케어,바이오인식(생체인식),양자암호/양자컴퓨팅,인터넷은행,보안주(정보),상업서비스와공급품,8,바이오인식(생체인식) | 보안주(정보) | 블록체인 | 삼성페이 | 스테이블코인 | 양자암호/양자컴퓨팅 | 인터넷은행 | 카카오뱅크(kakao BANK),,legacy_theme,높음
208710,포톤,KOSDAQ,바이오·헬스케어,바이오인식(생체인식),양자암호/양자컴퓨팅,카메라모듈/부품,,핸드셋,3,바이오인식(생체인식) | 양자암호/양자컴퓨팅 | 카메라모듈/부품,,legacy_theme,높음
232830,아이티센피엔에스,KOSDAQ,바이오·헬스케어,바이오인식(생체인식),양자암호/양자컴퓨팅,핀테크(FinTech),보안주(정보),IT서비스,5,바이오인식(생체인식) | 보안주(정보) | 스테이블코인 | 양자암호/양자컴퓨팅 | 핀테크(FinTech),,legacy_theme,높음
347860,알체라,KOSDAQ,바이오·헬스케어,바이오인식(생체인식),지능형로봇/인공지능(AI),딥페이크(deepfake),메타버스(Metaverse),소프트웨어,4,딥페이크(deepfake) | 메타버스(Metaverse) | 바이오인식(생체인식) | 지능형로봇/인공지능(AI),,legacy_theme,높음
002800,신신제약,KOSDAQ,바이오·헬스케어,비만치료제,치매,제약업체,탈모 치료,제약,4,비만치료제 | 제약업체 | 치매 | 탈모 치료,,legacy_theme,높음
047920,HLB제약,KOSDAQ,바이오·헬스케어,비만치료제,치매,제약업체,고령화 사회(노인복지),제약,5,건강기능식품 | 고령화 사회(노인복지) | 비만치료제 | 제약업체 | 치매,,legacy_theme,높음
048870,시너지이노베이션,KOSDAQ,바이오·헬스케어,비만치료제,건강기능식품,,,건강관리장비와용품,3,건강기능식품 | 비만치료제 | 코로나19(진단/치료제/백신 개발 등),코로나19(진단/치료제/백신 개발 등),legacy_theme,높음
067080,대화제약,KOSDAQ,바이오·헬스케어,비만치료제,치매,제약업체,,제약,3,비만치료제 | 제약업체 | 치매,,legacy_theme,높음
078140,대봉엘에스,KOSDAQ,바이오·헬스케어,비만치료제,화장품,,,제약,2,비만치료제 | 화장품,,legacy_theme,높음
087010,펩트론,KOSDAQ,바이오·헬스케어,비만치료제,치매,,,생물공학,4,비만치료제 | 치매 | 코로나19(진단/치료제/백신 개발 등) | 코로나19(치료제/백신 개발 등),코로나19(진단/치료제/백신 개발 등) | 코로나19(치료제/백신 개발 등),legacy_theme,높음
089140,넥스턴앤롤코리아,KOSDAQ,바이오·헬스케어,비만치료제,공작기계,,,기계,2,공작기계 | 비만치료제,,legacy_theme,높음
095700,제넥신,KOSDAQ,바이오·헬스케어,비만치료제,면역항암제,유전자 치료제/분석,,생물공학,3,면역항암제 | 비만치료제 | 유전자 치료제/분석,,legacy_theme,높음
175250,아이큐어,KOSDAQ,바이오·헬스케어,비만치료제,치매,제약업체,화장품,화장품,6,마리화나(대마) | 비만치료제 | 제약업체 | 치매 | 콜드체인(저온 유통) | 화장품,,legacy_theme,높음
180400,DXVX,KOSDAQ,바이오·헬스케어,비만치료제,마이코플라스마 폐렴,마이크로바이옴,건강기능식품,건강관리업체및서비스,4,건강기능식품 | 마이코플라스마 폐렴 | 마이크로바이옴 | 비만치료제,,legacy_theme,높음
195940,HK이노엔,KOSDAQ,바이오·헬스케어,비만치료제,음식료업종,제약업체,건강기능식품,제약,5,건강기능식품 | 밸류업(24년 기업가치 제고계획 발표) | 비만치료제 | 음식료업종 | 제약업체,밸류업(24년 기업가치 제고계획 발표),legacy_theme,높음
196300,HLB펩,KOSDAQ,바이오·헬스케어,비만치료제,화장품,,,생물공학,2,비만치료제 | 화장품,,legacy_theme,높음
214260,라파스,KOSDAQ,바이오·헬스케어,비만치료제,치매,화장품,,화장품,3,비만치료제 | 치매 | 화장품,,legacy_theme,높음
214370,케어젠,KOSDAQ,바이오·헬스케어,비만치료제,화장품,건강기능식품,,건강관리업체및서비스,5,건강기능식품 | 비만치료제 | 코로나19(진단/치료제/백신 개발 등) | 코로나19(치료제/백신 개발 등) | 화장품,코로나19(진단/치료제/백신 개발 등) | 코로나19(치료제/백신 개발 등),legacy_theme,높음
256840,한국비엔씨,KOSDAQ,바이오·헬스케어,비만치료제,의료기기,마리화나(대마),보톡스(보툴리눔톡신),건강관리장비와용품,7,마리화나(대마) | 미용기기 | 보톡스(보툴리눔톡신) | 비만치료제 | 의료기기 | 코로나19(진단/치료제/백신 개발 등) | 코로나19(치료제/백신 개발 등),코로나19(진단/치료제/백신 개발 등) | 코로나19(치료제/백신 개발 등),legacy_theme,높음
291650,츌립앤사이언스,KOSDAQ,바이오·헬스케어,비만치료제,제약업체,면역항암제,,생명과학도구및서비스,3,면역항암제 | 비만치료제 | 제약업체,,legacy_theme,높음
347850,디앤디파마텍,KOSDAQ,바이오·헬스케어,비만치료제,,,,생물공학,1,비만치료제,,legacy_theme,높음
348150,고바이오랩,KOSDAQ,바이오·헬스케어,비만치료제,마이크로바이옴,유전자 치료제/분석,,건강관리업체및서비스,3,마이크로바이옴 | 비만치료제 | 유전자 치료제/분석,,legacy_theme,높음
378800,샤페론,KOSDAQ,바이오·헬스케어,비만치료제,치매,탈모 치료,면역항암제,제약,6,면역항암제 | 비만치료제 | 치매 | 코로나19(진단/치료제/백신 개발 등) | 코로나19(치료제/백신 개발 등) | 탈모 치료,코로나19(진단/치료제/백신 개발 등) | 코로나19(치료제/백신 개발 등),legacy_theme,높음
439580,블루엠텍,KOSDAQ,바이오·헬스케어,비만치료제,원격진료/비대면진료(U-Healthcare),,,건강관리업체및서비스,2,비만치료제 | 원격진료/비대면진료(U-Healthcare),,legacy_theme,높음
456160,지투지바이오,KOSDAQ,바이오·헬스케어,비만치료제,치매,,,제약,2,비만치료제 | 치매,,legacy_theme,높음
068330,일신바이오,KOSDAQ,바이오·헬스케어,오가노이드,콜드체인(저온 유통),,,생명과학도구및서비스,2,오가노이드 | 콜드체인(저온 유통),,legacy_theme,높음
217730,강스템바이오텍,KOSDAQ,바이오·헬스케어,오가노이드,화장품,제대혈,줄기세포,생물공학,7,오가노이드 | 제대혈 | 줄기세포 | 코로나19(진단/치료제/백신 개발 등) | 코로나19(치료제/백신 개발 등) | 탈모 치료 | 화장품,코로나19(진단/치료제/백신 개발 등) | 코로나19(치료제/백신 개발 등),legacy_theme,높음
223250,드림씨아이에스,KOSDAQ,바이오·헬스케어,오가노이드,의료AI,,,제약,2,오가노이드 | 의료AI,,legacy_theme,높음
246710,티앤알바이오팹,KOSDAQ,바이오·헬스케어,오가노이드,의료기기,3D 프린터,,생물공학,3,3D 프린터 | 오가노이드 | 의료기기,,legacy_theme,높음
475960,토모큐브,KOSDAQ,바이오·헬스케어,오가노이드,,,,생명과학도구및서비스,1,오가노이드,,legacy_theme,높음
476040,오가노이드사이언스,KOSDAQ,바이오·헬스케어,오가노이드,,,,생물공학,1,오가노이드,,legacy_theme,높음
032620,GC메디아이,KOSDAQ,바이오·헬스케어,의료기기,원격진료/비대면진료(U-Healthcare),고령화 사회(노인복지),,건강관리기술,3,고령화 사회(노인복지) | 원격진료/비대면진료(U-Healthcare) | 의료기기,,legacy_theme,높음
032940,원익,KOSDAQ,바이오·헬스케어,의료기기,고령화 사회(노인복지),,,화장품,2,고령화 사회(노인복지) | 의료기기,,legacy_theme,높음
039840,디오,KOSDAQ,바이오·헬스케어,의료기기,치아 치료(임플란트 등),,,건강관리장비와용품,2,의료기기 | 치아 치료(임플란트 등),,legacy_theme,높음
039860,나노엔텍,KOSDAQ,바이오·헬스케어,의료기기,원격진료/비대면진료(U-Healthcare),고령화 사회(노인복지),,생명과학도구및서비스,5,고령화 사회(노인복지) | 원격진료/비대면진료(U-Healthcare) | 의료기기 | 코로나19(진단/치료제/백신 개발 등) | 코로나19(진단키트),코로나19(진단/치료제/백신 개발 등) | 코로나19(진단키트),legacy_theme,높음
041830,인바디,KOSDAQ,바이오·헬스케어,의료기기,원격진료/비대면진료(U-Healthcare),고령화 사회(노인복지),,건강관리장비와용품,3,고령화 사회(노인복지) | 원격진료/비대면진료(U-Healthcare) | 의료기기,,legacy_theme,높음
042520,한스바이오메드,KOSDAQ,바이오·헬스케어,의료기기,,,,건강관리장비와용품,1,의료기기,,legacy_theme,높음
043150,바텍,KOSDAQ,바이오·헬스케어,의료기기,치아 치료(임플란트 등),고령화 사회(노인복지),,건강관리장비와용품,3,고령화 사회(노인복지) | 의료기기 | 치아 치료(임플란트 등),,legacy_theme,높음
056090,시지메드텍,KOSDAQ,바이오·헬스케어,의료기기,,,,건강관리장비와용품,1,의료기기,,legacy_theme,높음
058110,멕아이씨에스,KOSDAQ,바이오·헬스케어,의료기기,마이코플라스마 폐렴,,,건강관리장비와용품,2,마이코플라스마 폐렴 | 의료기기,,legacy_theme,높음
059210,메타바이오메드,KOSDAQ,바이오·헬스케어,의료기기,치아 치료(임플란트 등),고령화 사회(노인복지),,건강관리장비와용품,3,고령화 사회(노인복지) | 의료기기 | 치아 치료(임플란트 등),,legacy_theme,높음
065510,휴비츠,KOSDAQ,바이오·헬스케어,의료기기,황사/미세먼지,고령화 사회(노인복지),,건강관리장비와용품,3,고령화 사회(노인복지) | 의료기기 | 황사/미세먼지,,legacy_theme,높음
067630,HLB생명과학,KOSDAQ,바이오·헬스케어,의료기기,줄기세포,,,건강관리장비와용품,2,의료기기 | 줄기세포,,legacy_theme,높음
099190,아이센스,KOSDAQ,바이오·헬스케어,의료기기,고령화 사회(노인복지),,,건강관리장비와용품,2,고령화 사회(노인복지) | 의료기기,,legacy_theme,높음
099430,바이오플러스,KOSDAQ,바이오·헬스케어,의료기기,,,,건강관리장비와용품,1,의료기기,,legacy_theme,높음
100120,뷰웍스,KOSDAQ,바이오·헬스케어,의료기기,골프,원격진료/비대면진료(U-Healthcare),고령화 사회(노인복지),건강관리장비와용품,4,고령화 사회(노인복지) | 골프 | 원격진료/비대면진료(U-Healthcare) | 의료기기,,legacy_theme,높음
100700,세운메디칼,KOSDAQ,바이오·헬스케어,의료기기,남북경협,고령화 사회(노인복지),,건강관리장비와용품,3,고령화 사회(노인복지) | 남북경협 | 의료기기,,legacy_theme,높음
104540,코렌텍,KOSDAQ,바이오·헬스케어,의료기기,3D 프린터,,,건강관리장비와용품,2,3D 프린터 | 의료기기,,legacy_theme,높음
115480,씨유메디칼,KOSDAQ,바이오·헬스케어,의료기기,고령화 사회(노인복지),,,건강관리장비와용품,2,고령화 사회(노인복지) | 의료기기,,legacy_theme,높음
119610,인터로조,KOSDAQ,바이오·헬스케어,의료기기,고령화 사회(노인복지),,,건강관리장비와용품,2,고령화 사회(노인복지) | 의료기기,,legacy_theme,높음
122310,제노레이,KOSDAQ,바이오·헬스케어,의료기기,,,,건강관리장비와용품,1,의료기기,,legacy_theme,높음
141080,리가켐바이오,KOSDAQ,바이오·헬스케어,의료기기,면역항암제,,,제약,4,면역항암제 | 의료기기 | 코로나19(진단/치료제/백신 개발 등) | 코로나19(치료제/백신 개발 등),코로나19(진단/치료제/백신 개발 등) | 코로나19(치료제/백신 개발 등),legacy_theme,높음
149980,하이로닉,KOSDAQ,바이오·헬스케어,의료기기,미용기기,,,건강관리장비와용품,2,미용기기 | 의료기기,,legacy_theme,높음
156100,엘앤케이바이오,KOSDAQ,바이오·헬스케어,의료기기,,,,건강관리장비와용품,1,의료기기,,legacy_theme,높음
179290,엠아이텍,KOSDAQ,바이오·헬스케어,의료기기,,,,건강관리장비와용품,1,의료기기,,legacy_theme,높음
199550,레이저옵텍,KOSDAQ,바이오·헬스케어,의료기기,미용기기,,,건강관리장비와용품,2,미용기기 | 의료기기,,legacy_theme,높음
205470,휴마시스,KOSDAQ,바이오·헬스케어,의료기기,,,,생명과학도구및서비스,3,의료기기 | 코로나19(진단/치료제/백신 개발 등) | 코로나19(진단키트),코로나19(진단/치료제/백신 개발 등) | 코로나19(진단키트),legacy_theme,높음
214150,클래시스,KOSDAQ,바이오·헬스케어,의료기기,화장품,미용기기,,건강관리장비와용품,4,미용기기 | 의료기기 | 코리아 밸류업 지수(Korea Value-up Index) | 화장품,코리아 밸류업 지수(Korea Value-up Index),legacy_theme,높음
214450,파마리서치,KOSDAQ,바이오·헬스케어,의료기기,화장품,보톡스(보툴리눔톡신),미용기기,건강관리장비와용품,5,미용기기 | 보톡스(보툴리눔톡신) | 의료기기 | 코리아 밸류업 지수(Korea Value-up Index) | 화장품,코리아 밸류업 지수(Korea Value-up Index),legacy_theme,높음
214680,디알텍,KOSDAQ,바이오·헬스케어,의료기기,,,,건강관리장비와용품,1,의료기기,,legacy_theme,높음
216080,제테마,KOSDAQ,바이오·헬스케어,의료기기,보톡스(보툴리눔톡신),미용기기,,건강관리장비와용품,3,미용기기 | 보톡스(보툴리눔톡신) | 의료기기,,legacy_theme,높음
219750,한국비티비,KOSDAQ,바이오·헬스케어,의료기기,미용기기,,,건강관리장비와용품,2,미용기기 | 의료기기,,legacy_theme,높음
225220,제놀루션,KOSDAQ,바이오·헬스케어,의료기기,유전자 치료제/분석,,,건강관리장비와용품,4,유전자 치료제/분석 | 의료기기 | 코로나19(진단/치료제/백신 개발 등) | 코로나19(진단키트),코로나19(진단/치료제/백신 개발 등) | 코로나19(진단키트),legacy_theme,높음
226400,오스테오닉,KOSDAQ,바이오·헬스케어,의료기기,치아 치료(임플란트 등),,,건강관리장비와용품,2,의료기기 | 치아 치료(임플란트 등),,legacy_theme,높음
240550,동방메디컬,KOSDAQ,바이오·헬스케어,의료기기,미용기기,,,건강관리장비와용품,2,미용기기 | 의료기기,,legacy_theme,높음
263690,디알젬,KOSDAQ,바이오·헬스케어,의료기기,,,,건강관리장비와용품,1,의료기기,,legacy_theme,높음
290650,엘앤씨바이오,KOSDAQ,바이오·헬스케어,의료기기,화장품,,,건강관리장비와용품,4,밸류업(25년 기업가치 제고계획 발표) | 의료기기 | 코리아 밸류업 지수(Korea Value-up Index) | 화장품,밸류업(25년 기업가치 제고계획 발표) | 코리아 밸류업 지수(Korea Value-up Index),legacy_theme,높음
303810,동국생명과학,KOSDAQ,바이오·헬스케어,의료기기,,,,건강관리장비와용품,1,의료기기,,legacy_theme,높음
314930,바이오다인,KOSDAQ,바이오·헬스케어,의료기기,,,,건강관리장비와용품,1,의료기기,,legacy_theme,높음
335810,프리시젼바이오,KOSDAQ,바이오·헬스케어,의료기기,,,,생명과학도구및서비스,3,의료기기 | 코로나19(진단/치료제/백신 개발 등) | 코로나19(진단키트),코로나19(진단/치료제/백신 개발 등) | 코로나19(진단키트),legacy_theme,높음
336570,원텍,KOSDAQ,바이오·헬스케어,의료기기,미용기기,,,건강관리장비와용품,3,미용기기 | 의료기기 | 코리아 밸류업 지수(Korea Value-up Index),코리아 밸류업 지수(Korea Value-up Index),legacy_theme,높음
340570,티앤엘,KOSDAQ,바이오·헬스케어,의료기기,,,,건강관리장비와용품,1,의료기기,,legacy_theme,높음
386380,스카이랩스,KOSDAQ,바이오·헬스케어,의료기기,,,,건강관리기술,2,2026 하반기 신규상장 | 의료기기,2026 하반기 신규상장,legacy_theme,높음
387570,파인메딕스,KOSDAQ,바이오·헬스케어,의료기기,,,,건강관리장비와용품,1,의료기기,,legacy_theme,높음
387690,레메디,KOSDAQ,바이오·헬스케어,의료기기,치아 치료(임플란트 등),,,건강관리장비와용품,3,2026 하반기 신규상장 | 의료기기 | 치아 치료(임플란트 등),2026 하반기 신규상장,legacy_theme,높음
394420,리센스메디컬,KOSDAQ,바이오·헬스케어,의료기기,,,,건강관리장비와용품,2,2026 상반기 신규상장 | 의료기기,2026 상반기 신규상장,legacy_theme,높음
398120,에스지헬스케어,KOSDAQ,바이오·헬스케어,의료기기,,,,건강관리장비와용품,1,의료기기,,legacy_theme,높음
405000,플라즈맵,KOSDAQ,바이오·헬스케어,의료기기,,,,건강관리장비와용품,1,의료기기,,legacy_theme,높음
450950,아스테라시스,KOSDAQ,바이오·헬스케어,의료기기,미용기기,,,건강관리장비와용품,2,미용기기 | 의료기기,,legacy_theme,높음
460470,아이빔테크놀로지,KOSDAQ,바이오·헬스케어,의료기기,,,,생명과학도구및서비스,1,의료기기,,legacy_theme,높음
462510,라메디텍,KOSDAQ,바이오·헬스케어,의료기기,미용기기,,,건강관리장비와용품,2,미용기기 | 의료기기,,legacy_theme,높음
489460,바이오비쥬,KOSDAQ,바이오·헬스케어,의료기기,화장품,,,화장품,2,의료기기 | 화장품,,legacy_theme,높음
491000,리브스메드,KOSDAQ,바이오·헬스케어,의료기기,,,,건강관리장비와용품,1,의료기기,,legacy_theme,높음
494120,큐리오시스,KOSDAQ,바이오·헬스케어,의료기기,,,,생명과학도구및서비스,1,의료기기,,legacy_theme,높음
001540,안국약품,KOSDAQ,바이오·헬스케어,제약업체,황사/미세먼지,면역항암제,,제약,3,면역항암제 | 제약업체 | 황사/미세먼지,,legacy_theme,높음
009300,삼아제약,KOSDAQ,바이오·헬스케어,제약업체,,,,제약,1,제약업체,,legacy_theme,높음
011040,경동제약,KOSDAQ,바이오·헬스케어,제약업체,마이코플라스마 폐렴,,,제약,2,마이코플라스마 폐렴 | 제약업체,,legacy_theme,높음
012790,신일제약,KOSDAQ,바이오·헬스케어,제약업체,,,,제약,1,제약업체,,legacy_theme,높음
014950,삼익제약,KOSDAQ,바이오·헬스케어,제약업체,탈모 치료,,,제약,2,제약업체 | 탈모 치료,,legacy_theme,높음
018680,서울제약,KOSDAQ,바이오·헬스케어,제약업체,화이자(PFIZER),,,제약,2,제약업체 | 화이자(PFIZER),,legacy_theme,높음
023910,대한약품,KOSDAQ,바이오·헬스케어,제약업체,화이자(PFIZER),,,제약,2,제약업체 | 화이자(PFIZER),,legacy_theme,높음
034940,조아제약,KOSDAQ,바이오·헬스케어,제약업체,마스크,,,제약,2,마스크 | 제약업체,,legacy_theme,높음
041910,폴라리스AI파마,KOSDAQ,바이오·헬스케어,제약업체,,,,제약,1,제약업체,,legacy_theme,높음
053950,경남제약,KOSDAQ,바이오·헬스케어,제약업체,건강기능식품,,,제약,2,건강기능식품 | 제약업체,,legacy_theme,높음
058820,CMG제약,KOSDAQ,바이오·헬스케어,제약업체,,,,제약,1,제약업체,,legacy_theme,높음
066700,테라젠이텍스,KOSDAQ,바이오·헬스케어,제약업체,고령화 사회(노인복지),유전자 치료제/분석,,제약,3,고령화 사회(노인복지) | 유전자 치료제/분석 | 제약업체,,legacy_theme,높음
067290,JW신약,KOSDAQ,바이오·헬스케어,제약업체,탈모 치료,,,제약,2,제약업체 | 탈모 치료,,legacy_theme,높음
082800,비보존 제약,KOSDAQ,바이오·헬스케어,제약업체,,,,제약,1,제약업체,,legacy_theme,높음
086450,동국제약,KOSDAQ,바이오·헬스케어,제약업체,마스크,,,제약,2,마스크 | 제약업체,,legacy_theme,높음
102940,코오롱생명과학,KOSDAQ,바이오·헬스케어,제약업체,수자원(양적/질적 개선),유전자 치료제/분석,,제약,3,수자원(양적/질적 개선) | 유전자 치료제/분석 | 제약업체,,legacy_theme,높음
106190,하이텍팜,KOSDAQ,바이오·헬스케어,제약업체,,,,제약,1,제약업체,,legacy_theme,높음
200780,비씨월드제약,KOSDAQ,바이오·헬스케어,제약업체,,,,제약,2,제약업체 | 코로나19(진단/치료제/백신 개발 등),코로나19(진단/치료제/백신 개발 등),legacy_theme,높음
204840,지엘팜텍,KOSDAQ,바이오·헬스케어,제약업체,낙태/피임,,,제약,2,낙태/피임 | 제약업체,,legacy_theme,높음
234690,녹십자웰빙,KOSDAQ,바이오·헬스케어,제약업체,건강기능식품,,,제약,2,건강기능식품 | 제약업체,,legacy_theme,높음
243070,휴온스,KOSDAQ,바이오·헬스케어,제약업체,보톡스(보툴리눔톡신),건강기능식품,,제약,5,건강기능식품 | 보톡스(보툴리눔톡신) | 제약업체 | 코로나19(진단/치료제/백신 개발 등) | 코로나19(진단키트),코로나19(진단/치료제/백신 개발 등) | 코로나19(진단키트),legacy_theme,높음
260660,알리코제약,KOSDAQ,바이오·헬스케어,제약업체,낙태/피임,탈모 치료,,제약,3,낙태/피임 | 제약업체 | 탈모 치료,,legacy_theme,높음
308430,셀비온,KOSDAQ,바이오·헬스케어,제약업체,,,,제약,1,제약업체,,legacy_theme,높음
314140,알피바이오,KOSDAQ,바이오·헬스케어,제약업체,건강기능식품,,,제약,2,건강기능식품 | 제약업체,,legacy_theme,높음
330350,위더스제약,KOSDAQ,바이오·헬스케어,제약업체,마이코플라스마 폐렴,탈모 치료,,제약,3,마이코플라스마 폐렴 | 제약업체 | 탈모 치료,,legacy_theme,높음
006620,동구바이오제약,KOSDAQ,바이오·헬스케어,치매,제약업체,화장품,줄기세포,제약,4,제약업체 | 줄기세포 | 치매 | 화장품,,legacy_theme,높음
007370,진양제약,KOSDAQ,바이오·헬스케어,치매,제약업체,,,제약,2,제약업체 | 치매,,legacy_theme,높음
007390,네이처셀,KOSDAQ,바이오·헬스케어,치매,음식료업종,화장품,줄기세포,생물공학,6,음식료업종 | 줄기세포 | 치매 | 코로나19(진단/치료제/백신 개발 등) | 코로나19(치료제/백신 개발 등) | 화장품,코로나19(진단/치료제/백신 개발 등) | 코로나19(치료제/백신 개발 등),legacy_theme,높음
032300,한국파마,KOSDAQ,바이오·헬스케어,치매,제약업체,,,제약,4,제약업체 | 치매 | 코로나19(진단/치료제/백신 개발 등) | 코로나19(치료제/백신 개발 등),코로나19(진단/치료제/백신 개발 등) | 코로나19(치료제/백신 개발 등),legacy_theme,높음
039200,오스코텍,KOSDAQ,바이오·헬스케어,치매,치아 치료(임플란트 등),면역항암제,고령화 사회(노인복지),제약,5,고령화 사회(노인복지) | 면역항암제 | 밸류업(25년 기업가치 제고계획 발표) | 치매 | 치아 치료(임플란트 등),밸류업(25년 기업가치 제고계획 발표),legacy_theme,높음
065650,하이퍼코퍼레이션,KOSDAQ,바이오·헬스케어,치매,,,,컴퓨터와주변기기,1,치매,,legacy_theme,높음
082270,젬백스,KOSDAQ,바이오·헬스케어,치매,,,,반도체와반도체장비,1,치매,,legacy_theme,높음
086040,바이오톡스텍,KOSDAQ,바이오·헬스케어,치매,,,,생명과학도구및서비스,1,치매,,legacy_theme,높음
176750,듀켐바이오,KOSDAQ,바이오·헬스케어,치매,,,,제약,1,치매,,legacy_theme,높음
220100,퓨쳐켐,KOSDAQ,바이오·헬스케어,치매,고령화 사회(노인복지),,,제약,2,고령화 사회(노인복지) | 치매,,legacy_theme,높음
298380,에이비엘바이오,KOSDAQ,바이오·헬스케어,치매,면역항암제,,,생물공학,2,면역항암제 | 치매,,legacy_theme,높음
302550,리메드,KOSDAQ,바이오·헬스케어,치매,의료기기,,,건강관리장비와용품,2,의료기기 | 치매,,legacy_theme,높음
304840,피플바이오,KOSDAQ,바이오·헬스케어,치매,탈모 치료,,,건강관리장비와용품,2,치매 | 탈모 치료,,legacy_theme,높음
310210,보로노이,KOSDAQ,바이오·헬스케어,치매,,,,제약,1,치매,,legacy_theme,높음
317690,퀀타매트릭스,KOSDAQ,바이오·헬스케어,치매,의료기기,,,생명과학도구및서비스,4,의료기기 | 치매 | 코로나19(진단/치료제/백신 개발 등) | 코로나19(진단키트),코로나19(진단/치료제/백신 개발 등) | 코로나19(진단키트),legacy_theme,높음
365270,큐라클,KOSDAQ,바이오·헬스케어,치매,면역항암제,,,제약,2,면역항암제 | 치매,,legacy_theme,높음
476830,알지노믹스,KOSDAQ,바이오·헬스케어,치매,유전자 치료제/분석,,,생물공학,2,유전자 치료제/분석 | 치매,,legacy_theme,높음
142280,녹십자엠에스,KOSDAQ,바이오·헬스케어,코로나19(진단키트),코로나19(진단/치료제/백신 개발 등),,,건강관리장비와용품,2,코로나19(진단/치료제/백신 개발 등) | 코로나19(진단키트),코로나19(진단/치료제/백신 개발 등) | 코로나19(진단키트),legacy_theme,높음
221800,지구홀딩스,KOSDAQ,바이오·헬스케어,코로나19(진단키트),코로나19(진단/치료제/백신 개발 등),,,건강관리업체및서비스,2,코로나19(진단/치료제/백신 개발 등) | 코로나19(진단키트),코로나19(진단/치료제/백신 개발 등) | 코로나19(진단키트),legacy_theme,높음
238120,얼라인드,KOSDAQ,바이오·헬스케어,코로나19(진단키트),코로나19(진단/치료제/백신 개발 등),,,생명과학도구및서비스,2,코로나19(진단/치료제/백신 개발 등) | 코로나19(진단키트),코로나19(진단/치료제/백신 개발 등) | 코로나19(진단키트),legacy_theme,높음
038530,케이바이오랩스,KOSDAQ,바이오·헬스케어,코로나19(치료제/백신 개발 등),코로나19(진단/치료제/백신 개발 등),,,IT서비스,2,코로나19(진단/치료제/백신 개발 등) | 코로나19(치료제/백신 개발 등),코로나19(진단/치료제/백신 개발 등) | 코로나19(치료제/백신 개발 등),legacy_theme,높음
317240,TS트릴리온,KOSDAQ,바이오·헬스케어,탈모 치료,,,,가정용품,1,탈모 치료,,legacy_theme,높음
344860,이노진,KOSDAQ,바이오·헬스케어,탈모 치료,,,,화장품,1,탈모 치료,,legacy_theme,높음
030520,한컴,KOSDAQ,반도체·AI,AI 챗봇(챗GPT 등),클라우드 컴퓨팅,우주항공산업(누리호/인공위성 등),모바일콘텐츠(스마트폰/태블릿PC),소프트웨어,4,AI 챗봇(챗GPT 등) | 모바일콘텐츠(스마트폰/태블릿PC) | 우주항공산업(누리호/인공위성 등) | 클라우드 컴퓨팅,,legacy_theme,높음
060850,영림원소프트랩,KOSDAQ,반도체·AI,AI 챗봇(챗GPT 등),클라우드 컴퓨팅,재택근무/스마트워크,,소프트웨어,3,AI 챗봇(챗GPT 등) | 재택근무/스마트워크 | 클라우드 컴퓨팅,,legacy_theme,높음
099390,브레인즈컴퍼니,KOSDAQ,반도체·AI,AI 챗봇(챗GPT 등),지능형로봇/인공지능(AI),모바일솔루션(스마트폰),,소프트웨어,3,AI 챗봇(챗GPT 등) | 모바일솔루션(스마트폰) | 지능형로봇/인공지능(AI),,legacy_theme,높음
263800,데이타솔루션,KOSDAQ,반도체·AI,AI 챗봇(챗GPT 등),지능형로봇/인공지능(AI),SI(시스템통합),,IT서비스,3,AI 챗봇(챗GPT 등) | SI(시스템통합) | 지능형로봇/인공지능(AI),,legacy_theme,높음
279600,미디어젠,KOSDAQ,반도체·AI,AI 챗봇(챗GPT 등),음성인식,,,IT서비스,2,AI 챗봇(챗GPT 등) | 음성인식,,legacy_theme,높음
300080,플리토,KOSDAQ,반도체·AI,AI 챗봇(챗GPT 등),,,,양방향미디어와서비스,1,AI 챗봇(챗GPT 등),,legacy_theme,높음
301300,바이브컴퍼니,KOSDAQ,반도체·AI,AI 챗봇(챗GPT 등),지능형로봇/인공지능(AI),,,소프트웨어,2,AI 챗봇(챗GPT 등) | 지능형로봇/인공지능(AI),,legacy_theme,높음
304100,솔트룩스,KOSDAQ,반도체·AI,AI 챗봇(챗GPT 등),클라우드 컴퓨팅,지능형로봇/인공지능(AI),,IT서비스,3,AI 챗봇(챗GPT 등) | 지능형로봇/인공지능(AI) | 클라우드 컴퓨팅,,legacy_theme,높음
333050,이노테나,KOSDAQ,반도체·AI,AI 챗봇(챗GPT 등),보안주(정보),,,IT서비스,2,AI 챗봇(챗GPT 등) | 보안주(정보),,legacy_theme,높음
357880,SKAI,KOSDAQ,반도체·AI,AI 챗봇(챗GPT 등),메타버스(Metaverse),,,IT서비스,2,AI 챗봇(챗GPT 등) | 메타버스(Metaverse),,legacy_theme,높음
402030,코난테크놀로지,KOSDAQ,반도체·AI,AI 챗봇(챗GPT 등),지능형로봇/인공지능(AI),,,소프트웨어,2,AI 챗봇(챗GPT 등) | 지능형로봇/인공지능(AI),,legacy_theme,높음
417970,모델솔루션,KOSDAQ,반도체·AI,AI 챗봇(챗GPT 등),스페이스X(SpaceX),,,기계,2,AI 챗봇(챗GPT 등) | 스페이스X(SpaceX),,legacy_theme,높음
443670,에스피소프트,KOSDAQ,반도체·AI,AI 챗봇(챗GPT 등),클라우드 컴퓨팅,딥페이크(deepfake),,IT서비스,3,AI 챗봇(챗GPT 등) | 딥페이크(deepfake) | 클라우드 컴퓨팅,,legacy_theme,높음
450520,인스웨이브,KOSDAQ,반도체·AI,AI 챗봇(챗GPT 등),,,,소프트웨어,1,AI 챗봇(챗GPT 등),,legacy_theme,높음
466410,사이냅소프트,KOSDAQ,반도체·AI,AI 챗봇(챗GPT 등),,,,소프트웨어,1,AI 챗봇(챗GPT 등),,legacy_theme,높음
043650,국순당,KOSDAQ,반도체·AI,CXL(컴퓨트익스프레스링크),음식료업종,"주류업(주정, 에탄올 등)",,음료,3,"CXL(컴퓨트익스프레스링크) | 음식료업종 | 주류업(주정, 에탄올 등)",,legacy_theme,높음
080580,오킨스전자,KOSDAQ,반도체·AI,CXL(컴퓨트익스프레스링크),반도체 재료/부품,,,반도체와반도체장비,2,CXL(컴퓨트익스프레스링크) | 반도체 재료/부품,,legacy_theme,높음
092870,엑시콘,KOSDAQ,반도체·AI,CXL(컴퓨트익스프레스링크),반도체 장비,,,반도체와반도체장비,2,CXL(컴퓨트익스프레스링크) | 반도체 장비,,legacy_theme,높음
253590,네오셈,KOSDAQ,반도체·AI,CXL(컴퓨트익스프레스링크),반도체 장비,,,반도체와반도체장비,2,CXL(컴퓨트익스프레스링크) | 반도체 장비,,legacy_theme,높음
405100,큐알티,KOSDAQ,반도체·AI,CXL(컴퓨트익스프레스링크),전력반도체,온디바이스 AI,HBM(고대역폭메모리),반도체와반도체장비,5,CXL(컴퓨트익스프레스링크) | HBM(고대역폭메모리) | 시스템반도체 | 온디바이스 AI | 전력반도체,,legacy_theme,높음
432720,퀄리타스반도체,KOSDAQ,반도체·AI,CXL(컴퓨트익스프레스링크),온디바이스 AI,시스템반도체,자율주행차,반도체와반도체장비,4,CXL(컴퓨트익스프레스링크) | 시스템반도체 | 온디바이스 AI | 자율주행차,,legacy_theme,높음
440110,파두,KOSDAQ,반도체·AI,CXL(컴퓨트익스프레스링크),시스템반도체,,,반도체와반도체장비,2,CXL(컴퓨트익스프레스링크) | 시스템반도체,,legacy_theme,높음
031980,피에스케이홀딩스,KOSDAQ,반도체·AI,HBM(고대역폭메모리),반도체 장비,,,반도체와반도체장비,4,HBM(고대역폭메모리) | 반도체 장비 | 밸류업(25년 기업가치 제고계획 발표) | 코리아 밸류업 지수(Korea Value-up Index),밸류업(25년 기업가치 제고계획 발표) | 코리아 밸류업 지수(Korea Value-up Index),legacy_theme,높음
079370,제우스,KOSDAQ,반도체·AI,HBM(고대역폭메모리),로봇(산업용/협동로봇 등),반도체 장비,,반도체와반도체장비,3,HBM(고대역폭메모리) | 로봇(산업용/협동로봇 등) | 반도체 장비,,legacy_theme,높음
089030,테크윙,KOSDAQ,반도체·AI,HBM(고대역폭메모리),시스템반도체,반도체 장비,,반도체와반도체장비,3,HBM(고대역폭메모리) | 반도체 장비 | 시스템반도체,,legacy_theme,높음
097800,윈팩,KOSDAQ,반도체·AI,HBM(고대역폭메모리),시스템반도체,,,반도체와반도체장비,2,HBM(고대역폭메모리) | 시스템반도체,,legacy_theme,높음
098460,고영,KOSDAQ,반도체·AI,HBM(고대역폭메모리),스마트팩토리(스마트공장),시스템반도체,지능형로봇/인공지능(AI),전자장비와기기,6,HBM(고대역폭메모리) | 반도체 장비 | 스마트팩토리(스마트공장) | 시스템반도체 | 의료기기 | 지능형로봇/인공지능(AI),,legacy_theme,높음
217190,제너셈,KOSDAQ,반도체·AI,HBM(고대역폭메모리),반도체 장비,전자파,,반도체와반도체장비,3,HBM(고대역폭메모리) | 반도체 장비 | 전자파,,legacy_theme,높음
228850,레이언스,KOSDAQ,반도체·AI,HBM(고대역폭메모리),의료기기,,,건강관리장비와용품,2,HBM(고대역폭메모리) | 의료기기,,legacy_theme,높음
232140,와이씨,KOSDAQ,반도체·AI,HBM(고대역폭메모리),반도체 장비,,,반도체와반도체장비,2,HBM(고대역폭메모리) | 반도체 장비,,legacy_theme,높음
254490,미래반도체,KOSDAQ,반도체·AI,HBM(고대역폭메모리),시스템반도체,,,반도체와반도체장비,2,HBM(고대역폭메모리) | 시스템반도체,,legacy_theme,높음
307750,국전,KOSDAQ,반도체·AI,HBM(고대역폭메모리),치매,반도체 재료/부품,제약업체,제약,7,HBM(고대역폭메모리) | 마이코플라스마 폐렴 | 반도체 재료/부품 | 제약업체 | 치매 | 코로나19(진단/치료제/백신 개발 등) | 코로나19(치료제/백신 개발 등),코로나19(진단/치료제/백신 개발 등) | 코로나19(치료제/백신 개발 등),legacy_theme,높음
322310,오로스테크놀로지,KOSDAQ,반도체·AI,HBM(고대역폭메모리),반도체 장비,,,반도체와반도체장비,2,HBM(고대역폭메모리) | 반도체 장비,,legacy_theme,높음
348210,넥스틴,KOSDAQ,반도체·AI,HBM(고대역폭메모리),반도체 장비,,,반도체와반도체장비,3,HBM(고대역폭메모리) | 반도체 장비 | 코리아 밸류업 지수(Korea Value-up Index),코리아 밸류업 지수(Korea Value-up Index),legacy_theme,높음
424980,마이크로투나노,KOSDAQ,반도체·AI,HBM(고대역폭메모리),반도체 재료/부품,,,반도체와반도체장비,2,HBM(고대역폭메모리) | 반도체 재료/부품,,legacy_theme,높음
451220,아이엠티,KOSDAQ,반도체·AI,HBM(고대역폭메모리),반도체 장비,,,반도체와반도체장비,2,HBM(고대역폭메모리) | 반도체 장비,,legacy_theme,높음
093520,매커스,KOSDAQ,반도체·AI,가상화폐(비트코인 등),드론(Drone),태양광에너지,시스템반도체,반도체와반도체장비,4,가상화폐(비트코인 등) | 드론(Drone) | 시스템반도체 | 태양광에너지,,legacy_theme,높음
032580,피델릭스,KOSDAQ,반도체·AI,국내 상장 중국기업,스마트폰,,,반도체와반도체장비,2,국내 상장 중국기업 | 스마트폰,,legacy_theme,높음
054940,엑사이엔씨,KOSDAQ,반도체·AI,그래핀,,,,반도체와반도체장비,1,그래핀,,legacy_theme,높음
036200,유니셈,KOSDAQ,반도체·AI,냉각시스템(액침냉각 등),반도체 장비,,,반도체와반도체장비,2,냉각시스템(액침냉각 등) | 반도체 장비,,legacy_theme,높음
053080,케이엔솔,KOSDAQ,반도체·AI,냉각시스템(액침냉각 등),반도체 장비,2차전지,,기계,4,2차전지 | 냉각시스템(액침냉각 등) | 반도체 장비 | 코로나19(음압병실/음압구급차),코로나19(음압병실/음압구급차),legacy_theme,높음
060310,3S,KOSDAQ,반도체·AI,냉각시스템(액침냉각 등),반도체 재료/부품,여름,,기계,3,냉각시스템(액침냉각 등) | 반도체 재료/부품 | 여름,,legacy_theme,높음
067170,오텍,KOSDAQ,반도체·AI,냉각시스템(액침냉각 등),공기청정기,쿠팡(coupang),여름,기계,7,고령화 사회(노인복지) | 공기청정기 | 냉각시스템(액침냉각 등) | 여름 | 재난/안전(지진/화재 등) | 코로나19(음압병실/음압구급차) | 쿠팡(coupang),재난/안전(지진/화재 등) | 코로나19(음압병실/음압구급차),legacy_theme,높음
083450,GST,KOSDAQ,반도체·AI,냉각시스템(액침냉각 등),반도체 장비,콜드체인(저온 유통),,반도체와반도체장비,3,냉각시스템(액침냉각 등) | 반도체 장비 | 콜드체인(저온 유통),,legacy_theme,높음
107640,한중엔시에스,KOSDAQ,반도체·AI,냉각시스템(액침냉각 등),전기차 화재 방지(배터리 열폭주 등),전력저장장치(ESS),전기차,전기장비,5,냉각시스템(액침냉각 등) | 자동차부품 | 전기차 | 전기차 화재 방지(배터리 열폭주 등) | 전력저장장치(ESS),,legacy_theme,높음
396470,워트,KOSDAQ,반도체·AI,냉각시스템(액침냉각 등),HBM(고대역폭메모리),반도체 장비,,반도체와반도체장비,3,HBM(고대역폭메모리) | 냉각시스템(액침냉각 등) | 반도체 장비,,legacy_theme,높음
033640,네패스,KOSDAQ,반도체·AI,뉴로모픽 반도체,온디바이스 AI,시스템반도체,지능형로봇/인공지능(AI),반도체와반도체장비,5,뉴로모픽 반도체 | 반도체 재료/부품 | 시스템반도체 | 온디바이스 AI | 지능형로봇/인공지능(AI),,legacy_theme,높음
092600,앤씨앤,KOSDAQ,반도체·AI,뉴로모픽 반도체,보안주(물리),시스템반도체,자율주행차,전자제품,5,CCTV＆DVR | 뉴로모픽 반도체 | 보안주(물리) | 시스템반도체 | 자율주행차,,legacy_theme,높음
330860,네패스아크,KOSDAQ,반도체·AI,뉴로모픽 반도체,온디바이스 AI,시스템반도체,반도체 장비,반도체와반도체장비,4,뉴로모픽 반도체 | 반도체 장비 | 시스템반도체 | 온디바이스 AI,,legacy_theme,높음
389020,자람테크놀로지,KOSDAQ,반도체·AI,뉴로모픽 반도체,광통신(광케이블/광섬유 등),통신장비,5G(5세대 이동통신),통신장비,5,5G(5세대 이동통신) | 광통신(광케이블/광섬유 등) | 뉴로모픽 반도체 | 시스템반도체 | 통신장비,,legacy_theme,높음
394280,오픈엣지테크놀로지,KOSDAQ,반도체·AI,뉴로모픽 반도체,CXL(컴퓨트익스프레스링크),온디바이스 AI,HBM(고대역폭메모리),반도체와반도체장비,5,CXL(컴퓨트익스프레스링크) | HBM(고대역폭메모리) | 뉴로모픽 반도체 | 시스템반도체 | 온디바이스 AI,,legacy_theme,높음
445090,에이직랜드,KOSDAQ,반도체·AI,뉴로모픽 반도체,시스템반도체,,,반도체와반도체장비,2,뉴로모픽 반도체 | 시스템반도체,,legacy_theme,높음
036710,심텍홀딩스,KOSDAQ,반도체·AI,반도체 기판(FC-BGA/PCB/MLB 등),,,,반도체와반도체장비,1,반도체 기판(FC-BGA/PCB/MLB 등),,legacy_theme,높음
064290,인텍플러스,KOSDAQ,반도체·AI,반도체 기판(FC-BGA/PCB/MLB 등),반도체 장비,2차전지,,반도체와반도체장비,3,2차전지 | 반도체 기판(FC-BGA/PCB/MLB 등) | 반도체 장비,,legacy_theme,높음
077360,덕산하이메탈,KOSDAQ,반도체·AI,반도체 기판(FC-BGA/PCB/MLB 등),드론(Drone),우주항공산업(누리호/인공위성 등),반도체 재료/부품,반도체와반도체장비,6,그래핀 | 드론(Drone) | 반도체 기판(FC-BGA/PCB/MLB 등) | 반도체 재료/부품 | 방위산업/전쟁 및 테러 | 우주항공산업(누리호/인공위성 등),,legacy_theme,높음
085910,네오티스,KOSDAQ,반도체·AI,반도체 기판(FC-BGA/PCB/MLB 등),전기차,자동차부품,PCB(FPCB 등),자동차부품,4,PCB(FPCB 등) | 반도체 기판(FC-BGA/PCB/MLB 등) | 자동차부품 | 전기차,,legacy_theme,높음
323280,태성,KOSDAQ,반도체·AI,반도체 기판(FC-BGA/PCB/MLB 등),유리 기판,온디바이스 AI,전기차 화재 방지(배터리 열폭주 등),전자장비와기기,5,PCB(FPCB 등) | 반도체 기판(FC-BGA/PCB/MLB 등) | 온디바이스 AI | 유리 기판 | 전기차 화재 방지(배터리 열폭주 등),,legacy_theme,높음
323350,다원넥스뷰,KOSDAQ,반도체·AI,반도체 기판(FC-BGA/PCB/MLB 등),반도체 장비,,,반도체와반도체장비,2,반도체 기판(FC-BGA/PCB/MLB 등) | 반도체 장비,,legacy_theme,높음
420770,기가비스,KOSDAQ,반도체·AI,반도체 기판(FC-BGA/PCB/MLB 등),유리 기판,반도체 장비,,반도체와반도체장비,3,반도체 기판(FC-BGA/PCB/MLB 등) | 반도체 장비 | 유리 기판,,legacy_theme,높음
037350,성도이엔지,KOSDAQ,반도체·AI,반도체 장비,,,,건설,1,반도체 장비,,legacy_theme,높음
041520,이엘씨,KOSDAQ,반도체·AI,반도체 장비,,,,반도체와반도체장비,1,반도체 장비,,legacy_theme,높음
045300,성우테크론,KOSDAQ,반도체·AI,반도체 장비,PCB(FPCB 등),,,반도체와반도체장비,2,PCB(FPCB 등) | 반도체 장비,,legacy_theme,높음
071280,로체시스템즈,KOSDAQ,반도체·AI,반도체 장비,,,,반도체와반도체장비,1,반도체 장비,,legacy_theme,높음
084370,유진테크,KOSDAQ,반도체·AI,반도체 장비,,,,반도체와반도체장비,1,반도체 장비,,legacy_theme,높음
089790,제이티,KOSDAQ,반도체·AI,반도체 장비,,,,반도체와반도체장비,1,반도체 장비,,legacy_theme,높음
089970,브이엠,KOSDAQ,반도체·AI,반도체 장비,,,,반도체와반도체장비,1,반도체 장비,,legacy_theme,높음
140070,서플러스글로벌,KOSDAQ,반도체·AI,반도체 장비,,,,반도체와반도체장비,1,반도체 장비,,legacy_theme,높음
140860,파크시스템스,KOSDAQ,반도체·AI,반도체 장비,,,,전자장비와기기,2,반도체 장비 | 코리아 밸류업 지수(Korea Value-up Index),코리아 밸류업 지수(Korea Value-up Index),legacy_theme,높음
159010,아스플로,KOSDAQ,반도체·AI,반도체 장비,,,,기계,1,반도체 장비,,legacy_theme,높음
224060,더코디,KOSDAQ,반도체·AI,반도체 장비,면역항암제,,,전기제품,2,면역항암제 | 반도체 장비,,legacy_theme,높음
227950,엔투텍,KOSDAQ,반도체·AI,반도체 장비,모더나(MODERNA),,,반도체와반도체장비,2,모더나(MODERNA) | 반도체 장비,,legacy_theme,높음
402490,그린리소스,KOSDAQ,반도체·AI,반도체 장비,희귀금속(희토류 등),,,반도체와반도체장비,2,반도체 장비 | 희귀금속(희토류 등),,legacy_theme,높음
417840,저스템,KOSDAQ,반도체·AI,반도체 장비,,,,반도체와반도체장비,1,반도체 장비,,legacy_theme,높음
452160,제이엔비,KOSDAQ,반도체·AI,반도체 장비,,,,반도체와반도체장비,1,반도체 장비,,legacy_theme,높음
005290,동진쎄미켐,KOSDAQ,반도체·AI,반도체 재료/부품,日 수출 규제(국산화 등),,,반도체와반도체장비,3,日 수출 규제(국산화 등) | 반도체 재료/부품 | 코리아 밸류업 지수(Korea Value-up Index),코리아 밸류업 지수(Korea Value-up Index),legacy_theme,높음
024850,HLB이노베이션,KOSDAQ,반도체·AI,반도체 재료/부품,,,,반도체와반도체장비,1,반도체 재료/부품,,legacy_theme,높음
031330,에스에이엠티,KOSDAQ,반도체·AI,반도체 재료/부품,,,,전자장비와기기,1,반도체 재료/부품,,legacy_theme,높음
052900,KX하이텍,KOSDAQ,반도체·AI,반도체 재료/부품,,,,반도체와반도체장비,1,반도체 재료/부품,,legacy_theme,높음
074600,원익QnC,KOSDAQ,반도체·AI,반도체 재료/부품,,,,반도체와반도체장비,1,반도체 재료/부품,,legacy_theme,높음
078350,한양디지텍,KOSDAQ,반도체·AI,반도체 재료/부품,,,,반도체와반도체장비,1,반도체 재료/부품,,legacy_theme,높음
092070,디엔에프,KOSDAQ,반도체·AI,반도체 재료/부품,,,,반도체와반도체장비,1,반도체 재료/부품,,legacy_theme,높음
098120,마이크로컨텍솔,KOSDAQ,반도체·AI,반도체 재료/부품,,,,반도체와반도체장비,1,반도체 재료/부품,,legacy_theme,높음
101160,월덱스,KOSDAQ,반도체·AI,반도체 재료/부품,,,,반도체와반도체장비,1,반도체 재료/부품,,legacy_theme,높음
102710,이엔에프테크놀로지,KOSDAQ,반도체·AI,반도체 재료/부품,,,,반도체와반도체장비,1,반도체 재료/부품,,legacy_theme,높음
114810,한솔아이원스,KOSDAQ,반도체·AI,반도체 재료/부품,OLED(유기 발광 다이오드),,,반도체와반도체장비,2,OLED(유기 발광 다이오드) | 반도체 재료/부품,,legacy_theme,높음
144960,뉴파워프라즈마,KOSDAQ,반도체·AI,반도체 재료/부품,OLED(유기 발광 다이오드),,,반도체와반도체장비,2,OLED(유기 발광 다이오드) | 반도체 재료/부품,,legacy_theme,높음
146320,비씨엔씨,KOSDAQ,반도체·AI,반도체 재료/부품,,,,반도체와반도체장비,1,반도체 재료/부품,,legacy_theme,높음
147760,피엠티,KOSDAQ,반도체·AI,반도체 재료/부품,,,,반도체와반도체장비,1,반도체 재료/부품,,legacy_theme,높음
155650,와이엠씨,KOSDAQ,반도체·AI,반도체 재료/부품,OLED(유기 발광 다이오드),,,디스플레이장비및부품,2,OLED(유기 발광 다이오드) | 반도체 재료/부품,,legacy_theme,높음
166090,하나머티리얼즈,KOSDAQ,반도체·AI,반도체 재료/부품,,,,반도체와반도체장비,1,반도체 재료/부품,,legacy_theme,높음
219130,타이거일렉,KOSDAQ,반도체·AI,반도체 재료/부품,PCB(FPCB 등),,,반도체와반도체장비,2,PCB(FPCB 등) | 반도체 재료/부품,,legacy_theme,높음
252990,샘씨엔에스,KOSDAQ,반도체·AI,반도체 재료/부품,,,,반도체와반도체장비,1,반도체 재료/부품,,legacy_theme,높음
311320,지오엘리먼트,KOSDAQ,반도체·AI,반도체 재료/부품,,,,반도체와반도체장비,1,반도체 재료/부품,,legacy_theme,높음
357780,솔브레인,KOSDAQ,반도체·AI,반도체 재료/부품,2차전지(소재/부품),2차전지,日 수출 규제(국산화 등),반도체와반도체장비,6,2차전지 | 2차전지(소재/부품) | 日 수출 규제(국산화 등) | 반도체 재료/부품 | 밸류업(25년 기업가치 제고계획 발표) | 코리아 밸류업 지수(Korea Value-up Index),밸류업(25년 기업가치 제고계획 발표) | 코리아 밸류업 지수(Korea Value-up Index),legacy_theme,높음
388210,씨엠티엑스,KOSDAQ,반도체·AI,반도체 재료/부품,,,,반도체와반도체장비,1,반도체 재료/부품,,legacy_theme,높음
417500,제이아이테크,KOSDAQ,반도체·AI,반도체 재료/부품,,,,반도체와반도체장비,1,반도체 재료/부품,,legacy_theme,높음
425040,티이엠씨,KOSDAQ,반도체·AI,반도체 재료/부품,,,,반도체와반도체장비,1,반도체 재료/부품,,legacy_theme,높음
445180,퓨릿,KOSDAQ,반도체·AI,반도체 재료/부품,,,,반도체와반도체장비,1,반도체 재료/부품,,legacy_theme,높음
482630,삼양엔씨켐,KOSDAQ,반도체·AI,반도체 재료/부품,日 수출 규제(국산화 등),,,반도체와반도체장비,2,日 수출 규제(국산화 등) | 반도체 재료/부품,,legacy_theme,높음
014570,고려제약,KOSDAQ,반도체·AI,"백신/진단시약/방역(신종플루, AI 등)",치매,제약업체,,제약,3,"백신/진단시약/방역(신종플루, AI 등) | 제약업체 | 치매",,legacy_theme,높음
018620,우진비앤지,KOSDAQ,반도체·AI,"백신/진단시약/방역(신종플루, AI 등)",사료,아프리카 돼지열병(ASF),,제약,4,"구제역/광우병 수혜 | 백신/진단시약/방역(신종플루, AI 등) | 사료 | 아프리카 돼지열병(ASF)",구제역/광우병 수혜,legacy_theme,높음
036220,오상헬스케어,KOSDAQ,반도체·AI,"백신/진단시약/방역(신종플루, AI 등)",의료기기,,,생명과학도구및서비스,4,"백신/진단시약/방역(신종플루, AI 등) | 의료기기 | 코로나19(진단/치료제/백신 개발 등) | 코로나19(진단키트)",코로나19(진단/치료제/백신 개발 등) | 코로나19(진단키트),legacy_theme,높음
036480,대성미생물,KOSDAQ,반도체·AI,"백신/진단시약/방역(신종플루, AI 등)",아프리카 돼지열병(ASF),,,제약,3,"구제역/광우병 수혜 | 백신/진단시약/방역(신종플루, AI 등) | 아프리카 돼지열병(ASF)",구제역/광우병 수혜,legacy_theme,높음
041960,코미팜,KOSDAQ,반도체·AI,"백신/진단시약/방역(신종플루, AI 등)",아프리카 돼지열병(ASF),,,제약,4,"백신/진단시약/방역(신종플루, AI 등) | 아프리카 돼지열병(ASF) | 코로나19(진단/치료제/백신 개발 등) | 코로나19(치료제/백신 개발 등)",코로나19(진단/치료제/백신 개발 등) | 코로나19(치료제/백신 개발 등),legacy_theme,높음
043200,파루,KOSDAQ,반도체·AI,"백신/진단시약/방역(신종플루, AI 등)",태양광에너지,태풍 및 장마,아프리카 돼지열병(ASF),에너지장비및서비스,4,"백신/진단시약/방역(신종플루, AI 등) | 아프리카 돼지열병(ASF) | 태양광에너지 | 태풍 및 장마",,legacy_theme,높음
044960,이글벳,KOSDAQ,반도체·AI,"백신/진단시약/방역(신종플루, AI 등)",아프리카 돼지열병(ASF),,,제약,2,"백신/진단시약/방역(신종플루, AI 등) | 아프리카 돼지열병(ASF)",,legacy_theme,높음
048530,인트론바이오,KOSDAQ,반도체·AI,"백신/진단시약/방역(신종플루, AI 등)",마이코플라스마 폐렴,마이크로바이옴,,생명과학도구및서비스,5,"마이코플라스마 폐렴 | 마이크로바이옴 | 백신/진단시약/방역(신종플루, AI 등) | 코로나19(진단/치료제/백신 개발 등) | 코로나19(진단키트)",코로나19(진단/치료제/백신 개발 등) | 코로나19(진단키트),legacy_theme,높음
054670,대한뉴팜,KOSDAQ,반도체·AI,"백신/진단시약/방역(신종플루, AI 등)",제약업체,아프리카 돼지열병(ASF),,제약,3,"백신/진단시약/방역(신종플루, AI 등) | 아프리카 돼지열병(ASF) | 제약업체",,legacy_theme,높음
060590,씨티씨바이오,KOSDAQ,반도체·AI,"백신/진단시약/방역(신종플루, AI 등)",치매,마리화나(대마),사료,제약,7,"마리화나(대마) | 백신/진단시약/방역(신종플루, AI 등) | 사료 | 아프리카 돼지열병(ASF) | 치매 | 코로나19(진단/치료제/백신 개발 등) | 코로나19(진단키트)",코로나19(진단/치료제/백신 개발 등) | 코로나19(진단키트),legacy_theme,높음
061250,화일약품,KOSDAQ,반도체·AI,"백신/진단시약/방역(신종플루, AI 등)",치매,제약업체,마리화나(대마),제약,4,"마리화나(대마) | 백신/진단시약/방역(신종플루, AI 등) | 제약업체 | 치매",,legacy_theme,높음
064550,바이오니아,KOSDAQ,반도체·AI,"백신/진단시약/방역(신종플루, AI 등)",탈모 치료,유전자 치료제/분석,,생물공학,5,"백신/진단시약/방역(신종플루, AI 등) | 유전자 치료제/분석 | 코로나19(진단/치료제/백신 개발 등) | 코로나19(진단키트) | 탈모 치료",코로나19(진단/치료제/백신 개발 등) | 코로나19(진단키트),legacy_theme,높음
072020,중앙백신,KOSDAQ,반도체·AI,"백신/진단시약/방역(신종플루, AI 등)",아프리카 돼지열병(ASF),,,제약,2,"백신/진단시약/방역(신종플루, AI 등) | 아프리카 돼지열병(ASF)",,legacy_theme,높음
086060,진바이오텍,KOSDAQ,반도체·AI,"백신/진단시약/방역(신종플루, AI 등)",아프리카 돼지열병(ASF),,,제약,2,"백신/진단시약/방역(신종플루, AI 등) | 아프리카 돼지열병(ASF)",,legacy_theme,높음
096530,씨젠,KOSDAQ,반도체·AI,"백신/진단시약/방역(신종플루, AI 등)",유전자 치료제/분석,,,생명과학도구및서비스,4,"백신/진단시약/방역(신종플루, AI 등) | 유전자 치료제/분석 | 코로나19(진단/치료제/백신 개발 등) | 코로나19(진단키트)",코로나19(진단/치료제/백신 개발 등) | 코로나19(진단키트),legacy_theme,높음
109820,진매트릭스,KOSDAQ,반도체·AI,"백신/진단시약/방역(신종플루, AI 등)",,,,생물공학,4,"백신/진단시약/방역(신종플루, AI 등) | 코로나19(진단/치료제/백신 개발 등) | 코로나19(진단키트) | 코로나19(치료제/백신 개발 등)",코로나19(진단/치료제/백신 개발 등) | 코로나19(진단키트) | 코로나19(치료제/백신 개발 등),legacy_theme,높음
142760,모아라이프플러스,KOSDAQ,반도체·AI,"백신/진단시약/방역(신종플루, AI 등)",화장품,건강기능식품,,제약,3,"건강기능식품 | 백신/진단시약/방역(신종플루, AI 등) | 화장품",,legacy_theme,높음
153710,옵티팜,KOSDAQ,반도체·AI,"백신/진단시약/방역(신종플루, AI 등)",아프리카 돼지열병(ASF),,,제약,4,"백신/진단시약/방역(신종플루, AI 등) | 아프리카 돼지열병(ASF) | 코로나19(진단/치료제/백신 개발 등) | 코로나19(치료제/백신 개발 등)",코로나19(진단/치료제/백신 개발 등) | 코로나19(치료제/백신 개발 등),legacy_theme,높음
206640,바디텍메드,KOSDAQ,반도체·AI,"백신/진단시약/방역(신종플루, AI 등)",의료기기,,,생명과학도구및서비스,4,"백신/진단시약/방역(신종플루, AI 등) | 의료기기 | 코로나19(진단/치료제/백신 개발 등) | 코로나19(진단키트)",코로나19(진단/치료제/백신 개발 등) | 코로나19(진단키트),legacy_theme,높음
206650,유바이오로직스,KOSDAQ,반도체·AI,"백신/진단시약/방역(신종플루, AI 등)",보톡스(보툴리눔톡신),마이크로바이옴,,생물공학,6,"마이크로바이옴 | 백신/진단시약/방역(신종플루, AI 등) | 보톡스(보툴리눔톡신) | 코로나19(진단/치료제/백신 개발 등) | 코로나19(진단키트) | 코로나19(치료제/백신 개발 등)",코로나19(진단/치료제/백신 개발 등) | 코로나19(진단키트) | 코로나19(치료제/백신 개발 등),legacy_theme,높음
253840,수젠텍,KOSDAQ,반도체·AI,"백신/진단시약/방역(신종플루, AI 등)",치매,의료기기,마이코플라스마 폐렴,건강관리장비와용품,6,"마이코플라스마 폐렴 | 백신/진단시약/방역(신종플루, AI 등) | 의료기기 | 치매 | 코로나19(진단/치료제/백신 개발 등) | 코로나19(진단키트)",코로나19(진단/치료제/백신 개발 등) | 코로나19(진단키트),legacy_theme,높음
261780,아리바이오랩,KOSDAQ,반도체·AI,"백신/진단시약/방역(신종플루, AI 등)",,,,제약,3,"백신/진단시약/방역(신종플루, AI 등) | 코로나19(진단/치료제/백신 개발 등) | 코로나19(치료제/백신 개발 등)",코로나19(진단/치료제/백신 개발 등) | 코로나19(치료제/백신 개발 등),legacy_theme,높음
303360,프로티아,KOSDAQ,반도체·AI,"백신/진단시약/방역(신종플루, AI 등)",의료기기,,,건강관리장비와용품,2,"백신/진단시약/방역(신종플루, AI 등) | 의료기기",,legacy_theme,높음
950130,엑세스바이오,KOSDAQ,반도체·AI,"백신/진단시약/방역(신종플루, AI 등)",마이코플라스마 폐렴,유전자 치료제/분석,,생명과학도구및서비스,5,"마이코플라스마 폐렴 | 백신/진단시약/방역(신종플루, AI 등) | 유전자 치료제/분석 | 코로나19(진단/치료제/백신 개발 등) | 코로나19(진단키트)",코로나19(진단/치료제/백신 개발 등) | 코로나19(진단키트),legacy_theme,높음
087600,픽셀플러스,KOSDAQ,반도체·AI,보안주(물리),카메라모듈/부품,,,반도체와반도체장비,2,보안주(물리) | 카메라모듈/부품,,legacy_theme,높음
033160,엠케이전자,KOSDAQ,반도체·AI,소캠(SOCAMM),HBM(고대역폭메모리),반도체 재료/부품,2차전지(소재/부품),반도체와반도체장비,5,2차전지 | 2차전지(소재/부품) | HBM(고대역폭메모리) | 반도체 재료/부품 | 소캠(SOCAMM),,legacy_theme,높음
095340,ISC,KOSDAQ,반도체·AI,소캠(SOCAMM),HBM(고대역폭메모리),반도체 재료/부품,,반도체와반도체장비,4,HBM(고대역폭메모리) | 반도체 재료/부품 | 밸류업(24년 기업가치 제고계획 발표) | 소캠(SOCAMM),밸류업(24년 기업가치 제고계획 발표),legacy_theme,높음
168360,펨트론,KOSDAQ,반도체·AI,소캠(SOCAMM),HBM(고대역폭메모리),2차전지(장비),반도체 장비,전자장비와기기,6,2차전지 | 2차전지(장비) | HBM(고대역폭메모리) | PCB(FPCB 등) | 반도체 장비 | 소캠(SOCAMM),,legacy_theme,높음
222800,심텍,KOSDAQ,반도체·AI,소캠(SOCAMM),반도체 기판(FC-BGA/PCB/MLB 등),온디바이스 AI,PCB(FPCB 등),전자장비와기기,4,PCB(FPCB 등) | 반도체 기판(FC-BGA/PCB/MLB 등) | 소캠(SOCAMM) | 온디바이스 AI,,legacy_theme,높음
356860,티엘비,KOSDAQ,반도체·AI,소캠(SOCAMM),CXL(컴퓨트익스프레스링크),반도체 기판(FC-BGA/PCB/MLB 등),PCB(FPCB 등),반도체와반도체장비,4,CXL(컴퓨트익스프레스링크) | PCB(FPCB 등) | 반도체 기판(FC-BGA/PCB/MLB 등) | 소캠(SOCAMM),,legacy_theme,높음
425420,티에프이,KOSDAQ,반도체·AI,소캠(SOCAMM),반도체 장비,,,반도체와반도체장비,2,반도체 장비 | 소캠(SOCAMM),,legacy_theme,높음
033170,시그네틱스,KOSDAQ,반도체·AI,시스템반도체,DMZ 평화공원,,,반도체와반도체장비,2,DMZ 평화공원 | 시스템반도체,,legacy_theme,높음
036540,SFA반도체,KOSDAQ,반도체·AI,시스템반도체,반도체 장비,,,반도체와반도체장비,2,반도체 장비 | 시스템반도체,,legacy_theme,높음
067310,하나마이크론,KOSDAQ,반도체·AI,시스템반도체,반도체 재료/부품,반도체 장비,,반도체와반도체장비,4,반도체 장비 | 반도체 재료/부품 | 밸류업(25년 기업가치 제고계획 발표) | 시스템반도체,밸류업(25년 기업가치 제고계획 발표),legacy_theme,높음
101490,에스앤에스텍,KOSDAQ,반도체·AI,시스템반도체,반도체 재료/부품,日 수출 규제(국산화 등),,반도체와반도체장비,3,日 수출 규제(국산화 등) | 반도체 재료/부품 | 시스템반도체,,legacy_theme,높음
115610,이미지스,KOSDAQ,반도체·AI,시스템반도체,모바일솔루션(스마트폰),스마트폰,,핸드셋,3,모바일솔루션(스마트폰) | 스마트폰 | 시스템반도체,,legacy_theme,높음
117670,알파칩스,KOSDAQ,반도체·AI,시스템반도체,,,,반도체와반도체장비,1,시스템반도체,,legacy_theme,높음
123860,아나패스,KOSDAQ,반도체·AI,시스템반도체,,,,디스플레이장비및부품,1,시스템반도체,,legacy_theme,높음
131970,두산테스나,KOSDAQ,반도체·AI,시스템반도체,,,,반도체와반도체장비,1,시스템반도체,,legacy_theme,높음
226590,엠디바이스,KOSDAQ,반도체·AI,시스템반도체,,,,반도체와반도체장비,1,시스템반도체,,legacy_theme,높음
303030,지니틱스,KOSDAQ,반도체·AI,시스템반도체,삼성페이,,,반도체와반도체장비,2,삼성페이 | 시스템반도체,,legacy_theme,높음
319660,피에스케이,KOSDAQ,반도체·AI,시스템반도체,반도체 장비,,,반도체와반도체장비,4,반도체 장비 | 밸류업(25년 기업가치 제고계획 발표) | 시스템반도체 | 코리아 밸류업 지수(Korea Value-up Index),밸류업(25년 기업가치 제고계획 발표) | 코리아 밸류업 지수(Korea Value-up Index),legacy_theme,높음
396270,넥스트칩,KOSDAQ,반도체·AI,시스템반도체,자율주행차,,,반도체와반도체장비,3,밸류업(25년 기업가치 제고계획 발표) | 시스템반도체 | 자율주행차,밸류업(25년 기업가치 제고계획 발표),legacy_theme,높음
490470,세미파이브,KOSDAQ,반도체·AI,시스템반도체,,,,반도체와반도체장비,1,시스템반도체,,legacy_theme,높음
101400,엔시트론,KOSDAQ,반도체·AI,업종:반도체와반도체장비,,,,반도체와반도체장비,0,,,industry_fallback,중간
365590,하이딥,KOSDAQ,반도체·AI,업종:반도체와반도체장비,,,,반도체와반도체장비,0,,,industry_fallback,중간
054450,텔레칩스,KOSDAQ,반도체·AI,온디바이스 AI,시스템반도체,자율주행차,증강현실(AR),반도체와반도체장비,4,시스템반도체 | 온디바이스 AI | 자율주행차 | 증강현실(AR),,legacy_theme,높음
058470,리노공업,KOSDAQ,반도체·AI,온디바이스 AI,시스템반도체,반도체 장비,,반도체와반도체장비,4,반도체 장비 | 시스템반도체 | 온디바이스 AI | 코리아 밸류업 지수(Korea Value-up Index),코리아 밸류업 지수(Korea Value-up Index),legacy_theme,높음
080220,제주반도체,KOSDAQ,반도체·AI,온디바이스 AI,,,,반도체와반도체장비,1,온디바이스 AI,,legacy_theme,높음
094360,칩스앤미디어,KOSDAQ,반도체·AI,온디바이스 AI,시스템반도체,자율주행차,가상현실(VR),반도체와반도체장비,5,가상현실(VR) | 메타버스(Metaverse) | 시스템반도체 | 온디바이스 AI | 자율주행차,,legacy_theme,높음
200470,에이팩트,KOSDAQ,반도체·AI,온디바이스 AI,반도체 장비,,,반도체와반도체장비,2,반도체 장비 | 온디바이스 AI,,legacy_theme,높음
200710,에이디테크놀로지,KOSDAQ,반도체·AI,온디바이스 AI,시스템반도체,,,반도체와반도체장비,2,시스템반도체 | 온디바이스 AI,,legacy_theme,높음
377480,마음AI,KOSDAQ,반도체·AI,온디바이스 AI,AI 챗봇(챗GPT 등),피지컬 AI/휴머노이드 로봇,지능형로봇/인공지능(AI),IT서비스,4,AI 챗봇(챗GPT 등) | 온디바이스 AI | 지능형로봇/인공지능(AI) | 피지컬 AI/휴머노이드 로봇,,legacy_theme,높음
399720,가온칩스,KOSDAQ,반도체·AI,온디바이스 AI,시스템반도체,,,반도체와반도체장비,2,시스템반도체 | 온디바이스 AI,,legacy_theme,높음
403870,HPSP,KOSDAQ,반도체·AI,온디바이스 AI,반도체 장비,,,반도체와반도체장비,3,반도체 장비 | 온디바이스 AI | 코리아 밸류업 지수(Korea Value-up Index),코리아 밸류업 지수(Korea Value-up Index),legacy_theme,높음
486990,노타,KOSDAQ,반도체·AI,온디바이스 AI,지능형로봇/인공지능(AI),,,IT서비스,2,온디바이스 AI | 지능형로봇/인공지능(AI),,legacy_theme,높음
040910,아이씨디,KOSDAQ,반도체·AI,유리 기판,OLED(유기 발광 다이오드),,,디스플레이장비및부품,2,OLED(유기 발광 다이오드) | 유리 기판,,legacy_theme,높음
078150,HB테크놀러지,KOSDAQ,반도체·AI,유리 기판,2차전지(장비),OLED(유기 발광 다이오드),2차전지,디스플레이장비및부품,4,2차전지 | 2차전지(장비) | OLED(유기 발광 다이오드) | 유리 기판,,legacy_theme,높음
083500,에프엔에스테크,KOSDAQ,반도체·AI,유리 기판,반도체 재료/부품,OLED(유기 발광 다이오드),,디스플레이장비및부품,3,OLED(유기 발광 다이오드) | 반도체 재료/부품 | 유리 기판,,legacy_theme,높음
112290,와이씨켐,KOSDAQ,반도체·AI,유리 기판,HBM(고대역폭메모리),반도체 재료/부품,,반도체와반도체장비,3,HBM(고대역폭메모리) | 반도체 재료/부품 | 유리 기판,,legacy_theme,높음
161580,필옵틱스,KOSDAQ,반도체·AI,유리 기판,플렉서블 디스플레이,2차전지(장비),OLED(유기 발광 다이오드),전자장비와기기,6,2차전지 | 2차전지(장비) | OLED(유기 발광 다이오드) | PCB(FPCB 등) | 유리 기판 | 플렉서블 디스플레이,,legacy_theme,높음
171010,램테크놀러지,KOSDAQ,반도체·AI,유리 기판,반도체 재료/부품,OLED(유기 발광 다이오드),日 수출 규제(국산화 등),반도체와반도체장비,4,OLED(유기 발광 다이오드) | 日 수출 규제(국산화 등) | 반도체 재료/부품 | 유리 기판,,legacy_theme,높음
204270,제이앤티씨,KOSDAQ,반도체·AI,유리 기판,갤럭시 부품주,스마트폰,,핸드셋,3,갤럭시 부품주 | 스마트폰 | 유리 기판,,legacy_theme,높음
251370,와이엠티,KOSDAQ,반도체·AI,유리 기판,아이폰,PCB(FPCB 등),,화학,3,PCB(FPCB 등) | 아이폰 | 유리 기판,,legacy_theme,높음
264660,씨앤지하이테크,KOSDAQ,반도체·AI,유리 기판,반도체 장비,,,반도체와반도체장비,2,반도체 장비 | 유리 기판,,legacy_theme,높음
302430,이노메트리,KOSDAQ,반도체·AI,유리 기판,전기차 화재 방지(배터리 열폭주 등),2차전지(장비),2차전지,전기제품,4,2차전지 | 2차전지(장비) | 유리 기판 | 전기차 화재 방지(배터리 열폭주 등),,legacy_theme,높음
450330,하스,KOSDAQ,반도체·AI,유리 기판,치아 치료(임플란트 등),,,건강관리장비와용품,2,유리 기판 | 치아 치료(임플란트 등),,legacy_theme,높음
452190,한빛레이저,KOSDAQ,반도체·AI,유리 기판,전기차 화재 방지(배터리 열폭주 등),2차전지(장비),전기차,전기제품,5,2차전지 | 2차전지(장비) | 유리 기판 | 전기차 | 전기차 화재 방지(배터리 열폭주 등),,legacy_theme,높음
452450,피아이이,KOSDAQ,반도체·AI,유리 기판,스마트팩토리(스마트공장),지능형로봇/인공지능(AI),2차전지,IT서비스,4,2차전지 | 스마트팩토리(스마트공장) | 유리 기판 | 지능형로봇/인공지능(AI),,legacy_theme,높음
469750,아이비젼웍스,KOSDAQ,반도체·AI,유리 기판,2차전지(장비),2차전지,,전기제품,3,2차전지 | 2차전지(장비) | 유리 기판,,legacy_theme,높음
033230,인성정보,KOSDAQ,반도체·AI,의료AI,NI(네트워크통합),원격진료/비대면진료(U-Healthcare),고령화 사회(노인복지),IT서비스,4,NI(네트워크통합) | 고령화 사회(노인복지) | 원격진료/비대면진료(U-Healthcare) | 의료AI,,legacy_theme,높음
041020,폴라리스오피스,KOSDAQ,반도체·AI,의료AI,AI 챗봇(챗GPT 등),클라우드 컴퓨팅,재택근무/스마트워크,자동차부품,7,AI 챗봇(챗GPT 등) | NFT(대체불가토큰) | 모바일솔루션(스마트폰) | 모바일콘텐츠(스마트폰/태블릿PC) | 의료AI | 재택근무/스마트워크 | 클라우드 컴퓨팅,,legacy_theme,높음
041920,메디아나,KOSDAQ,반도체·AI,의료AI,의료기기,,,건강관리장비와용품,2,의료AI | 의료기기,,legacy_theme,높음
084650,랩지노믹스,KOSDAQ,반도체·AI,의료AI,"백신/진단시약/방역(신종플루, AI 등)",의료기기,마이크로바이옴,생명과학도구및서비스,7,"마이크로바이옴 | 백신/진단시약/방역(신종플루, AI 등) | 유전자 치료제/분석 | 의료AI | 의료기기 | 코로나19(진단/치료제/백신 개발 등) | 코로나19(진단키트)",코로나19(진단/치료제/백신 개발 등) | 코로나19(진단키트),legacy_theme,높음
099750,이지케어텍,KOSDAQ,반도체·AI,의료AI,원격진료/비대면진료(U-Healthcare),,,건강관리기술,2,원격진료/비대면진료(U-Healthcare) | 의료AI,,legacy_theme,높음
108860,셀바스AI,KOSDAQ,반도체·AI,의료AI,AI 챗봇(챗GPT 등),지능형로봇/인공지능(AI),음성인식,건강관리장비와용품,7,AI 챗봇(챗GPT 등) | 메타버스(Metaverse) | 모바일솔루션(스마트폰) | 모바일콘텐츠(스마트폰/태블릿PC) | 음성인식 | 의료AI | 지능형로봇/인공지능(AI),,legacy_theme,높음
127120,제이에스링크,KOSDAQ,반도체·AI,의료AI,희귀금속(희토류 등),유전자 치료제/분석,,생명과학도구및서비스,4,유전자 치료제/분석 | 의료AI | 코로나19(진단/치료제/백신 개발 등) | 희귀금속(희토류 등),코로나19(진단/치료제/백신 개발 등),legacy_theme,높음
208370,셀바스헬스케어,KOSDAQ,반도체·AI,의료AI,의료기기,,,건강관리장비와용품,2,의료AI | 의료기기,,legacy_theme,높음
226330,신테카바이오,KOSDAQ,반도체·AI,의료AI,유전자 치료제/분석,,,건강관리업체및서비스,2,유전자 치료제/분석 | 의료AI,,legacy_theme,높음
229000,젠큐릭스,KOSDAQ,반도체·AI,의료AI,마이코플라스마 폐렴,유전자 치료제/분석,,건강관리장비와용품,3,마이코플라스마 폐렴 | 유전자 치료제/분석 | 의료AI,,legacy_theme,높음
288980,모아데이타,KOSDAQ,반도체·AI,의료AI,지능형로봇/인공지능(AI),,,소프트웨어,2,의료AI | 지능형로봇/인공지능(AI),,legacy_theme,높음
315640,딥노이드,KOSDAQ,반도체·AI,의료AI,의료기기,,,IT서비스,2,의료AI | 의료기기,,legacy_theme,높음
322510,제이엘케이,KOSDAQ,반도체·AI,의료AI,의료기기,원격진료/비대면진료(U-Healthcare),,건강관리기술,3,원격진료/비대면진료(U-Healthcare) | 의료AI | 의료기기,,legacy_theme,높음
328130,루닛,KOSDAQ,반도체·AI,의료AI,의료기기,,,건강관리기술,2,의료AI | 의료기기,,legacy_theme,높음
338220,뷰노,KOSDAQ,반도체·AI,의료AI,의료기기,,,건강관리기술,2,의료AI | 의료기기,,legacy_theme,높음
347700,스피어,KOSDAQ,반도체·AI,의료AI,우주항공산업(누리호/인공위성 등),스페이스X(SpaceX),원격진료/비대면진료(U-Healthcare),우주항공과국방,4,스페이스X(SpaceX) | 우주항공산업(누리호/인공위성 등) | 원격진료/비대면진료(U-Healthcare) | 의료AI,,legacy_theme,높음
354200,엔젠바이오,KOSDAQ,반도체·AI,의료AI,치매,유전자 치료제/분석,,생명과학도구및서비스,5,유전자 치료제/분석 | 의료AI | 치매 | 코로나19(진단/치료제/백신 개발 등) | 코로나19(진단키트),코로나19(진단/치료제/백신 개발 등) | 코로나19(진단키트),legacy_theme,높음
376900,로킷헬스케어,KOSDAQ,반도체·AI,의료AI,의료기기,3D 프린터,탈모 치료,건강관리장비와용품,4,3D 프린터 | 의료AI | 의료기기 | 탈모 치료,,legacy_theme,높음
376930,노을,KOSDAQ,반도체·AI,의료AI,,,,건강관리장비와용품,2,밸류업(25년 기업가치 제고계획 발표) | 의료AI,밸류업(25년 기업가치 제고계획 발표),legacy_theme,높음
380550,뉴로핏,KOSDAQ,반도체·AI,의료AI,의료기기,,,건강관리기술,2,의료AI | 의료기기,,legacy_theme,높음
382150,온코크로스,KOSDAQ,반도체·AI,의료AI,,,,생명과학도구및서비스,1,의료AI,,legacy_theme,높음
384470,코어라인소프트,KOSDAQ,반도체·AI,의료AI,의료기기,,,건강관리기술,2,의료AI | 의료기기,,legacy_theme,높음
388870,파로스아이바이오,KOSDAQ,반도체·AI,의료AI,,,,생물공학,1,의료AI,,legacy_theme,높음
394800,쓰리빌리언,KOSDAQ,반도체·AI,의료AI,유전자 치료제/분석,,,건강관리기술,2,유전자 치료제/분석 | 의료AI,,legacy_theme,높음
419540,비스토스,KOSDAQ,반도체·AI,의료AI,의료기기,,,건강관리장비와용품,2,의료AI | 의료기기,,legacy_theme,높음
458870,씨어스,KOSDAQ,반도체·AI,의료AI,의료기기,원격진료/비대면진료(U-Healthcare),,건강관리기술,3,원격진료/비대면진료(U-Healthcare) | 의료AI | 의료기기,,legacy_theme,높음
038880,아이에이,KOSDAQ,반도체·AI,전력반도체,시스템반도체,자율주행차,수소에너지(수소차/연료전지 등),자동차부품,6,수소에너지(수소차/연료전지 등) | 스마트카(SMART CAR) | 시스템반도체 | 자율주행차 | 전기차 | 전력반도체,,legacy_theme,높음
039440,에스티아이,KOSDAQ,반도체·AI,전력반도체,HBM(고대역폭메모리),반도체 장비,3D 프린터,반도체와반도체장비,4,3D 프린터 | HBM(고대역폭메모리) | 반도체 장비 | 전력반도체,,legacy_theme,높음
061970,LB세미콘,KOSDAQ,반도체·AI,전력반도체,시스템반도체,,,반도체와반도체장비,2,시스템반도체 | 전력반도체,,legacy_theme,높음
095610,테스,KOSDAQ,반도체·AI,전력반도체,반도체 장비,,,반도체와반도체장비,2,반도체 장비 | 전력반도체,,legacy_theme,높음
096690,에이루트,KOSDAQ,반도체·AI,전력반도체,전력설비,,,컴퓨터와주변기기,2,전력반도체 | 전력설비,,legacy_theme,높음
102120,어보브반도체,KOSDAQ,반도체·AI,전력반도체,온디바이스 AI,시스템반도체,,반도체와반도체장비,3,시스템반도체 | 온디바이스 AI | 전력반도체,,legacy_theme,높음
110990,디아이티,KOSDAQ,반도체·AI,전력반도체,HBM(고대역폭메모리),2차전지(장비),수소에너지(수소차/연료전지 등),반도체와반도체장비,7,2차전지 | 2차전지(장비) | HBM(고대역폭메모리) | OLED(유기 발광 다이오드) | 반도체 장비 | 수소에너지(수소차/연료전지 등) | 전력반도체,,legacy_theme,높음
172670,에이엘티,KOSDAQ,반도체·AI,전력반도체,양자암호/양자컴퓨팅,시스템반도체,,반도체와반도체장비,3,시스템반도체 | 양자암호/양자컴퓨팅 | 전력반도체,,legacy_theme,높음
247660,나노씨엠에스,KOSDAQ,반도체·AI,전력반도체,보안주(정보),,,화학,2,보안주(정보) | 전력반도체,,legacy_theme,높음
355150,코스텍시스,KOSDAQ,반도체·AI,전력반도체,5G(5세대 이동통신),전기차,,반도체와반도체장비,3,5G(5세대 이동통신) | 전기차 | 전력반도체,,legacy_theme,높음
429270,시지트로닉스,KOSDAQ,반도체·AI,전력반도체,시스템반도체,,,반도체와반도체장비,2,시스템반도체 | 전력반도체,,legacy_theme,높음
432470,케이엔에스,KOSDAQ,반도체·AI,전력반도체,전기차 화재 방지(배터리 열폭주 등),피지컬 AI/휴머노이드 로봇,2차전지(장비),전기제품,5,2차전지 | 2차전지(장비) | 전기차 화재 방지(배터리 열폭주 등) | 전력반도체 | 피지컬 AI/휴머노이드 로봇,,legacy_theme,높음
464500,아이언디바이스,KOSDAQ,반도체·AI,전력반도체,온디바이스 AI,시스템반도체,,반도체와반도체장비,3,시스템반도체 | 온디바이스 AI | 전력반도체,,legacy_theme,높음
060280,큐렉소,KOSDAQ,반도체·AI,지능형로봇/인공지능(AI),의료기기,고령화 사회(노인복지),,건강관리장비와용품,3,고령화 사회(노인복지) | 의료기기 | 지능형로봇/인공지능(AI),,legacy_theme,높음
065370,위세아이텍,KOSDAQ,반도체·AI,지능형로봇/인공지능(AI),모바일솔루션(스마트폰),메타버스(Metaverse),,소프트웨어,3,메타버스(Metaverse) | 모바일솔루션(스마트폰) | 지능형로봇/인공지능(AI),,legacy_theme,높음
090360,로보스타,KOSDAQ,반도체·AI,지능형로봇/인공지능(AI),로봇(산업용/협동로봇 등),OLED(유기 발광 다이오드),반도체 장비,기계,5,3D 프린터 | OLED(유기 발광 다이오드) | 로봇(산업용/협동로봇 등) | 반도체 장비 | 지능형로봇/인공지능(AI),,legacy_theme,높음
148780,비큐AI,KOSDAQ,반도체·AI,지능형로봇/인공지능(AI),,,,소프트웨어,1,지능형로봇/인공지능(AI),,legacy_theme,높음
189330,씨이랩,KOSDAQ,반도체·AI,지능형로봇/인공지능(AI),메타버스(Metaverse),,,IT서비스,2,메타버스(Metaverse) | 지능형로봇/인공지능(AI),,legacy_theme,높음
215100,로보로보,KOSDAQ,반도체·AI,지능형로봇/인공지능(AI),교육/온라인 교육,,,교육서비스,2,교육/온라인 교육 | 지능형로봇/인공지능(AI),,legacy_theme,높음
217500,러셀,KOSDAQ,반도체·AI,지능형로봇/인공지능(AI),로봇(산업용/협동로봇 등),반도체 장비,,반도체와반도체장비,3,로봇(산업용/협동로봇 등) | 반도체 장비 | 지능형로봇/인공지능(AI),,legacy_theme,높음
270660,에브리봇,KOSDAQ,반도체·AI,지능형로봇/인공지능(AI),로봇(산업용/협동로봇 등),,,가정용기기와용품,2,로봇(산업용/협동로봇 등) | 지능형로봇/인공지능(AI),,legacy_theme,높음
290660,다이나믹솔루션,KOSDAQ,반도체·AI,지능형로봇/인공지능(AI),의료기기,원격진료/비대면진료(U-Healthcare),,건강관리장비와용품,3,원격진료/비대면진료(U-Healthcare) | 의료기기 | 지능형로봇/인공지능(AI),,legacy_theme,높음
299170,더블유에스아이,KOSDAQ,반도체·AI,지능형로봇/인공지능(AI),제약업체,의료기기,,제약,3,의료기기 | 제약업체 | 지능형로봇/인공지능(AI),,legacy_theme,높음
300120,라온피플,KOSDAQ,반도체·AI,지능형로봇/인공지능(AI),골프,카메라모듈/부품,,소프트웨어,3,골프 | 지능형로봇/인공지능(AI) | 카메라모듈/부품,,legacy_theme,높음
389680,유디엠텍,KOSDAQ,반도체·AI,지능형로봇/인공지능(AI),,,,IT서비스,1,지능형로봇/인공지능(AI),,legacy_theme,높음
413640,비아이매트릭스,KOSDAQ,반도체·AI,지능형로봇/인공지능(AI),,,,IT서비스,1,지능형로봇/인공지능(AI),,legacy_theme,높음
417860,오브젠,KOSDAQ,반도체·AI,지능형로봇/인공지능(AI),,,,소프트웨어,1,지능형로봇/인공지능(AI),,legacy_theme,높음
419120,산돌,KOSDAQ,반도체·AI,지능형로봇/인공지능(AI),,,,소프트웨어,1,지능형로봇/인공지능(AI),,legacy_theme,높음
444530,심플랫폼,KOSDAQ,반도체·AI,지능형로봇/인공지능(AI),,,,IT서비스,1,지능형로봇/인공지능(AI),,legacy_theme,높음
460940,피앤에스로보틱스,KOSDAQ,반도체·AI,지능형로봇/인공지능(AI),의료기기,고령화 사회(노인복지),,건강관리장비와용품,3,고령화 사회(노인복지) | 의료기기 | 지능형로봇/인공지능(AI),,legacy_theme,높음
463020,뉴엔AI,KOSDAQ,반도체·AI,지능형로봇/인공지능(AI),,,,IT서비스,1,지능형로봇/인공지능(AI),,legacy_theme,높음
950250,테라뷰,KOSDAQ,반도체·AI,지주사,,,,반도체와반도체장비,1,지주사,,legacy_theme,높음
054300,팬스타엔터프라이즈,KOSDAQ,반도체·AI,퓨리오사AI,2차전지(LFP/리튬인산철),쿠팡(coupang),,해운사,3,2차전지(LFP/리튬인산철) | 쿠팡(coupang) | 퓨리오사AI,,legacy_theme,높음
088340,유라클,KOSDAQ,반도체·AI,퓨리오사AI,STO(토큰증권 발행),지역화폐,모바일솔루션(스마트폰),소프트웨어,4,STO(토큰증권 발행) | 모바일솔루션(스마트폰) | 지역화폐 | 퓨리오사AI,,legacy_theme,높음
096250,와이즈넛,KOSDAQ,반도체·AI,퓨리오사AI,AI 챗봇(챗GPT 등),지능형로봇/인공지능(AI),,소프트웨어,3,AI 챗봇(챗GPT 등) | 지능형로봇/인공지능(AI) | 퓨리오사AI,,legacy_theme,높음
124500,아이티센글로벌,KOSDAQ,반도체·AI,퓨리오사AI,STO(토큰증권 발행),귀금속(금/은),블록체인,IT서비스,6,SI(시스템통합) | STO(토큰증권 발행) | 귀금속(금/은) | 블록체인 | 스테이블코인 | 퓨리오사AI,,legacy_theme,높음
241520,DSC인베스트먼트,KOSDAQ,반도체·AI,퓨리오사AI,일자리(취업),마켓컬리(kurly),두나무(Dunamu),창업투자,5,두나무(Dunamu) | 마켓컬리(kurly) | 일자리(취업) | 창투사 | 퓨리오사AI,,legacy_theme,높음
246690,TS인베스트먼트,KOSDAQ,반도체·AI,퓨리오사AI,가상화폐(비트코인 등),일자리(취업),두나무(Dunamu),창업투자,5,가상화폐(비트코인 등) | 두나무(Dunamu) | 일자리(취업) | 창투사 | 퓨리오사AI,,legacy_theme,높음
293580,나우IB,KOSDAQ,반도체·AI,퓨리오사AI,창투사,,,창업투자,2,창투사 | 퓨리오사AI,,legacy_theme,높음
309960,LB인베스트먼트,KOSDAQ,반도체·AI,퓨리오사AI,소캠(SOCAMM),창투사,,창업투자,3,소캠(SOCAMM) | 창투사 | 퓨리오사AI,,legacy_theme,높음
317770,엑스페릭스,KOSDAQ,반도체·AI,퓨리오사AI,바이오인식(생체인식),,,전자장비와기기,2,바이오인식(생체인식) | 퓨리오사AI,,legacy_theme,높음
389140,포바이포,KOSDAQ,반도체·AI,퓨리오사AI,영화,영상콘텐츠,,방송과엔터테인먼트,3,영상콘텐츠 | 영화 | 퓨리오사AI,,legacy_theme,높음
393210,토마토시스템,KOSDAQ,반도체·AI,퓨리오사AI,의료AI,원격진료/비대면진료(U-Healthcare),,IT서비스,3,원격진료/비대면진료(U-Healthcare) | 의료AI | 퓨리오사AI,,legacy_theme,높음
056080,유진로봇,KOSDAQ,반도체·AI,피지컬 AI/휴머노이드 로봇,자율주행차,지능형로봇/인공지능(AI),로봇(산업용/협동로봇 등),기계,5,DMZ 평화공원 | 로봇(산업용/협동로봇 등) | 자율주행차 | 지능형로봇/인공지능(AI) | 피지컬 AI/휴머노이드 로봇,,legacy_theme,높음
061090,세나테크놀로지,KOSDAQ,반도체·AI,피지컬 AI/휴머노이드 로봇,,,,통신장비,1,피지컬 AI/휴머노이드 로봇,,legacy_theme,높음
108490,로보티즈,KOSDAQ,반도체·AI,피지컬 AI/휴머노이드 로봇,지능형로봇/인공지능(AI),로봇(산업용/협동로봇 등),,기계,3,로봇(산업용/협동로봇 등) | 지능형로봇/인공지능(AI) | 피지컬 AI/휴머노이드 로봇,,legacy_theme,높음
117730,티로보틱스,KOSDAQ,반도체·AI,피지컬 AI/휴머노이드 로봇,지능형로봇/인공지능(AI),로봇(산업용/협동로봇 등),OLED(유기 발광 다이오드),기계,5,OLED(유기 발광 다이오드) | 로봇(산업용/협동로봇 등) | 의료기기 | 지능형로봇/인공지능(AI) | 피지컬 AI/휴머노이드 로봇,,legacy_theme,높음
125490,한라캐스트,KOSDAQ,반도체·AI,피지컬 AI/휴머노이드 로봇,자율주행차,지능형로봇/인공지능(AI),로봇(산업용/협동로봇 등),자동차부품,5,로봇(산업용/협동로봇 등) | 자동차부품 | 자율주행차 | 지능형로봇/인공지능(AI) | 피지컬 AI/휴머노이드 로봇,,legacy_theme,높음
234030,싸이닉솔루션,KOSDAQ,반도체·AI,피지컬 AI/휴머노이드 로봇,시스템반도체,,,반도체와반도체장비,2,시스템반도체 | 피지컬 AI/휴머노이드 로봇,,legacy_theme,높음
264450,유비쿼스,KOSDAQ,반도체·AI,피지컬 AI/휴머노이드 로봇,통신장비,5G(5세대 이동통신),,통신장비,3,5G(5세대 이동통신) | 통신장비 | 피지컬 AI/휴머노이드 로봇,,legacy_theme,높음
277810,레인보우로보틱스,KOSDAQ,반도체·AI,피지컬 AI/휴머노이드 로봇,로봇(산업용/협동로봇 등),,,기계,2,로봇(산업용/협동로봇 등) | 피지컬 AI/휴머노이드 로봇,,legacy_theme,높음
298830,슈어소프트테크,KOSDAQ,반도체·AI,피지컬 AI/휴머노이드 로봇,자율주행차,,,소프트웨어,2,자율주행차 | 피지컬 AI/휴머노이드 로봇,,legacy_theme,높음
348340,뉴로메카,KOSDAQ,반도체·AI,피지컬 AI/휴머노이드 로봇,로봇(산업용/협동로봇 등),,,기계,2,로봇(산업용/협동로봇 등) | 피지컬 AI/휴머노이드 로봇,,legacy_theme,높음
355390,크라우드웍스,KOSDAQ,반도체·AI,피지컬 AI/휴머노이드 로봇,지능형로봇/인공지능(AI),딥페이크(deepfake),,IT서비스,3,딥페이크(deepfake) | 지능형로봇/인공지능(AI) | 피지컬 AI/휴머노이드 로봇,,legacy_theme,높음
389500,에스비비테크,KOSDAQ,반도체·AI,피지컬 AI/휴머노이드 로봇,로봇(산업용/협동로봇 등),,,기계,2,로봇(산업용/협동로봇 등) | 피지컬 AI/휴머노이드 로봇,,legacy_theme,높음
437730,삼현,KOSDAQ,반도체·AI,피지컬 AI/휴머노이드 로봇,자율주행차,로봇(산업용/협동로봇 등),방위산업/전쟁 및 테러,자동차부품,5,로봇(산업용/협동로봇 등) | 방위산업/전쟁 및 테러 | 자동차부품 | 자율주행차 | 피지컬 AI/휴머노이드 로봇,,legacy_theme,높음
448900,한국피아이엠,KOSDAQ,반도체·AI,피지컬 AI/휴머노이드 로봇,로봇(산업용/협동로봇 등),자동차부품,치아 치료(임플란트 등),자동차부품,4,로봇(산업용/협동로봇 등) | 자동차부품 | 치아 치료(임플란트 등) | 피지컬 AI/휴머노이드 로봇,,legacy_theme,높음
455900,엔젤로보틱스,KOSDAQ,반도체·AI,피지컬 AI/휴머노이드 로봇,지능형로봇/인공지능(AI),로봇(산업용/협동로봇 등),,건강관리장비와용품,3,로봇(산업용/협동로봇 등) | 지능형로봇/인공지능(AI) | 피지컬 AI/휴머노이드 로봇,,legacy_theme,높음
459510,나우로보틱스,KOSDAQ,반도체·AI,피지컬 AI/휴머노이드 로봇,로봇(산업용/협동로봇 등),,,기계,2,로봇(산업용/협동로봇 등) | 피지컬 AI/휴머노이드 로봇,,legacy_theme,높음
464080,에스오에스랩,KOSDAQ,반도체·AI,피지컬 AI/휴머노이드 로봇,자율주행차,,,전자장비와기기,2,자율주행차 | 피지컬 AI/휴머노이드 로봇,,legacy_theme,높음
466100,클로봇,KOSDAQ,반도체·AI,피지컬 AI/휴머노이드 로봇,지능형로봇/인공지능(AI),로봇(산업용/협동로봇 등),,기계,3,로봇(산업용/협동로봇 등) | 지능형로봇/인공지능(AI) | 피지컬 AI/휴머노이드 로봇,,legacy_theme,높음
475400,씨메스로보틱스,KOSDAQ,반도체·AI,피지컬 AI/휴머노이드 로봇,지능형로봇/인공지능(AI),,,기계,2,지능형로봇/인공지능(AI) | 피지컬 AI/휴머노이드 로봇,,legacy_theme,높음
477850,마키나락스,KOSDAQ,반도체·AI,피지컬 AI/휴머노이드 로봇,지능형로봇/인공지능(AI),,,소프트웨어,3,2026 상반기 신규상장 | 지능형로봇/인공지능(AI) | 피지컬 AI/휴머노이드 로봇,2026 상반기 신규상장,legacy_theme,높음
036620,감성코퍼레이션,KOSDAQ,소비·유통·패션,가상화폐(비트코인 등),패션/의류,,,"섬유,의류,신발,호화품",3,가상화폐(비트코인 등) | 밸류업(24년 기업가치 제고계획 발표) | 패션/의류,밸류업(24년 기업가치 제고계획 발표),legacy_theme,높음
110790,크리스에프앤씨,KOSDAQ,소비·유통·패션,골프,패션/의류,,,"섬유,의류,신발,호화품",2,골프 | 패션/의류,,legacy_theme,높음
308100,형지글로벌,KOSDAQ,소비·유통·패션,골프,스테이블코인,패션/의류,,"섬유,의류,신발,호화품",3,골프 | 스테이블코인 | 패션/의류,,legacy_theme,높음
352700,씨앤투스,KOSDAQ,소비·유통·패션,공기청정기,마스크,황사/미세먼지,,"섬유,의류,신발,호화품",3,공기청정기 | 마스크 | 황사/미세먼지,,legacy_theme,높음
900110,딥커머스,KOSDAQ,소비·유통·패션,국내 상장 중국기업,패션/의류,,,"섬유,의류,신발,호화품",2,국내 상장 중국기업 | 패션/의류,,legacy_theme,높음
026040,제이에스티나,KOSDAQ,소비·유통·패션,남북경협,패션/의류,,,"섬유,의류,신발,호화품",2,남북경협 | 패션/의류,,legacy_theme,높음
033340,좋은사람들,KOSDAQ,소비·유통·패션,남북경협,패션/의류,,,"섬유,의류,신발,호화품",3,日제품 불매운동(수혜) | 남북경협 | 패션/의류,日제품 불매운동(수혜),legacy_theme,높음
900100,파이온엑스,KOSDAQ,소비·유통·패션,마리화나(대마),,,,"섬유,의류,신발,호화품",1,마리화나(대마),,legacy_theme,높음
013990,아가방컴퍼니,KOSDAQ,소비·유통·패션,마스크,엔젤산업,,,"섬유,의류,신발,호화품",4,日제품 불매운동(수혜) | 마스크 | 엔젤산업 | 출산장려정책,日제품 불매운동(수혜) | 출산장려정책,legacy_theme,높음
047770,코데즈컴바인,KOSDAQ,소비·유통·패션,마스크,남북경협,패션/의류,,"섬유,의류,신발,호화품",4,日제품 불매운동(수혜) | 남북경협 | 마스크 | 패션/의류,日제품 불매운동(수혜),legacy_theme,높음
083550,케이엠,KOSDAQ,소비·유통·패션,마스크,황사/미세먼지,,,"섬유,의류,신발,호화품",2,마스크 | 황사/미세먼지,,legacy_theme,높음
263020,디케이앤디,KOSDAQ,소비·유통·패션,마스크,,,,"섬유,의류,신발,호화품",2,마스크 | 밸류업(24년 기업가치 제고계획 발표),밸류업(24년 기업가치 제고계획 발표),legacy_theme,높음
025770,한국정보통신,KOSDAQ,소비·유통·패션,면세점,핀테크(FinTech),애플페이,전자결제(전자화폐),IT서비스,6,면세점 | 삼성페이 | 애플페이 | 전자결제(전자화폐) | 쿠팡(coupang) | 핀테크(FinTech),,legacy_theme,높음
204620,글로벌텍스프리,KOSDAQ,소비·유통·패션,면세점,AI 챗봇(챗GPT 등),,,기타금융,2,AI 챗봇(챗GPT 등) | 면세점,,legacy_theme,높음
950170,JTC,KOSDAQ,소비·유통·패션,면세점,,,,백화점과일반상점,1,면세점,,legacy_theme,높음
051160,지어소프트,KOSDAQ,소비·유통·패션,소매유통,광고,마켓컬리(kurly),모바일솔루션(스마트폰),판매업체,4,광고 | 마켓컬리(kurly) | 모바일솔루션(스마트폰) | 소매유통,,legacy_theme,높음
069920,엑시온그룹,KOSDAQ,소비·유통·패션,소매유통,,,,건설,1,소매유통,,legacy_theme,높음
342870,오아,KOSDAQ,소비·유통·패션,소매유통,음식료업종,,,가정용기기와용품,2,소매유통 | 음식료업종,,legacy_theme,높음
362320,청담글로벌,KOSDAQ,소비·유통·패션,소매유통,화장품,보톡스(보툴리눔톡신),건강기능식품,인터넷과카탈로그소매,4,건강기능식품 | 보톡스(보툴리눔톡신) | 소매유통 | 화장품,,legacy_theme,높음
415380,스튜디오삼익,KOSDAQ,소비·유통·패션,소매유통,,,,가구,1,소매유통,,legacy_theme,높음
114630,폴라리스우노,KOSDAQ,소비·유통·패션,"업종:섬유,의류,신발,호화품",,,,"섬유,의류,신발,호화품",0,,,industry_fallback,중간
215480,토박스코리아,KOSDAQ,소비·유통·패션,엔젤산업,패션/의류,,,"섬유,의류,신발,호화품",3,엔젤산업 | 출산장려정책 | 패션/의류,출산장려정책,legacy_theme,높음
267790,배럴,KOSDAQ,소비·유통·패션,여름,패션/의류,,,"섬유,의류,신발,호화품",3,日제품 불매운동(수혜) | 여름 | 패션/의류,日제품 불매운동(수혜),legacy_theme,높음
011080,형지I&C,KOSDAQ,소비·유통·패션,패션/의류,,,,"섬유,의류,신발,호화품",1,패션/의류,,legacy_theme,높음
032080,아즈텍WB,KOSDAQ,소비·유통·패션,패션/의류,,,,"섬유,의류,신발,호화품",1,패션/의류,,legacy_theme,높음
065060,지엔코,KOSDAQ,소비·유통·패션,패션/의류,,,,"섬유,의류,신발,호화품",1,패션/의류,,legacy_theme,높음
098660,에스티오,KOSDAQ,소비·유통·패션,패션/의류,,,,"섬유,의류,신발,호화품",1,패션/의류,,legacy_theme,높음
109670,씨싸이트,KOSDAQ,소비·유통·패션,패션/의류,,,,"섬유,의류,신발,호화품",1,패션/의류,,legacy_theme,높음
145170,노브랜드,KOSDAQ,소비·유통·패션,패션/의류,,,,"섬유,의류,신발,호화품",1,패션/의류,,legacy_theme,높음
204020,그리티,KOSDAQ,소비·유통·패션,패션/의류,,,,"섬유,의류,신발,호화품",2,日제품 불매운동(수혜) | 패션/의류,日제품 불매운동(수혜),legacy_theme,높음
225590,패션플랫폼,KOSDAQ,소비·유통·패션,패션/의류,,,,"섬유,의류,신발,호화품",1,패션/의류,,legacy_theme,높음
282620,기도산업,KOSDAQ,소비·유통·패션,패션/의류,,,,"섬유,의류,신발,호화품",2,2026 하반기 신규상장 | 패션/의류,2026 하반기 신규상장,legacy_theme,높음
298540,더네이쳐홀딩스,KOSDAQ,소비·유통·패션,패션/의류,,,,"섬유,의류,신발,호화품",1,패션/의류,,legacy_theme,높음
306040,에스제이그룹,KOSDAQ,소비·유통·패션,패션/의류,,,,"섬유,의류,신발,호화품",1,패션/의류,,legacy_theme,높음
335870,윙스풋,KOSDAQ,소비·유통·패션,패션/의류,,,,"섬유,의류,신발,호화품",1,패션/의류,,legacy_theme,높음
337930,젝시믹스,KOSDAQ,소비·유통·패션,패션/의류,,,,"섬유,의류,신발,호화품",1,패션/의류,,legacy_theme,높음
366030,나인앤컴퍼니,KOSDAQ,소비·유통·패션,패션/의류,,,,"섬유,의류,신발,호화품",1,패션/의류,,legacy_theme,높음
472850,폰드그룹,KOSDAQ,소비·유통·패션,패션/의류,,,,"섬유,의류,신발,호화품",1,패션/의류,,legacy_theme,높음
478560,블랙야크아이앤씨,KOSDAQ,소비·유통·패션,패션/의류,,,,"섬유,의류,신발,호화품",1,패션/의류,,legacy_theme,높음
481070,에이유브랜즈,KOSDAQ,소비·유통·패션,패션/의류,,,,"섬유,의류,신발,호화품",1,패션/의류,,legacy_theme,높음
483350,딜리셔스,KOSDAQ,소비·유통·패션,패션/의류,,,,IT서비스,2,2026 하반기 신규상장 | 패션/의류,2026 하반기 신규상장,legacy_theme,높음
024800,유성티엔에스,KOSDAQ,소비·유통·패션,편의점,종합 물류,,,도로와철도운송,2,종합 물류 | 편의점,,legacy_theme,높음
016100,리더스코스메틱,KOSDAQ,소비·유통·패션,화장품,골판지 제조,,,포장재,2,골판지 제조 | 화장품,,legacy_theme,높음
019660,글로본,KOSDAQ,소비·유통·패션,화장품,,,,판매업체,1,화장품,,legacy_theme,높음
027050,코리아나,KOSDAQ,소비·유통·패션,화장품,,,,화장품,1,화장품,,legacy_theme,높음
032860,더라미,KOSDAQ,소비·유통·패션,화장품,,,,판매업체,1,화장품,,legacy_theme,높음
048410,현대바이오,KOSDAQ,소비·유통·패션,화장품,,,,화장품,3,코로나19(진단/치료제/백신 개발 등) | 코로나19(치료제/백신 개발 등) | 화장품,코로나19(진단/치료제/백신 개발 등) | 코로나19(치료제/백신 개발 등),legacy_theme,높음
049830,승일,KOSDAQ,소비·유통·패션,화장품,,,,포장재,1,화장품,,legacy_theme,높음
052260,현대바이오랜드,KOSDAQ,소비·유통·패션,화장품,치아 치료(임플란트 등),탈모 치료,고령화 사회(노인복지),화장품,4,고령화 사회(노인복지) | 치아 치료(임플란트 등) | 탈모 치료 | 화장품,,legacy_theme,높음
053980,오상자이엘,KOSDAQ,소비·유통·패션,화장품,SI(시스템통합),,,소프트웨어,4,SI(시스템통합) | 코로나19(진단/치료제/백신 개발 등) | 코로나19(진단키트) | 화장품,코로나19(진단/치료제/백신 개발 등) | 코로나19(진단키트),legacy_theme,높음
080530,코디,KOSDAQ,소비·유통·패션,화장품,,,,화장품,1,화장품,,legacy_theme,높음
083660,CSA 코스믹,KOSDAQ,소비·유통·패션,화장품,수자원(양적/질적 개선),,,화장품,2,수자원(양적/질적 개선) | 화장품,,legacy_theme,높음
086710,선진뷰티사이언스,KOSDAQ,소비·유통·패션,화장품,,,,화장품,1,화장품,,legacy_theme,높음
092730,네오팜,KOSDAQ,소비·유통·패션,화장품,엔젤산업,건강기능식품,,화장품,4,건강기능식품 | 엔젤산업 | 출산장려정책 | 화장품,출산장려정책,legacy_theme,높음
101240,씨큐브,KOSDAQ,소비·유통·패션,화장품,페라이트,,,화학,2,페라이트 | 화장품,,legacy_theme,높음
114840,아이패밀리에스씨,KOSDAQ,소비·유통·패션,화장품,,,,화장품,1,화장품,,legacy_theme,높음
123330,제닉,KOSDAQ,소비·유통·패션,화장품,,,,화장품,1,화장품,,legacy_theme,높음
137940,넥스트아이,KOSDAQ,소비·유통·패션,화장품,,,,화장품,1,화장품,,legacy_theme,높음
159580,제로투세븐,KOSDAQ,소비·유통·패션,화장품,엔젤산업,,,화장품,3,엔젤산업 | 출산장려정책 | 화장품,출산장려정책,legacy_theme,높음
159910,에코글로우,KOSDAQ,소비·유통·패션,화장품,,,,화장품,1,화장품,,legacy_theme,높음
168330,내츄럴엔도텍,KOSDAQ,소비·유통·패션,화장품,건강기능식품,,,화장품,2,건강기능식품 | 화장품,,legacy_theme,높음
192440,슈피겐코리아,KOSDAQ,소비·유통·패션,화장품,아이폰,스마트폰,,핸드셋,3,스마트폰 | 아이폰 | 화장품,,legacy_theme,높음
200130,콜마비앤에이치,KOSDAQ,소비·유통·패션,화장품,건강기능식품,,,건강관리업체및서비스,3,건강기능식품 | 밸류업(25년 기업가치 제고계획 발표) | 화장품,밸류업(25년 기업가치 제고계획 발표),legacy_theme,높음
219550,디와이디,KOSDAQ,소비·유통·패션,화장품,,,,화장품,1,화장품,,legacy_theme,높음
225430,케이엠제약,KOSDAQ,소비·유통·패션,화장품,건강기능식품,,,가정용품,2,건강기능식품 | 화장품,,legacy_theme,높음
226340,본느,KOSDAQ,소비·유통·패션,화장품,,,,화장품,1,화장품,,legacy_theme,높음
227610,아우딘퓨쳐스,KOSDAQ,소비·유통·패션,화장품,,,,화장품,1,화장품,,legacy_theme,높음
237880,클리오,KOSDAQ,소비·유통·패션,화장품,,,,화장품,1,화장품,,legacy_theme,높음
241710,코스메카코리아,KOSDAQ,소비·유통·패션,화장품,,,,화장품,1,화장품,,legacy_theme,높음
251970,펌텍코리아,KOSDAQ,소비·유통·패션,화장품,,,,포장재,1,화장품,,legacy_theme,높음
252500,세화피앤씨,KOSDAQ,소비·유통·패션,화장품,,,,화장품,1,화장품,,legacy_theme,높음
257720,실리콘투,KOSDAQ,소비·유통·패션,화장품,,,,인터넷과카탈로그소매,1,화장품,,legacy_theme,높음
260930,씨티케이,KOSDAQ,소비·유통·패션,화장품,탈 플라스틱(친환경/생분해성 등),,,화장품,2,탈 플라스틱(친환경/생분해성 등) | 화장품,,legacy_theme,높음
263920,휴엠앤씨,KOSDAQ,소비·유통·패션,화장품,,,,포장재,1,화장품,,legacy_theme,높음
265740,엔에프씨,KOSDAQ,소비·유통·패션,화장품,마리화나(대마),,,화장품,2,마리화나(대마) | 화장품,,legacy_theme,높음
298060,풍전약품,KOSDAQ,소비·유통·패션,화장품,줄기세포,,,생물공학,2,줄기세포 | 화장품,,legacy_theme,높음
314130,지놈앤컴퍼니,KOSDAQ,소비·유통·패션,화장품,마이크로바이옴,유전자 치료제/분석,,제약,3,마이크로바이옴 | 유전자 치료제/분석 | 화장품,,legacy_theme,높음
318160,셀바이오휴먼텍,KOSDAQ,소비·유통·패션,화장품,,,,화장품,1,화장품,,legacy_theme,높음
347740,피엔케이피부임상연구센타,KOSDAQ,소비·유통·패션,화장품,,,,생명과학도구및서비스,1,화장품,,legacy_theme,높음
352480,씨앤씨인터내셔널,KOSDAQ,소비·유통·패션,화장품,,,,화장품,1,화장품,,legacy_theme,높음
377220,프롬바이오,KOSDAQ,소비·유통·패션,화장품,탈모 치료,건강기능식품,,건강관리업체및서비스,3,건강기능식품 | 탈모 치료 | 화장품,,legacy_theme,높음
388610,지에프씨생명과학,KOSDAQ,소비·유통·패션,화장품,,,,생물공학,1,화장품,,legacy_theme,높음
406820,뷰티스킨,KOSDAQ,소비·유통·패션,화장품,,,,화장품,1,화장품,,legacy_theme,높음
420570,제이투케이바이오,KOSDAQ,소비·유통·패션,화장품,탈모 치료,,,화장품,2,탈모 치료 | 화장품,,legacy_theme,높음
439090,마녀공장,KOSDAQ,소비·유통·패션,화장품,,,,화장품,1,화장품,,legacy_theme,높음
451250,삐아,KOSDAQ,소비·유통·패션,화장품,,,,화장품,1,화장품,,legacy_theme,높음
453860,에이에스텍,KOSDAQ,소비·유통·패션,화장품,,,,화장품,1,화장품,,legacy_theme,높음
460870,에스엠씨지,KOSDAQ,소비·유통·패션,화장품,,,,포장재,1,화장품,,legacy_theme,높음
462310,뉴키즈온,KOSDAQ,소비·유통·패션,화장품,엔젤산업,패션/의류,,"섬유,의류,신발,호화품",4,엔젤산업 | 출산장려정책 | 패션/의류 | 화장품,출산장려정책,legacy_theme,높음
471820,셀로맥스사이언스,KOSDAQ,소비·유통·패션,화장품,건강기능식품,,,제약,2,건강기능식품 | 화장품,,legacy_theme,높음
900270,헝셩그룹,KOSDAQ,소비·유통·패션,화장품,국내 상장 중국기업,엔젤산업,,레저용장비와제품,4,국내 상장 중국기업 | 엔젤산업 | 출산장려정책 | 화장품,출산장려정책,legacy_theme,높음
900300,오가닉티코스메틱,KOSDAQ,소비·유통·패션,화장품,국내 상장 중국기업,엔젤산업,,화장품,3,국내 상장 중국기업 | 엔젤산업 | 화장품,,legacy_theme,높음
900310,컬러레이,KOSDAQ,소비·유통·패션,화장품,국내 상장 중국기업,,,화장품,2,국내 상장 중국기업 | 화장품,,legacy_theme,높음
950140,잉글우드랩,KOSDAQ,소비·유통·패션,화장품,,,,화장품,1,화장품,,legacy_theme,높음
035080,그래디언트,KOSDAQ,여행·레저·운송,여행,소매유통,야놀자(Yanolja),건강기능식품,인터넷과카탈로그소매,4,건강기능식품 | 소매유통 | 야놀자(Yanolja) | 여행,,legacy_theme,높음
038390,레드캡투어,KOSDAQ,여행·레저·운송,여행,렌터카,,,도로와철도운송,2,렌터카 | 여행,,legacy_theme,높음
039310,세중,KOSDAQ,여행·레저·운송,여행,,,,소프트웨어,1,여행,,legacy_theme,높음
048550,SM C&C,KOSDAQ,여행·레저·운송,여행,광고,엔터테인먼트,영상콘텐츠,광고,4,광고 | 엔터테인먼트 | 여행 | 영상콘텐츠,,legacy_theme,높음
080160,모두투어,KOSDAQ,여행·레저·운송,여행,,,,"호텔,레스토랑,레저",2,여행 | 환율하락 수혜,환율하락 수혜,legacy_theme,높음
094850,참좋은여행,KOSDAQ,여행·레저·운송,여행,,,,"호텔,레스토랑,레저",1,여행,,legacy_theme,높음
104620,노랑풍선,KOSDAQ,여행·레저·운송,여행,,,,"호텔,레스토랑,레저",1,여행,,legacy_theme,높음
003100,선광,KOSDAQ,여행·레저·운송,종합 물류,,,,운송인프라,1,종합 물류,,legacy_theme,높음
032280,삼일,KOSDAQ,여행·레저·운송,종합 물류,,,,항공화물운송과물류,1,종합 물류,,legacy_theme,높음
124560,태웅로직스,KOSDAQ,여행·레저·운송,종합 물류,,,,해운사,2,밸류업(25년 기업가치 제고계획 발표) | 종합 물류,밸류업(25년 기업가치 제고계획 발표),legacy_theme,높음
052330,코텍,KOSDAQ,여행·레저·운송,카지노,,,,디스플레이패널,1,카지노,,legacy_theme,높음
006730,서부T&D,KOSDAQ,여행·레저·운송,호텔/리조트,부동산 보유 자산주,,,"호텔,레스토랑,레저",2,부동산 보유 자산주 | 호텔/리조트,,legacy_theme,높음
007720,소노스퀘어,KOSDAQ,여행·레저·운송,호텔/리조트,,,,판매업체,1,호텔/리조트,,legacy_theme,높음
025980,아난티,KOSDAQ,여행·레저·운송,호텔/리조트,골프,남북경협,,"호텔,레스토랑,레저",3,골프 | 남북경협 | 호텔/리조트,,legacy_theme,높음
035460,기산텔레콤,KOSDAQ,우주·방산·항공,드론(Drone),통신장비,5G(5세대 이동통신),방위산업/전쟁 및 테러,통신장비,5,5G(5세대 이동통신) | UAM(도심항공모빌리티) | 드론(Drone) | 방위산업/전쟁 및 테러 | 통신장비,,legacy_theme,높음
047080,한빛소프트,KOSDAQ,우주·방산·항공,드론(Drone),게임,모바일게임(스마트폰),딥페이크(deepfake),게임엔터테인먼트,6,가상현실(VR) | 게임 | 드론(Drone) | 딥페이크(deepfake) | 메타버스(Metaverse) | 모바일게임(스마트폰),,legacy_theme,높음
051380,피씨디렉트,KOSDAQ,우주·방산·항공,드론(Drone),,,,컴퓨터와주변기기,1,드론(Drone),,legacy_theme,높음
093640,케이알엠,KOSDAQ,우주·방산·항공,드론(Drone),시스템반도체,로봇(산업용/협동로봇 등),,반도체와반도체장비,3,드론(Drone) | 로봇(산업용/협동로봇 등) | 시스템반도체,,legacy_theme,높음
096630,에스코넥,KOSDAQ,우주·방산·항공,드론(Drone),수소에너지(수소차/연료전지 등),2차전지(소재/부품),방위산업/전쟁 및 테러,핸드셋,9,2차전지 | 2차전지(소재/부품) | 가상현실(VR) | 갤럭시 부품주 | 드론(Drone) | 메타버스(Metaverse) | 방위산업/전쟁 및 테러 | 수소에너지(수소차/연료전지 등) | 폴더블폰,,legacy_theme,높음
099320,쎄트렉아이,KOSDAQ,우주·방산·항공,드론(Drone),우주항공산업(누리호/인공위성 등),방위산업/전쟁 및 테러,,우주항공과국방,3,드론(Drone) | 방위산업/전쟁 및 테러 | 우주항공산업(누리호/인공위성 등),,legacy_theme,높음
177350,베셀,KOSDAQ,우주·방산·항공,드론(Drone),OLED(유기 발광 다이오드),UAM(도심항공모빌리티),,화학,3,OLED(유기 발광 다이오드) | UAM(도심항공모빌리티) | 드론(Drone),,legacy_theme,높음
187220,디티앤씨,KOSDAQ,우주·방산·항공,드론(Drone),원자력발전,,,전자장비와기기,2,드론(Drone) | 원자력발전,,legacy_theme,높음
204610,티쓰리,KOSDAQ,우주·방산·항공,드론(Drone),게임,모바일게임(스마트폰),,게임엔터테인먼트,3,게임 | 드론(Drone) | 모바일게임(스마트폰),,legacy_theme,높음
417030,니어스랩,KOSDAQ,우주·방산·항공,드론(Drone),풍력에너지,방위산업/전쟁 및 테러,,우주항공과국방,4,2026 하반기 신규상장 | 드론(Drone) | 방위산업/전쟁 및 테러 | 풍력에너지,2026 하반기 신규상장,legacy_theme,높음
424960,스마트레이더시스템,KOSDAQ,우주·방산·항공,드론(Drone),자율주행차,,,자동차부품,2,드론(Drone) | 자율주행차,,legacy_theme,높음
475580,에이럭스,KOSDAQ,우주·방산·항공,드론(Drone),교육/온라인 교육,,,교육서비스,2,교육/온라인 교육 | 드론(Drone),,legacy_theme,높음
024740,한일단조,KOSDAQ,우주·방산·항공,방위산업/전쟁 및 테러,전기차,자동차부품,,자동차부품,3,방위산업/전쟁 및 테러 | 자동차부품 | 전기차,,legacy_theme,높음
065450,빅텍,KOSDAQ,우주·방산·항공,방위산업/전쟁 및 테러,자전거,,,우주항공과국방,2,방위산업/전쟁 및 테러 | 자전거,,legacy_theme,높음
065950,웰크론,KOSDAQ,우주·방산·항공,방위산업/전쟁 및 테러,DMZ 평화공원,마스크,황사/미세먼지,건설,4,DMZ 평화공원 | 마스크 | 방위산업/전쟁 및 테러 | 황사/미세먼지,,legacy_theme,높음
274400,이노시뮬레이션,KOSDAQ,우주·방산·항공,방위산업/전쟁 및 테러,증강현실(AR),가상현실(VR),,소프트웨어,3,가상현실(VR) | 방위산업/전쟁 및 테러 | 증강현실(AR),,legacy_theme,높음
310870,디와이씨,KOSDAQ,우주·방산·항공,방위산업/전쟁 및 테러,자동차부품,,,자동차부품,2,방위산업/전쟁 및 테러 | 자동차부품,,legacy_theme,높음
448710,코츠테크놀로지,KOSDAQ,우주·방산·항공,방위산업/전쟁 및 테러,,,,우주항공과국방,1,방위산업/전쟁 및 테러,,legacy_theme,높음
474610,RF시스템즈,KOSDAQ,우주·방산·항공,방위산업/전쟁 및 테러,,,,우주항공과국방,1,방위산업/전쟁 및 테러,,legacy_theme,높음
484590,삼양컴텍,KOSDAQ,우주·방산·항공,방위산업/전쟁 및 테러,,,,우주항공과국방,1,방위산업/전쟁 및 테러,,legacy_theme,높음
209640,와이제이링크,KOSDAQ,우주·방산·항공,스페이스X(SpaceX),PCB(FPCB 등),,,전자장비와기기,2,PCB(FPCB 등) | 스페이스X(SpaceX),,legacy_theme,높음
078600,대주전자재료,KOSDAQ,우주·방산·항공,우주태양광(페로브스카이트 등),2차전지(전고체),태양광에너지,2차전지(소재/부품),전자장비와기기,6,2차전지 | 2차전지(소재/부품) | 2차전지(전고체) | MLCC(적층세라믹콘덴서) | 우주태양광(페로브스카이트 등) | 태양광에너지,,legacy_theme,높음
086390,유니테스트,KOSDAQ,우주·방산·항공,우주태양광(페로브스카이트 등),HBM(고대역폭메모리),태양광에너지,반도체 장비,반도체와반도체장비,4,HBM(고대역폭메모리) | 반도체 장비 | 우주태양광(페로브스카이트 등) | 태양광에너지,,legacy_theme,높음
171090,선익시스템,KOSDAQ,우주·방산·항공,우주태양광(페로브스카이트 등),OLED(유기 발광 다이오드),메타버스(Metaverse),,디스플레이장비및부품,3,OLED(유기 발광 다이오드) | 메타버스(Metaverse) | 우주태양광(페로브스카이트 등),,legacy_theme,높음
241770,메카로,KOSDAQ,우주·방산·항공,우주태양광(페로브스카이트 등),반도체 재료/부품,,,반도체와반도체장비,2,반도체 재료/부품 | 우주태양광(페로브스카이트 등),,legacy_theme,높음
255440,야스,KOSDAQ,우주·방산·항공,우주태양광(페로브스카이트 등),OLED(유기 발광 다이오드),,,디스플레이장비및부품,2,OLED(유기 발광 다이오드) | 우주태양광(페로브스카이트 등),,legacy_theme,높음
357550,석경에이티,KOSDAQ,우주·방산·항공,우주태양광(페로브스카이트 등),2차전지(전고체),,,화학,2,2차전지(전고체) | 우주태양광(페로브스카이트 등),,legacy_theme,높음
489500,엘케이켐,KOSDAQ,우주·방산·항공,우주태양광(페로브스카이트 등),반도체 재료/부품,,,반도체와반도체장비,2,반도체 재료/부품 | 우주태양광(페로브스카이트 등),,legacy_theme,높음
045100,한양이엔지,KOSDAQ,우주·방산·항공,우주항공산업(누리호/인공위성 등),원자력발전,반도체 장비,초전도체,반도체와반도체장비,4,반도체 장비 | 우주항공산업(누리호/인공위성 등) | 원자력발전 | 초전도체,,legacy_theme,높음
089980,상아프론테크,KOSDAQ,우주·방산·항공,우주항공산업(누리호/인공위성 등),전력저장장치(ESS),수소에너지(수소차/연료전지 등),2차전지(소재/부품),전자장비와기기,9,2차전지 | 2차전지(소재/부품) | OLED(유기 발광 다이오드) | PCB(FPCB 등) | 수소에너지(수소차/연료전지 등) | 우주항공산업(누리호/인공위성 등) | 전기차 | 전력저장장치(ESS) | 황사/미세먼지,,legacy_theme,높음
189300,인텔리안테크,KOSDAQ,우주·방산·항공,우주항공산업(누리호/인공위성 등),통신장비,,,통신장비,2,우주항공산업(누리호/인공위성 등) | 통신장비,,legacy_theme,높음
211270,AP위성,KOSDAQ,우주·방산·항공,우주항공산업(누리호/인공위성 등),통신장비,,,통신장비,2,우주항공산업(누리호/인공위성 등) | 통신장비,,legacy_theme,높음
272290,이녹스첨단소재,KOSDAQ,우주·방산·항공,우주항공산업(누리호/인공위성 등),반도체 재료/부품,OLED(유기 발광 다이오드),스페이스X(SpaceX),디스플레이장비및부품,11,OLED(유기 발광 다이오드) | PCB(FPCB 등) | 日 수출 규제(국산화 등) | 갤럭시 부품주 | 반도체 재료/부품 | 밸류업(24년 기업가치 제고계획 발표) | 스페이스X(SpaceX) | 아이폰 | 우주항공산업(누리호/인공위성 등) | 코리아 밸류업 지수(Korea Value-up Index) | 폴더블폰,밸류업(24년 기업가치 제고계획 발표) | 코리아 밸류업 지수(Korea Value-up Index),legacy_theme,높음
295310,에이치브이엠,KOSDAQ,우주·방산·항공,우주항공산업(누리호/인공위성 등),반도체 재료/부품,OLED(유기 발광 다이오드),스페이스X(SpaceX),비철금속,4,OLED(유기 발광 다이오드) | 반도체 재료/부품 | 스페이스X(SpaceX) | 우주항공산업(누리호/인공위성 등),,legacy_theme,높음
321370,센서뷰,KOSDAQ,우주·방산·항공,우주항공산업(누리호/인공위성 등),통신장비,5G(5세대 이동통신),방위산업/전쟁 및 테러,통신장비,5,5G(5세대 이동통신) | 방위산업/전쟁 및 테러 | 스페이스X(SpaceX) | 우주항공산업(누리호/인공위성 등) | 통신장비,,legacy_theme,높음
361390,제노코,KOSDAQ,우주·방산·항공,우주항공산업(누리호/인공위성 등),방위산업/전쟁 및 테러,,,우주항공과국방,2,방위산업/전쟁 및 테러 | 우주항공산업(누리호/인공위성 등),,legacy_theme,높음
451760,컨텍,KOSDAQ,우주·방산·항공,우주항공산업(누리호/인공위성 등),,,,우주항공과국방,1,우주항공산업(누리호/인공위성 등),,legacy_theme,높음
462350,이노스페이스,KOSDAQ,우주·방산·항공,우주항공산업(누리호/인공위성 등),,,,우주항공과국방,1,우주항공산업(누리호/인공위성 등),,legacy_theme,높음
478340,나라스페이스테크놀로지,KOSDAQ,우주·방산·항공,우주항공산업(누리호/인공위성 등),,,,우주항공과국방,1,우주항공산업(누리호/인공위성 등),,legacy_theme,높음
487400,케이앤에스아이앤씨,KOSDAQ,우주·방산·항공,우주항공산업(누리호/인공위성 등),통신장비,방위산업/전쟁 및 테러,,통신장비,4,2026 하반기 신규상장 | 방위산업/전쟁 및 테러 | 우주항공산업(누리호/인공위성 등) | 통신장비,2026 하반기 신규상장,legacy_theme,높음
033540,파라텍,KOSDAQ,우주·방산·항공,전후 재건(우크라/중동 전쟁 등),,,,기계,2,재난/안전(지진/화재 등) | 전후 재건(우크라/중동 전쟁 등),재난/안전(지진/화재 등),legacy_theme,높음
365330,에스와이스틸텍,KOSDAQ,우주·방산·항공,전후 재건(우크라/중동 전쟁 등),,,,건축자재,1,전후 재건(우크라/중동 전쟁 등),,legacy_theme,높음
046120,오르비텍,KOSDAQ,우주·방산·항공,항공기부품,원자력발전소 해체,원자력발전,,에너지장비및서비스,3,원자력발전 | 원자력발전소 해체 | 항공기부품,,legacy_theme,높음
067390,아스트,KOSDAQ,우주·방산·항공,항공기부품,,,,우주항공과국방,1,항공기부품,,legacy_theme,높음
095190,신화프리텍,KOSDAQ,우주·방산·항공,항공기부품,원자력발전,방위산업/전쟁 및 테러,,기계,3,방위산업/전쟁 및 테러 | 원자력발전 | 항공기부품,,legacy_theme,높음
215090,솔디펜스,KOSDAQ,우주·방산·항공,항공기부품,방위산업/전쟁 및 테러,,,우주항공과국방,2,방위산업/전쟁 및 테러 | 항공기부품,,legacy_theme,높음
221840,하이즈항공,KOSDAQ,우주·방산·항공,항공기부품,UAM(도심항공모빌리티),,,우주항공과국방,3,UAM(도심항공모빌리티) | 밸류업(25년 기업가치 제고계획 발표) | 항공기부품,밸류업(25년 기업가치 제고계획 발표),legacy_theme,높음
274090,켄코아에어로스페이스,KOSDAQ,우주·방산·항공,항공기부품,드론(Drone),우주항공산업(누리호/인공위성 등),방위산업/전쟁 및 테러,우주항공과국방,6,UAM(도심항공모빌리티) | 드론(Drone) | 방위산업/전쟁 및 테러 | 스페이스X(SpaceX) | 우주항공산업(누리호/인공위성 등) | 항공기부품,,legacy_theme,높음
288180,케이피항공산업,KOSDAQ,우주·방산·항공,항공기부품,우주항공산업(누리호/인공위성 등),방위산업/전쟁 및 테러,,우주항공과국방,4,2026 상반기 신규상장 | 방위산업/전쟁 및 테러 | 우주항공산업(누리호/인공위성 등) | 항공기부품,2026 상반기 신규상장,legacy_theme,높음
123840,뉴온,KOSDAQ,음식료·농업,건강기능식품,,,,건강관리업체및서비스,1,건강기능식품,,legacy_theme,높음
900340,윙입푸드,KOSDAQ,음식료·농업,국내 상장 중국기업,아프리카 돼지열병(ASF),,,식품,2,국내 상장 중국기업 | 아프리카 돼지열병(ASF),,legacy_theme,높음
008830,대동기어,KOSDAQ,음식료·농업,농업,로봇(산업용/협동로봇 등),자동차부품,전후 재건(우크라/중동 전쟁 등),기계,4,농업 | 로봇(산업용/협동로봇 등) | 자동차부품 | 전후 재건(우크라/중동 전쟁 등),,legacy_theme,높음
050860,아세아텍,KOSDAQ,음식료·농업,농업,,,,기계,1,농업,,legacy_theme,높음
054050,NH농우바이오,KOSDAQ,음식료·농업,농업,비료,,,생물공학,2,농업 | 비료,,legacy_theme,높음
097870,효성오앤비,KOSDAQ,음식료·농업,농업,비료,조림사업,,화학,3,농업 | 비료 | 조림사업,,legacy_theme,높음
101170,우림피티에스,KOSDAQ,음식료·농업,농업,풍력에너지,철도,피지컬 AI/휴머노이드 로봇,기계,6,농업 | 로봇(산업용/협동로봇 등) | 셰일가스(Shale Gas) | 철도 | 풍력에너지 | 피지컬 AI/휴머노이드 로봇,,legacy_theme,높음
114450,그린생명과학,KOSDAQ,음식료·농업,농업,제약업체,,,제약,2,농업 | 제약업체,,legacy_theme,높음
119500,포메탈,KOSDAQ,음식료·농업,농업,풍력에너지,로봇(산업용/협동로봇 등),방위산업/전쟁 및 테러,기계,5,농업 | 로봇(산업용/협동로봇 등) | 방위산업/전쟁 및 테러 | 자동차부품 | 풍력에너지,,legacy_theme,높음
154030,아시아종묘,KOSDAQ,음식료·농업,농업,,,,생물공학,1,농업,,legacy_theme,높음
186230,그린플러스,KOSDAQ,음식료·농업,농업,비철금속,,,건축자재,2,농업 | 비철금속,,legacy_theme,높음
332290,누보,KOSDAQ,음식료·농업,농업,비료,전후 재건(우크라/중동 전쟁 등),,화학,3,농업 | 비료 | 전후 재건(우크라/중동 전쟁 등),,legacy_theme,높음
352940,인바이오,KOSDAQ,음식료·농업,농업,,,,화학,1,농업,,legacy_theme,높음
403490,우듬지팜,KOSDAQ,음식료·농업,농업,음식료업종,,,식품,2,농업 | 음식료업종,,legacy_theme,높음
025880,케이씨피드,KOSDAQ,음식료·농업,마켓컬리(kurly),사료,,,식품,2,마켓컬리(kurly) | 사료,,legacy_theme,높음
003380,하림지주,KOSDAQ,음식료·농업,부동산 보유 자산주,지주사,,,식품,2,부동산 보유 자산주 | 지주사,,legacy_theme,높음
003310,대주산업,KOSDAQ,음식료·농업,사료,,,,식품,1,사료,,legacy_theme,높음
005860,한일사료,KOSDAQ,음식료·농업,사료,아프리카 돼지열병(ASF),,,식품,3,구제역/광우병 수혜 | 사료 | 아프리카 돼지열병(ASF),구제역/광우병 수혜,legacy_theme,높음
179530,애드바이오텍,KOSDAQ,음식료·농업,사료,,,,제약,1,사료,,legacy_theme,높음
353810,이지바이오,KOSDAQ,음식료·농업,사료,아프리카 돼지열병(ASF),,,식품,2,사료 | 아프리카 돼지열병(ASF),,legacy_theme,높음
368970,오에스피,KOSDAQ,음식료·농업,사료,,,,식품,1,사료,,legacy_theme,높음
025870,신라에스지,KOSDAQ,음식료·농업,수산,아프리카 돼지열병(ASF),,,식품,3,구제역/광우병 수혜 | 수산 | 아프리카 돼지열병(ASF),구제역/광우병 수혜,legacy_theme,높음
073560,우리손에프앤지,KOSDAQ,음식료·농업,아프리카 돼지열병(ASF),,,,식품,1,아프리카 돼지열병(ASF),,legacy_theme,높음
016790,현대사료,KOSDAQ,음식료·농업,업종:식품,,,,식품,0,,,industry_fallback,중간
140410,메지온,KOSDAQ,음식료·농업,업종:식품,,,,식품,0,,,industry_fallback,중간
004590,한국가구,KOSDAQ,음식료·농업,업종:식품과기본식료품소매,,,,식품과기본식료품소매,0,,,industry_fallback,중간
027710,팜스토리,KOSDAQ,음식료·농업,육계,사료,여름,아프리카 돼지열병(ASF),식품,6,"구제역/광우병 수혜 | 사료 | 스포츠행사 수혜(올림픽, 월드컵 등) | 아프리카 돼지열병(ASF) | 여름 | 육계","구제역/광우병 수혜 | 스포츠행사 수혜(올림픽, 월드컵 등)",legacy_theme,높음
035810,이지홀딩스,KOSDAQ,음식료·농업,육계,사료,여름,아프리카 돼지열병(ASF),식품,7,"구제역/광우병 수혜 | 사료 | 스포츠행사 수혜(올림픽, 월드컵 등) | 아프리카 돼지열병(ASF) | 여름 | 육계 | 지주사","구제역/광우병 수혜 | 스포츠행사 수혜(올림픽, 월드컵 등)",legacy_theme,높음
066360,체리부로,KOSDAQ,음식료·농업,육계,,,,식품,1,육계,,legacy_theme,높음
088910,동우팜투테이블,KOSDAQ,음식료·농업,육계,여름,아프리카 돼지열병(ASF),,식품,5,"구제역/광우병 수혜 | 스포츠행사 수혜(올림픽, 월드컵 등) | 아프리카 돼지열병(ASF) | 여름 | 육계","구제역/광우병 수혜 | 스포츠행사 수혜(올림픽, 월드컵 등)",legacy_theme,높음
136480,하림,KOSDAQ,음식료·농업,육계,여름,아프리카 돼지열병(ASF),,식품,5,"구제역/광우병 수혜 | 스포츠행사 수혜(올림픽, 월드컵 등) | 아프리카 돼지열병(ASF) | 여름 | 육계","구제역/광우병 수혜 | 스포츠행사 수혜(올림픽, 월드컵 등)",legacy_theme,높음
002680,한탑,KOSDAQ,음식료·농업,음식료업종,사료,,,식품,3,사료 | 음식료업종 | 환율하락 수혜,환율하락 수혜,legacy_theme,높음
005670,푸드웰,KOSDAQ,음식료·농업,음식료업종,,,,식품,1,음식료업종,,legacy_theme,높음
009780,엠에스씨,KOSDAQ,음식료·농업,음식료업종,,,,식품,1,음식료업종,,legacy_theme,높음
051500,CJ프레시웨이,KOSDAQ,음식료·농업,음식료업종,,,,식품과기본식료품소매,1,음식료업종,,legacy_theme,높음
065150,대산F&B,KOSDAQ,음식료·농업,음식료업종,,,,식품,2,"스포츠행사 수혜(올림픽, 월드컵 등) | 음식료업종","스포츠행사 수혜(올림픽, 월드컵 등)",legacy_theme,높음
103840,우양,KOSDAQ,음식료·농업,음식료업종,김밥(냉동김밥 등),마켓컬리(kurly),,식품,3,김밥(냉동김밥 등) | 마켓컬리(kurly) | 음식료업종,,legacy_theme,높음
188040,바이오포트,KOSDAQ,음식료·농업,음식료업종,,,,식품,1,음식료업종,,legacy_theme,높음
189980,흥국에프엔비,KOSDAQ,음식료·농업,음식료업종,마켓컬리(kurly),쿠팡(coupang),,음료,3,마켓컬리(kurly) | 음식료업종 | 쿠팡(coupang),,legacy_theme,높음
194700,노바렉스,KOSDAQ,음식료·농업,음식료업종,건강기능식품,,,건강관리업체및서비스,2,건강기능식품 | 음식료업종,,legacy_theme,높음
195500,마니커에프앤지,KOSDAQ,음식료·농업,음식료업종,육계,,,식품,2,육계 | 음식료업종,,legacy_theme,높음
208140,정다운,KOSDAQ,음식료·농업,음식료업종,아프리카 돼지열병(ASF),,,식품,3,구제역/광우병 수혜 | 아프리카 돼지열병(ASF) | 음식료업종,구제역/광우병 수혜,legacy_theme,높음
218150,미래생명자원,KOSDAQ,음식료·농업,음식료업종,콩/대두,사료,쿠팡(coupang),식품,5,사료 | 아프리카 돼지열병(ASF) | 음식료업종 | 콩/대두 | 쿠팡(coupang),,legacy_theme,높음
222040,코스맥스엔비티,KOSDAQ,음식료·농업,음식료업종,건강기능식품,,,건강관리업체및서비스,2,건강기능식품 | 음식료업종,,legacy_theme,높음
222980,한국맥널티,KOSDAQ,음식료·농업,음식료업종,,,,식품,1,음식료업종,,legacy_theme,높음
238200,비피도,KOSDAQ,음식료·농업,음식료업종,마이크로바이옴,건강기능식품,,건강관리업체및서비스,3,건강기능식품 | 마이크로바이옴 | 음식료업종,,legacy_theme,높음
239610,에이치엘사이언스,KOSDAQ,음식료·농업,음식료업종,마이크로바이옴,건강기능식품,,건강관리업체및서비스,3,건강기능식품 | 마이크로바이옴 | 음식료업종,,legacy_theme,높음
250000,보라티알,KOSDAQ,음식료·농업,음식료업종,,,,식품과기본식료품소매,2,日제품 불매운동(수혜) | 음식료업종,日제품 불매운동(수혜),legacy_theme,높음
260970,에스앤디,KOSDAQ,음식료·농업,음식료업종,건강기능식품,,,식품,2,건강기능식품 | 음식료업종,,legacy_theme,높음
267980,매일유업,KOSDAQ,음식료·농업,음식료업종,엔젤산업,,,식품,3,엔젤산업 | 음식료업종 | 출산장려정책,출산장려정책,legacy_theme,높음
270870,뉴트리,KOSDAQ,음식료·농업,음식료업종,건강기능식품,,,건강관리업체및서비스,2,건강기능식품 | 음식료업종,,legacy_theme,높음
276730,한울앤제주,KOSDAQ,음식료·농업,음식료업종,김밥(냉동김밥 등),"주류업(주정, 에탄올 등)",여름,음료,4,"김밥(냉동김밥 등) | 여름 | 음식료업종 | 주류업(주정, 에탄올 등)",,legacy_theme,높음
277410,인산가,KOSDAQ,음식료·농업,음식료업종,탈모 치료,,,식품,2,음식료업종 | 탈모 치료,,legacy_theme,높음
290720,푸드나무,KOSDAQ,음식료·농업,음식료업종,육계,,,식품,2,육계 | 음식료업종,,legacy_theme,높음
311390,네오크레마,KOSDAQ,음식료·농업,음식료업종,,,,식품,1,음식료업종,,legacy_theme,높음
318010,팜스빌,KOSDAQ,음식료·농업,음식료업종,건강기능식품,,,건강관리업체및서비스,2,건강기능식품 | 음식료업종,,legacy_theme,높음
353190,휴럼,KOSDAQ,음식료·농업,음식료업종,건강기능식품,,,건강관리업체및서비스,2,건강기능식품 | 음식료업종,,legacy_theme,높음
357230,에이치피오,KOSDAQ,음식료·농업,음식료업종,건강기능식품,,,건강관리업체및서비스,2,건강기능식품 | 음식료업종,,legacy_theme,높음
435570,에르코스,KOSDAQ,음식료·농업,음식료업종,엔젤산업,건강기능식품,,식품,4,건강기능식품 | 엔젤산업 | 음식료업종 | 출산장려정책,출산장려정책,legacy_theme,높음
475460,미트박스,KOSDAQ,음식료·농업,음식료업종,,,,인터넷과카탈로그소매,1,음식료업종,,legacy_theme,높음
004650,창해에탄올,KOSDAQ,음식료·농업,"주류업(주정, 에탄올 등)",,,,음료,1,"주류업(주정, 에탄올 등)",,legacy_theme,높음
017890,한국알콜,KOSDAQ,음식료·농업,"주류업(주정, 에탄올 등)",,,,화학,2,"밸류업(25년 기업가치 제고계획 발표) | 주류업(주정, 에탄올 등)",밸류업(25년 기업가치 제고계획 발표),legacy_theme,높음
018120,진로발효,KOSDAQ,음식료·농업,"주류업(주정, 에탄올 등)",,,,음료,1,"주류업(주정, 에탄올 등)",,legacy_theme,높음
405920,나라셀라,KOSDAQ,음식료·농업,"주류업(주정, 에탄올 등)",,,,음료,1,"주류업(주정, 에탄올 등)",,legacy_theme,높음
005990,매일홀딩스,KOSDAQ,음식료·농업,지주사,,,,식품,1,지주사,,legacy_theme,높음
241840,에이스토리,KOSDAQ,인터넷·SW·클라우드,NFT(대체불가토큰),영상콘텐츠,,,방송과엔터테인먼트,2,NFT(대체불가토큰) | 영상콘텐츠,,legacy_theme,높음
418620,E8,KOSDAQ,인터넷·SW·클라우드,가상현실(VR),,,,소프트웨어,1,가상현실(VR),,legacy_theme,높음
049470,비트플래닛,KOSDAQ,인터넷·SW·클라우드,가상화폐(비트코인 등),클라우드 컴퓨팅,보안주(정보),교육/온라인 교육,소프트웨어,5,SI(시스템통합) | 가상화폐(비트코인 등) | 교육/온라인 교육 | 보안주(정보) | 클라우드 컴퓨팅,,legacy_theme,높음
184230,SGA솔루션즈,KOSDAQ,인터넷·SW·클라우드,가상화폐(비트코인 등),핀테크(FinTech),클라우드 컴퓨팅,보안주(정보),소프트웨어,6,SI(시스템통합) | 가상화폐(비트코인 등) | 보안주(정보) | 블록체인 | 클라우드 컴퓨팅 | 핀테크(FinTech),,legacy_theme,높음
290560,파라택시스이더리움,KOSDAQ,인터넷·SW·클라우드,가상화폐(비트코인 등),보안주(정보),,,소프트웨어,2,가상화폐(비트코인 등) | 보안주(정보),,legacy_theme,높음
340810,시선AI,KOSDAQ,인터넷·SW·클라우드,보안주(물리),바이오인식(생체인식),의료AI,지능형로봇/인공지능(AI),소프트웨어,5,딥페이크(deepfake) | 바이오인식(생체인식) | 보안주(물리) | 의료AI | 지능형로봇/인공지능(AI),,legacy_theme,높음
446840,지슨,KOSDAQ,인터넷·SW·클라우드,보안주(물리),,,,소프트웨어,1,보안주(물리),,legacy_theme,높음
050960,수산아이앤티,KOSDAQ,인터넷·SW·클라우드,보안주(정보),,,,소프트웨어,1,보안주(정보),,legacy_theme,높음
075130,플랜티넷,KOSDAQ,인터넷·SW·클라우드,보안주(정보),딥페이크(deepfake),창투사,모바일콘텐츠(스마트폰/태블릿PC),소프트웨어,4,딥페이크(deepfake) | 모바일콘텐츠(스마트폰/태블릿PC) | 보안주(정보) | 창투사,,legacy_theme,높음
136540,윈스테크넷,KOSDAQ,인터넷·SW·클라우드,보안주(정보),키오스크(KIOSK),,,소프트웨어,2,보안주(정보) | 키오스크(KIOSK),,legacy_theme,높음
150900,파수AI,KOSDAQ,인터넷·SW·클라우드,보안주(정보),마이데이터,딥페이크(deepfake),재택근무/스마트워크,소프트웨어,6,딥페이크(deepfake) | 마이데이터 | 밸류업(25년 기업가치 제고계획 발표) | 보안주(정보) | 블록체인 | 재택근무/스마트워크,밸류업(25년 기업가치 제고계획 발표),legacy_theme,높음
197140,디지캡,KOSDAQ,인터넷·SW·클라우드,보안주(정보),딥페이크(deepfake),,,소프트웨어,2,딥페이크(deepfake) | 보안주(정보),,legacy_theme,높음
208350,지란지교시큐리티,KOSDAQ,인터넷·SW·클라우드,보안주(정보),,,,소프트웨어,1,보안주(정보),,legacy_theme,높음
258790,소프트캠프,KOSDAQ,인터넷·SW·클라우드,보안주(정보),재택근무/스마트워크,,,소프트웨어,2,보안주(정보) | 재택근무/스마트워크,,legacy_theme,높음
263860,지니언스,KOSDAQ,인터넷·SW·클라우드,보안주(정보),,,,소프트웨어,1,보안주(정보),,legacy_theme,높음
275630,에스에스알,KOSDAQ,인터넷·SW·클라우드,보안주(정보),,,,소프트웨어,1,보안주(정보),,legacy_theme,높음
291810,핀텔,KOSDAQ,인터넷·SW·클라우드,보안주(정보),지능형로봇/인공지능(AI),,,소프트웨어,2,보안주(정보) | 지능형로봇/인공지능(AI),,legacy_theme,높음
411080,샌즈랩,KOSDAQ,인터넷·SW·클라우드,보안주(정보),딥페이크(deepfake),,,소프트웨어,2,딥페이크(deepfake) | 보안주(정보),,legacy_theme,높음
430690,한싹,KOSDAQ,인터넷·SW·클라우드,보안주(정보),,,,소프트웨어,1,보안주(정보),,legacy_theme,높음
434480,모니터랩,KOSDAQ,인터넷·SW·클라우드,보안주(정보),,,,소프트웨어,1,보안주(정보),,legacy_theme,높음
039420,케이엘넷,KOSDAQ,인터넷·SW·클라우드,블록체인,SI(시스템통합),,,IT서비스,2,SI(시스템통합) | 블록체인,,legacy_theme,높음
079970,투비소프트,KOSDAQ,인터넷·SW·클라우드,업종:소프트웨어,,,,소프트웨어,0,,,industry_fallback,중간
276040,스코넥,KOSDAQ,인터넷·SW·클라우드,업종:소프트웨어,,,,소프트웨어,0,,,industry_fallback,중간
296640,이노에이엑스,KOSDAQ,인터넷·SW·클라우드,업종:소프트웨어,,,,소프트웨어,0,,,industry_fallback,중간
418250,시큐레터,KOSDAQ,인터넷·SW·클라우드,업종:소프트웨어,,,,소프트웨어,0,,,industry_fallback,중간
035600,KG이니시스,KOSDAQ,인터넷·SW·클라우드,인터넷은행,핀테크(FinTech),애플페이,전자결제(전자화폐),IT서비스,7,밸류업(24년 기업가치 제고계획 발표) | 삼성페이 | 스테이블코인 | 애플페이 | 인터넷은행 | 전자결제(전자화폐) | 핀테크(FinTech),밸류업(24년 기업가치 제고계획 발표),legacy_theme,높음
039290,인포뱅크,KOSDAQ,인터넷·SW·클라우드,인터넷은행,AI 챗봇(챗GPT 등),핀테크(FinTech),자율주행차,IT서비스,10,AI 챗봇(챗GPT 등) | SNS(소셜네트워크서비스) | 모바일솔루션(스마트폰) | 모바일콘텐츠(스마트폰/태블릿PC) | 스마트카(SMART CAR) | 인터넷은행 | 자율주행차 | 전자결제(전자화폐) | 카카오뱅크(kakao BANK) | 핀테크(FinTech),,legacy_theme,높음
041460,한국전자인증,KOSDAQ,인터넷·SW·클라우드,인터넷은행,핀테크(FinTech),보안주(정보),지능형로봇/인공지능(AI),IT서비스,6,보안주(정보) | 블록체인 | 인터넷은행 | 지능형로봇/인공지능(AI) | 토스(toss) | 핀테크(FinTech),,legacy_theme,높음
052400,코나아이,KOSDAQ,인터넷·SW·클라우드,인터넷은행,핀테크(FinTech),지역화폐,삼성페이,IT서비스,4,삼성페이 | 인터넷은행 | 지역화폐 | 핀테크(FinTech),,legacy_theme,높음
053280,예스24,KOSDAQ,인터넷·SW·클라우드,인터넷은행,카카오뱅크(kakao BANK),,,인터넷과카탈로그소매,2,인터넷은행 | 카카오뱅크(kakao BANK),,legacy_theme,높음
053350,이니텍,KOSDAQ,인터넷·SW·클라우드,인터넷은행,핀테크(FinTech),보안주(정보),카카오뱅크(kakao BANK),소프트웨어,5,보안주(정보) | 블록체인 | 인터넷은행 | 카카오뱅크(kakao BANK) | 핀테크(FinTech),,legacy_theme,높음
064480,브리지텍,KOSDAQ,인터넷·SW·클라우드,인터넷은행,AI 챗봇(챗GPT 등),핀테크(FinTech),음성인식,IT서비스,4,AI 챗봇(챗GPT 등) | 음성인식 | 인터넷은행 | 핀테크(FinTech),,legacy_theme,높음
067920,이글루,KOSDAQ,인터넷·SW·클라우드,인터넷은행,핀테크(FinTech),보안주(정보),,IT서비스,3,보안주(정보) | 인터넷은행 | 핀테크(FinTech),,legacy_theme,높음
100030,인지소프트,KOSDAQ,인터넷·SW·클라우드,인터넷은행,모바일솔루션(스마트폰),,,소프트웨어,2,모바일솔루션(스마트폰) | 인터넷은행,,legacy_theme,높음
115310,인포바인,KOSDAQ,인터넷·SW·클라우드,인터넷은행,전자결제(전자화폐),삼성페이,,IT서비스,3,삼성페이 | 인터넷은행 | 전자결제(전자화폐),,legacy_theme,높음
131370,알서포트,KOSDAQ,인터넷·SW·클라우드,인터넷은행,카카오뱅크(kakao BANK),재택근무/스마트워크,원격진료/비대면진료(U-Healthcare),소프트웨어,4,원격진료/비대면진료(U-Healthcare) | 인터넷은행 | 재택근무/스마트워크 | 카카오뱅크(kakao BANK),,legacy_theme,높음
205100,엑셈,KOSDAQ,인터넷·SW·클라우드,인터넷은행,AI 챗봇(챗GPT 등),클라우드 컴퓨팅,지능형로봇/인공지능(AI),소프트웨어,5,AI 챗봇(챗GPT 등) | 인터넷은행 | 지능형로봇/인공지능(AI) | 카카오뱅크(kakao BANK) | 클라우드 컴퓨팅,,legacy_theme,높음
042000,카페24,KOSDAQ,인터넷·SW·클라우드,전자결제(전자화폐),모바일솔루션(스마트폰),,,IT서비스,2,모바일솔루션(스마트폰) | 전자결제(전자화폐),,legacy_theme,높음
016670,디모아,KOSDAQ,인터넷·SW·클라우드,증강현실(AR),,,,소프트웨어,1,증강현실(AR),,legacy_theme,높음
438700,버넥트,KOSDAQ,인터넷·SW·클라우드,증강현실(AR),메타버스(Metaverse),,,소프트웨어,2,메타버스(Metaverse) | 증강현실(AR),,legacy_theme,높음
010280,아이티센엔텍,KOSDAQ,인터넷·SW·클라우드,클라우드 컴퓨팅,방위산업/전쟁 및 테러,SI(시스템통합),,IT서비스,3,SI(시스템통합) | 방위산업/전쟁 및 테러 | 클라우드 컴퓨팅,,legacy_theme,높음
053800,안랩,KOSDAQ,인터넷·SW·클라우드,클라우드 컴퓨팅,보안주(정보),,,소프트웨어,2,보안주(정보) | 클라우드 컴퓨팅,,legacy_theme,높음
058970,엠로,KOSDAQ,인터넷·SW·클라우드,클라우드 컴퓨팅,지능형로봇/인공지능(AI),모바일솔루션(스마트폰),,소프트웨어,3,모바일솔루션(스마트폰) | 지능형로봇/인공지능(AI) | 클라우드 컴퓨팅,,legacy_theme,높음
064800,포니링크,KOSDAQ,인터넷·SW·클라우드,클라우드 컴퓨팅,자율주행차,SNS(소셜네트워크서비스),증강현실(AR),전문소매,6,SNS(소셜네트워크서비스) | 모바일솔루션(스마트폰) | 자율주행차 | 증강현실(AR) | 클라우드 컴퓨팅 | 패션/의류,,legacy_theme,높음
069410,엔텔스,KOSDAQ,인터넷·SW·클라우드,클라우드 컴퓨팅,5G(5세대 이동통신),,,IT서비스,2,5G(5세대 이동통신) | 클라우드 컴퓨팅,,legacy_theme,높음
093320,케이아이엔엑스,KOSDAQ,인터넷·SW·클라우드,클라우드 컴퓨팅,,,,IT서비스,1,클라우드 컴퓨팅,,legacy_theme,높음
170790,파이오링크,KOSDAQ,인터넷·SW·클라우드,클라우드 컴퓨팅,통신장비,보안주(정보),마이데이터,통신장비,4,마이데이터 | 보안주(정보) | 클라우드 컴퓨팅 | 통신장비,,legacy_theme,높음
189690,포시에스,KOSDAQ,인터넷·SW·클라우드,클라우드 컴퓨팅,재택근무/스마트워크,모바일콘텐츠(스마트폰/태블릿PC),,소프트웨어,3,모바일콘텐츠(스마트폰/태블릿PC) | 재택근무/스마트워크 | 클라우드 컴퓨팅,,legacy_theme,높음
192250,케이사인,KOSDAQ,인터넷·SW·클라우드,클라우드 컴퓨팅,보안주(정보),블록체인,삼성페이,소프트웨어,4,보안주(정보) | 블록체인 | 삼성페이 | 클라우드 컴퓨팅,,legacy_theme,높음
220180,폴라리스AI핸디,KOSDAQ,인터넷·SW·클라우드,클라우드 컴퓨팅,,,,소프트웨어,1,클라우드 컴퓨팅,,legacy_theme,높음
242040,나무에이엑스,KOSDAQ,인터넷·SW·클라우드,클라우드 컴퓨팅,5G(5세대 이동통신),SI(시스템통합),,IT서비스,3,5G(5세대 이동통신) | SI(시스템통합) | 클라우드 컴퓨팅,,legacy_theme,높음
290270,휴네시온,KOSDAQ,인터넷·SW·클라우드,클라우드 컴퓨팅,보안주(정보),재택근무/스마트워크,,소프트웨어,3,보안주(정보) | 재택근무/스마트워크 | 클라우드 컴퓨팅,,legacy_theme,높음
307870,비투엔,KOSDAQ,인터넷·SW·클라우드,클라우드 컴퓨팅,,,,IT서비스,1,클라우드 컴퓨팅,,legacy_theme,높음
328380,솔트웨어,KOSDAQ,인터넷·SW·클라우드,클라우드 컴퓨팅,,,,IT서비스,2,밸류업(25년 기업가치 제고계획 발표) | 클라우드 컴퓨팅,밸류업(25년 기업가치 제고계획 발표),legacy_theme,높음
052710,아모텍,KOSDAQ,인터넷·SW·클라우드,핀테크(FinTech),MLCC(적층세라믹콘덴서),전자파,초전도체,핸드셋,7,MLCC(적층세라믹콘덴서) | 갤럭시 부품주 | 삼성페이 | 스마트폰 | 전자파 | 초전도체 | 핀테크(FinTech),,legacy_theme,높음
053580,웹케시,KOSDAQ,인터넷·SW·클라우드,핀테크(FinTech),지역화폐,,,소프트웨어,2,지역화폐 | 핀테크(FinTech),,legacy_theme,높음
060250,NHN KCP,KOSDAQ,인터넷·SW·클라우드,핀테크(FinTech),애플페이,전자결제(전자화폐),스테이블코인,IT서비스,5,삼성페이 | 스테이블코인 | 애플페이 | 전자결제(전자화폐) | 핀테크(FinTech),,legacy_theme,높음
079940,가비아,KOSDAQ,인터넷·SW·클라우드,핀테크(FinTech),클라우드 컴퓨팅,보안주(정보),SNS(소셜네트워크서비스),IT서비스,4,SNS(소셜네트워크서비스) | 보안주(정보) | 클라우드 컴퓨팅 | 핀테크(FinTech),,legacy_theme,높음
081580,성우전자,KOSDAQ,인터넷·SW·클라우드,핀테크(FinTech),유심(USIM),전자파,카메라모듈/부품,핸드셋,5,스마트폰 | 유심(USIM) | 전자파 | 카메라모듈/부품 | 핀테크(FinTech),,legacy_theme,높음
214180,헥토이노베이션,KOSDAQ,인터넷·SW·클라우드,핀테크(FinTech),보안주(정보),마이데이터,스테이블코인,IT서비스,5,마이데이터 | 모바일콘텐츠(스마트폰/태블릿PC) | 보안주(정보) | 스테이블코인 | 핀테크(FinTech),,legacy_theme,높음
408470,한패스,KOSDAQ,인터넷·SW·클라우드,핀테크(FinTech),,,,IT서비스,2,2026 상반기 신규상장 | 핀테크(FinTech),2026 상반기 신규상장,legacy_theme,높음
331740,아우토크립트,KOSDAQ,자동차·부품,보안주(정보),자율주행차,,,자동차부품,2,보안주(정보) | 자율주행차,,legacy_theme,높음
067990,도이치모터스,KOSDAQ,자동차·부품,업종:자동차,,,,자동차,0,,,industry_fallback,중간
151860,KG에코솔루션,KOSDAQ,자동차·부품,업종:자동차,,,,자동차,0,,,industry_fallback,중간
021650,한국큐빅,KOSDAQ,자동차·부품,업종:자동차부품,,,,자동차부품,0,,,industry_fallback,중간
046070,코다코,KOSDAQ,자동차·부품,업종:자동차부품,,,,자동차부품,0,,,industry_fallback,중간
087260,모바일어플라이언스,KOSDAQ,자동차·부품,업종:자동차부품,,,,자동차부품,0,,,industry_fallback,중간
312610,에이에프더블류,KOSDAQ,자동차·부품,업종:자동차부품,,,,자동차부품,0,,,industry_fallback,중간
353590,오토앤,KOSDAQ,자동차·부품,업종:자동차부품,,,,자동차부품,0,,,industry_fallback,중간
005710,대원산업,KOSDAQ,자동차·부품,자동차부품,,,,자동차부품,1,자동차부품,,legacy_theme,높음
007530,와이엠,KOSDAQ,자동차·부품,자동차부품,,,,자동차부품,1,자동차부품,,legacy_theme,높음
013720,청보,KOSDAQ,자동차·부품,자동차부품,,,,자동차부품,1,자동차부품,,legacy_theme,높음
024120,KB오토시스,KOSDAQ,자동차·부품,자동차부품,,,,자동차부품,1,자동차부품,,legacy_theme,높음
024830,세원물산,KOSDAQ,자동차·부품,자동차부품,,,,자동차부품,1,자동차부품,,legacy_theme,높음
031510,오스템,KOSDAQ,자동차·부품,자동차부품,,,,자동차부품,1,자동차부품,,legacy_theme,높음
043370,피에이치에이,KOSDAQ,자동차·부품,자동차부품,리비안(RIVIAN),,,자동차부품,2,리비안(RIVIAN) | 자동차부품,,legacy_theme,높음
048430,유라테크,KOSDAQ,자동차·부품,자동차부품,,,,자동차부품,1,자동차부품,,legacy_theme,높음
053060,세동,KOSDAQ,자동차·부품,자동차부품,,,,자동차부품,1,자동차부품,,legacy_theme,높음
053270,구영테크,KOSDAQ,자동차·부품,자동차부품,,,,자동차부품,1,자동차부품,,legacy_theme,높음
065500,오리엔트정공,KOSDAQ,자동차·부품,자동차부품,그래핀,,,자동차부품,2,그래핀 | 자동차부품,,legacy_theme,높음
067570,엔브이에이치코리아,KOSDAQ,자동차·부품,자동차부품,,,,자동차부품,2,자동차부품 | 코로나19(음압병실/음압구급차),코로나19(음압병실/음압구급차),legacy_theme,높음
069510,에스텍,KOSDAQ,자동차·부품,자동차부품,,,,전자장비와기기,1,자동차부품,,legacy_theme,높음
071850,캐스텍코리아,KOSDAQ,자동차·부품,자동차부품,,,,자동차부품,1,자동차부품,,legacy_theme,높음
078590,휴림에이텍,KOSDAQ,자동차·부품,자동차부품,,,,자동차부품,1,자동차부품,,legacy_theme,높음
088290,이원컴포텍,KOSDAQ,자동차·부품,자동차부품,,,,자동차부품,1,자동차부품,,legacy_theme,높음
093380,풍강,KOSDAQ,자동차·부품,자동차부품,,,,자동차부품,1,자동차부품,,legacy_theme,높음
097780,에코볼트,KOSDAQ,자동차·부품,자동차부품,,,,자동차부품,1,자동차부품,,legacy_theme,높음
101330,모베이스,KOSDAQ,자동차·부품,자동차부품,갤럭시 부품주,스마트폰,,자동차부품,3,갤럭시 부품주 | 스마트폰 | 자동차부품,,legacy_theme,높음
105330,케이엔더블유,KOSDAQ,자동차·부품,자동차부품,,,,반도체와반도체장비,1,자동차부품,,legacy_theme,높음
113810,디젠스,KOSDAQ,자동차·부품,자동차부품,,,,자동차부품,1,자동차부품,,legacy_theme,높음
122690,서진오토모티브,KOSDAQ,자동차·부품,자동차부품,,,,자동차부품,1,자동차부품,,legacy_theme,높음
126600,BGF에코머티리얼즈,KOSDAQ,자동차·부품,자동차부품,,,,화학,1,자동차부품,,legacy_theme,높음
126640,화신정공,KOSDAQ,자동차·부품,자동차부품,,,,자동차부품,1,자동차부품,,legacy_theme,높음
128540,에코캡,KOSDAQ,자동차·부품,자동차부품,리비안(RIVIAN),,,자동차부품,2,리비안(RIVIAN) | 자동차부품,,legacy_theme,높음
130500,GH신소재,KOSDAQ,자동차·부품,자동차부품,,,,자동차부품,2,자동차부품 | 코로나19(음압병실/음압구급차),코로나19(음압병실/음압구급차),legacy_theme,높음
191410,육일씨엔에쓰,KOSDAQ,자동차·부품,자동차부품,스마트폰,,,디스플레이패널,2,스마트폰 | 자동차부품,,legacy_theme,높음
196700,웹스,KOSDAQ,자동차·부품,자동차부품,DMZ 평화공원,,,화학,2,DMZ 평화공원 | 자동차부품,,legacy_theme,높음
198080,캐프,KOSDAQ,자동차·부품,자동차부품,스마트폰,,,핸드셋,2,스마트폰 | 자동차부품,,legacy_theme,높음
263600,덕우전자,KOSDAQ,자동차·부품,자동차부품,아이폰,카메라모듈/부품,,핸드셋,3,아이폰 | 자동차부품 | 카메라모듈/부품,,legacy_theme,높음
290120,DH오토리드,KOSDAQ,자동차·부품,자동차부품,,,,자동차부품,1,자동차부품,,legacy_theme,높음
025440,DH오토웨어,KOSDAQ,자동차·부품,자율주행차,자동차부품,,,자동차부품,2,자동차부품 | 자율주행차,,legacy_theme,높음
038950,파인디지털,KOSDAQ,자동차·부품,자율주행차,음성인식,,,전자제품,2,음성인식 | 자율주행차,,legacy_theme,높음
050110,캠시스,KOSDAQ,자동차·부품,자율주행차,카메라모듈/부품,갤럭시 부품주,스마트폰,핸드셋,4,갤럭시 부품주 | 스마트폰 | 자율주행차 | 카메라모듈/부품,,legacy_theme,높음
053450,세코닉스,KOSDAQ,자동차·부품,자율주행차,스마트카(SMART CAR),증강현실(AR),카메라모듈/부품,전자장비와기기,6,가상현실(VR) | 갤럭시 부품주 | 스마트카(SMART CAR) | 자율주행차 | 증강현실(AR) | 카메라모듈/부품,,legacy_theme,높음
053700,삼보모터스,KOSDAQ,자동차·부품,자율주행차,수소에너지(수소차/연료전지 등),전기차,자동차부품,자동차부품,4,수소에너지(수소차/연료전지 등) | 자동차부품 | 자율주행차 | 전기차,,legacy_theme,높음
071670,에이테크솔루션,KOSDAQ,자동차·부품,자율주행차,,,,기계,1,자율주행차,,legacy_theme,높음
082210,옵트론텍,KOSDAQ,자동차·부품,자율주행차,카메라모듈/부품,갤럭시 부품주,,전자장비와기기,3,갤럭시 부품주 | 자율주행차 | 카메라모듈/부품,,legacy_theme,높음
084730,팅크웨어,KOSDAQ,자동차·부품,자율주행차,증강현실(AR),,,전자제품,2,자율주행차 | 증강현실(AR),,legacy_theme,높음
123410,코리아에프티,KOSDAQ,자동차·부품,자율주행차,자동차부품,,,자동차부품,2,자동차부품 | 자율주행차,,legacy_theme,높음
126700,하이비젼시스템,KOSDAQ,자동차·부품,자율주행차,3D 프린터,아이폰,카메라모듈/부품,핸드셋,6,3D 프린터 | 가상현실(VR) | 스마트폰 | 아이폰 | 자율주행차 | 카메라모듈/부품,,legacy_theme,높음
142210,유니트론텍,KOSDAQ,자동차·부품,자율주행차,반도체 재료/부품,,,반도체와반도체장비,2,반도체 재료/부품 | 자율주행차,,legacy_theme,높음
208860,다산디엠씨,KOSDAQ,자동차·부품,자율주행차,자동차부품,모바일콘텐츠(스마트폰/태블릿PC),,자동차부품,3,모바일콘텐츠(스마트폰/태블릿PC) | 자동차부품 | 자율주행차,,legacy_theme,높음
214430,아이쓰리시스템,KOSDAQ,자동차·부품,자율주행차,의료기기,방위산업/전쟁 및 테러,,우주항공과국방,3,방위산업/전쟁 및 테러 | 의료기기 | 자율주행차,,legacy_theme,높음
352910,오비고,KOSDAQ,자동차·부품,자율주행차,스마트카(SMART CAR),,,소프트웨어,2,스마트카(SMART CAR) | 자율주행차,,legacy_theme,높음
370090,퓨런티어,KOSDAQ,자동차·부품,자율주행차,카메라모듈/부품,,,전자장비와기기,2,자율주행차 | 카메라모듈/부품,,legacy_theme,높음
475040,스트라드비젼,KOSDAQ,자동차·부품,자율주행차,,,,소프트웨어,2,2026 상반기 신규상장 | 자율주행차,2026 상반기 신규상장,legacy_theme,높음
072470,우리산업홀딩스,KOSDAQ,자동차·부품,지주사,,,,자동차부품,1,지주사,,legacy_theme,높음
258610,케일럼,KOSDAQ,전력·원전·에너지,LNG(액화천연가스),,,,핸드셋,1,LNG(액화천연가스),,legacy_theme,높음
000440,중앙에너비스,KOSDAQ,전력·원전·에너지,LPG(액화석유가스),주유소,,,석유와가스,2,LPG(액화석유가스) | 주유소,,legacy_theme,높음
053050,지에스이,KOSDAQ,전력·원전·에너지,도시가스,겨울,,,가스유틸리티,2,겨울 | 도시가스,,legacy_theme,높음
002230,피에스텍,KOSDAQ,전력·원전·에너지,스마트그리드(지능형전력망),전기차(충전소/충전기),전기차,스마트홈(홈네트워크),전기제품,4,스마트그리드(지능형전력망) | 스마트홈(홈네트워크) | 전기차 | 전기차(충전소/충전기),,legacy_theme,높음
015710,코콤,KOSDAQ,전력·원전·에너지,스마트그리드(지능형전력망),드론(Drone),방위산업/전쟁 및 테러,CCTV＆DVR,통신장비,6,CCTV＆DVR | 드론(Drone) | 방위산업/전쟁 및 테러 | 스마트그리드(지능형전력망) | 스마트홈(홈네트워크) | 음성인식,,legacy_theme,높음
040160,누리플렉스,KOSDAQ,전력·원전·에너지,스마트그리드(지능형전력망),화폐/금융자동화기기(디지털화폐 등),스마트홈(홈네트워크),,IT서비스,3,스마트그리드(지능형전력망) | 스마트홈(홈네트워크) | 화폐/금융자동화기기(디지털화폐 등),,legacy_theme,높음
052860,아이앤씨,KOSDAQ,전력·원전·에너지,스마트그리드(지능형전력망),시스템반도체,스마트폰,,반도체와반도체장비,3,스마트그리드(지능형전력망) | 스마트폰 | 시스템반도체,,legacy_theme,높음
054220,비츠로시스,KOSDAQ,전력·원전·에너지,스마트그리드(지능형전력망),GTX(수도권 광역급행철도),전력설비,철도,IT서비스,6,CCTV＆DVR | GTX(수도권 광역급행철도) | 수자원(양적/질적 개선) | 스마트그리드(지능형전력망) | 전력설비 | 철도,,legacy_theme,높음
057540,옴니시스템,KOSDAQ,전력·원전·에너지,스마트그리드(지능형전력망),유심(USIM),스마트홈(홈네트워크),,전자장비와기기,3,스마트그리드(지능형전력망) | 스마트홈(홈네트워크) | 유심(USIM),,legacy_theme,높음
065770,CS,KOSDAQ,전력·원전·에너지,스마트그리드(지능형전력망),통신장비,5G(5세대 이동통신),스마트홈(홈네트워크),통신장비,4,5G(5세대 이동통신) | 스마트그리드(지능형전력망) | 스마트홈(홈네트워크) | 통신장비,,legacy_theme,높음
082920,비츠로셀,KOSDAQ,전력·원전·에너지,스마트그리드(지능형전력망),전력저장장치(ESS),방위산업/전쟁 및 테러,,전기제품,3,방위산업/전쟁 및 테러 | 스마트그리드(지능형전력망) | 전력저장장치(ESS),,legacy_theme,높음
099440,스맥,KOSDAQ,전력·원전·에너지,스마트그리드(지능형전력망),스마트팩토리(스마트공장),지능형로봇/인공지능(AI),로봇(산업용/협동로봇 등),기계,6,3D 프린터 | 공작기계 | 로봇(산업용/협동로봇 등) | 스마트그리드(지능형전력망) | 스마트팩토리(스마트공장) | 지능형로봇/인공지능(AI),,legacy_theme,높음
189860,서전기전,KOSDAQ,전력·원전·에너지,스마트그리드(지능형전력망),전력설비,원자력발전,,전기장비,4,스마트그리드(지능형전력망) | 원자력발전 | 재난/안전(지진/화재 등) | 전력설비,재난/안전(지진/화재 등),legacy_theme,높음
237750,피앤씨테크,KOSDAQ,전력·원전·에너지,스마트그리드(지능형전력망),전력설비,철도,,전기장비,3,스마트그리드(지능형전력망) | 전력설비 | 철도,,legacy_theme,높음
388050,지투파워,KOSDAQ,전력·원전·에너지,스마트그리드(지능형전력망),전력설비,전력저장장치(ESS),태양광에너지,전기장비,5,스마트그리드(지능형전력망) | 원자력발전 | 전력설비 | 전력저장장치(ESS) | 태양광에너지,,legacy_theme,높음
036170,에이치엠넥스,KOSDAQ,전력·원전·에너지,온실가스(탄소배출권)/탄소 포집·활용·저장(CCUS),LED,반도체 장비,자동차부품,디스플레이장비및부품,4,LED | 반도체 장비 | 온실가스(탄소배출권)/탄소 포집·활용·저장(CCUS) | 자동차부품,,legacy_theme,높음
038870,에코심플렉스,KOSDAQ,전력·원전·에너지,온실가스(탄소배출권)/탄소 포집·활용·저장(CCUS),수소에너지(수소차/연료전지 등),,,에너지장비및서비스,2,수소에너지(수소차/연료전지 등) | 온실가스(탄소배출권)/탄소 포집·활용·저장(CCUS),,legacy_theme,높음
163280,에어레인,KOSDAQ,전력·원전·에너지,온실가스(탄소배출권)/탄소 포집·활용·저장(CCUS),,,,화학,1,온실가스(탄소배출권)/탄소 포집·활용·저장(CCUS),,legacy_theme,높음
220260,켐트로스,KOSDAQ,전력·원전·에너지,온실가스(탄소배출권)/탄소 포집·활용·저장(CCUS),전기차 화재 방지(배터리 열폭주 등),HBM(고대역폭메모리),시스템반도체,화학,8,2차전지 | 2차전지(소재/부품) | HBM(고대역폭메모리) | 日 수출 규제(국산화 등) | 반도체 재료/부품 | 시스템반도체 | 온실가스(탄소배출권)/탄소 포집·활용·저장(CCUS) | 전기차 화재 방지(배터리 열폭주 등),,legacy_theme,높음
383310,에코프로에이치엔,KOSDAQ,전력·원전·에너지,온실가스(탄소배출권)/탄소 포집·활용·저장(CCUS),황사/미세먼지,,,상업서비스와공급품,3,온실가스(탄소배출권)/탄소 포집·활용·저장(CCUS) | 코리아 밸류업 지수(Korea Value-up Index) | 황사/미세먼지,코리아 밸류업 지수(Korea Value-up Index),legacy_theme,높음
448280,에코아이,KOSDAQ,전력·원전·에너지,온실가스(탄소배출권)/탄소 포집·활용·저장(CCUS),,,,상업서비스와공급품,1,온실가스(탄소배출권)/탄소 포집·활용·저장(CCUS),,legacy_theme,높음
019990,에너토크,KOSDAQ,전력·원전·에너지,원자력발전,수자원(양적/질적 개선),,,기계,2,수자원(양적/질적 개선) | 원자력발전,,legacy_theme,높음
036640,HRS,KOSDAQ,전력·원전·에너지,원자력발전,,,,화학,2,원자력발전 | 재난/안전(지진/화재 등),재난/안전(지진/화재 등),legacy_theme,높음
038010,제일테크노스,KOSDAQ,전력·원전·에너지,원자력발전,,,,조선,1,원자력발전,,legacy_theme,높음
040610,SG&G,KOSDAQ,전력·원전·에너지,원자력발전,자동차부품,종합 물류,,자동차부품,3,원자력발전 | 자동차부품 | 종합 물류,,legacy_theme,높음
457550,우진엔텍,KOSDAQ,전력·원전·에너지,원자력발전,,,,에너지장비및서비스,1,원자력발전,,legacy_theme,높음
032820,우리기술,KOSDAQ,전력·원전·에너지,원자력발전소 해체,풍력에너지,철도,원자력발전,우주항공과국방,6,방위산업/전쟁 및 테러 | 수자원(양적/질적 개선) | 원자력발전 | 원자력발전소 해체 | 철도 | 풍력에너지,,legacy_theme,높음
096350,대창솔루션,KOSDAQ,전력·원전·에너지,원자력발전소 해체,조선기자재,풍력에너지,원자력발전,조선,7,LNG(액화천연가스) | 수소에너지(수소차/연료전지 등) | 원자력발전 | 원자력발전소 해체 | 조선기자재 | 콜드체인(저온 유통) | 풍력에너지,,legacy_theme,높음
098070,한텍,KOSDAQ,전력·원전·에너지,원자력발전소 해체,원자력발전,LNG(액화천연가스),,에너지장비및서비스,3,LNG(액화천연가스) | 원자력발전 | 원자력발전소 해체,,legacy_theme,높음
103230,에스앤더블류,KOSDAQ,전력·원전·에너지,원자력발전소 해체,조선기자재,원자력발전,,조선,3,원자력발전 | 원자력발전소 해체 | 조선기자재,,legacy_theme,높음
136150,원일티엔아이,KOSDAQ,전력·원전·에너지,원자력발전소 해체,원자력발전,수소에너지(수소차/연료전지 등),LNG(액화천연가스),에너지장비및서비스,4,LNG(액화천연가스) | 수소에너지(수소차/연료전지 등) | 원자력발전 | 원자력발전소 해체,,legacy_theme,높음
199430,케이엔알시스템,KOSDAQ,전력·원전·에너지,원자력발전소 해체,피지컬 AI/휴머노이드 로봇,로봇(산업용/협동로봇 등),,기계,3,로봇(산업용/협동로봇 등) | 원자력발전소 해체 | 피지컬 AI/휴머노이드 로봇,,legacy_theme,높음
348350,위드텍,KOSDAQ,전력·원전·에너지,원자력발전소 해체,반도체 장비,,,반도체와반도체장비,2,반도체 장비 | 원자력발전소 해체,,legacy_theme,높음
024840,KBI메탈,KOSDAQ,전력·원전·에너지,전력설비,자동차부품,전선,,전기장비,3,자동차부품 | 전력설비 | 전선,,legacy_theme,높음
033100,제룡전기,KOSDAQ,전력·원전·에너지,전력설비,철도,,,전기장비,3,전력설비 | 철도 | 코리아 밸류업 지수(Korea Value-up Index),코리아 밸류업 지수(Korea Value-up Index),legacy_theme,높음
036190,금화피에스시,KOSDAQ,전력·원전·에너지,전력설비,원자력발전,,,건설,2,원자력발전 | 전력설비,,legacy_theme,높음
038460,바이오스마트,KOSDAQ,전력·원전·에너지,전력설비,치매,,,전기장비,4,전력설비 | 치매 | 코로나19(진단/치료제/백신 개발 등) | 코로나19(진단키트),코로나19(진단/치료제/백신 개발 등) | 코로나19(진단키트),legacy_theme,높음
060370,LS마린솔루션,KOSDAQ,전력·원전·에너지,전력설비,풍력에너지,통신장비,5G(5세대 이동통신),건설,7,5G(5세대 이동통신) | 재난/안전(지진/화재 등) | 전력설비 | 전선 | 통신장비 | 풍력에너지 | 해저터널(지하화/지하도로 등),재난/안전(지진/화재 등),legacy_theme,높음
119850,지엔씨에너지,KOSDAQ,전력·원전·에너지,전력설비,남북경협,,,전기장비,2,남북경협 | 전력설비,,legacy_theme,높음
125020,티씨머티리얼즈,KOSDAQ,전력·원전·에너지,전력설비,해저터널(지하화/지하도로 등),,,전기장비,2,전력설비 | 해저터널(지하화/지하도로 등),,legacy_theme,높음
147830,제룡산업,KOSDAQ,전력·원전·에너지,전력설비,,,,전기장비,1,전력설비,,legacy_theme,높음
294630,서남,KOSDAQ,전력·원전·에너지,전력설비,우주항공산업(누리호/인공위성 등),초전도체,,전기장비,3,우주항공산업(누리호/인공위성 등) | 전력설비 | 초전도체,,legacy_theme,높음
054090,삼진엘앤디,KOSDAQ,전력·원전·에너지,전력저장장치(ESS),2차전지(소재/부품),2차전지,,전자장비와기기,3,2차전지 | 2차전지(소재/부품) | 전력저장장치(ESS),,legacy_theme,높음
137400,피엔티,KOSDAQ,전력·원전·에너지,전력저장장치(ESS),2차전지(장비),2차전지,리비안(RIVIAN),전기제품,4,2차전지 | 2차전지(장비) | 리비안(RIVIAN) | 전력저장장치(ESS),,legacy_theme,높음
241690,유니테크노,KOSDAQ,전력·원전·에너지,전력저장장치(ESS),피지컬 AI/휴머노이드 로봇,자동차부품,,자동차부품,4,밸류업(25년 기업가치 제고계획 발표) | 자동차부품 | 전력저장장치(ESS) | 피지컬 AI/휴머노이드 로봇,밸류업(25년 기업가치 제고계획 발표),legacy_theme,높음
290550,디케이티,KOSDAQ,전력·원전·에너지,전력저장장치(ESS),폴더블폰,스마트폰,,핸드셋,3,스마트폰 | 전력저장장치(ESS) | 폴더블폰,,legacy_theme,높음
396300,HT로보틱스,KOSDAQ,전력·원전·에너지,전력저장장치(ESS),전기차,자동차부품,2차전지,전자장비와기기,4,2차전지 | 자동차부품 | 전기차 | 전력저장장치(ESS),,legacy_theme,높음
416180,신성에스티,KOSDAQ,전력·원전·에너지,전력저장장치(ESS),2차전지(소재/부품),전기차,2차전지,전기제품,4,2차전지 | 2차전지(소재/부품) | 전기차 | 전력저장장치(ESS),,legacy_theme,높음
493330,지에프아이,KOSDAQ,전력·원전·에너지,전력저장장치(ESS),2차전지,,,전자장비와기기,4,2026 상반기 신규상장 | 2차전지 | 재난/안전(지진/화재 등) | 전력저장장치(ESS),2026 상반기 신규상장 | 재난/안전(지진/화재 등),legacy_theme,높음
042370,비츠로테크,KOSDAQ,전력·원전·에너지,핵융합에너지,원자력발전소 해체,전력설비,우주항공산업(누리호/인공위성 등),전기제품,8,방위산업/전쟁 및 테러 | 우주항공산업(누리호/인공위성 등) | 원자력발전소 해체 | 전력설비 | 지주사 | 철도 | 초전도체 | 핵융합에너지,,legacy_theme,높음
056190,SFA,KOSDAQ,전력·원전·에너지,핵융합에너지,고체산화물 연료전지(SOFC),플렉서블 디스플레이,우주항공산업(누리호/인공위성 등),기계,11,2차전지 | 2차전지(장비) | OLED(유기 발광 다이오드) | 고체산화물 연료전지(SOFC) | 반도체 장비 | 밸류업(25년 기업가치 제고계획 발표) | 수소에너지(수소차/연료전지 등) | 스마트팩토리(스마트공장) | 우주항공산업(누리호/인공위성 등) | 플렉서블 디스플레이 | 핵융합에너지,밸류업(25년 기업가치 제고계획 발표),legacy_theme,높음
094820,일진파워,KOSDAQ,전력·원전·에너지,핵융합에너지,원자력발전,,,건설,2,원자력발전 | 핵융합에너지,,legacy_theme,높음
250060,모비스,KOSDAQ,전력·원전·에너지,핵융합에너지,지능형로봇/인공지능(AI),초전도체,,소프트웨어,3,지능형로봇/인공지능(AI) | 초전도체 | 핵융합에너지,,legacy_theme,높음
488900,비츠로넥스텍,KOSDAQ,전력·원전·에너지,핵융합에너지,우주항공산업(누리호/인공위성 등),,,우주항공과국방,2,우주항공산업(누리호/인공위성 등) | 핵융합에너지,,legacy_theme,높음
054180,메디콕스,KOSDAQ,조선·해운,업종:조선,,,,조선,0,,,industry_fallback,중간
065570,삼영이엔씨,KOSDAQ,조선·해운,업종:조선,,,,조선,0,,,industry_fallback,중간
014940,오리엔탈정공,KOSDAQ,조선·해운,조선기자재,,,,조선,1,조선기자재,,legacy_theme,높음
033500,동성화인텍,KOSDAQ,조선·해운,조선기자재,LNG(액화천연가스),,,화학,2,LNG(액화천연가스) | 조선기자재,,legacy_theme,높음
044490,태웅,KOSDAQ,조선·해운,조선기자재,풍력에너지,우주항공산업(누리호/인공위성 등),원자력발전,에너지장비및서비스,4,우주항공산업(누리호/인공위성 등) | 원자력발전 | 조선기자재 | 풍력에너지,,legacy_theme,높음
054540,삼영엠텍,KOSDAQ,조선·해운,조선기자재,풍력에너지,원자력발전,,조선,4,원자력발전 | 재난/안전(지진/화재 등) | 조선기자재 | 풍력에너지,재난/안전(지진/화재 등),legacy_theme,높음
064820,케이프,KOSDAQ,조선·해운,조선기자재,,,,증권,1,조선기자재,,legacy_theme,높음
092460,한라IMS,KOSDAQ,조선·해운,조선기자재,LED,,,조선,2,LED | 조선기자재,,legacy_theme,높음
099410,동방선기,KOSDAQ,조선·해운,조선기자재,,,,조선,1,조선기자재,,legacy_theme,높음
101000,KS인더스트리,KOSDAQ,조선·해운,조선기자재,,,,조선,1,조선기자재,,legacy_theme,높음
101930,인화정공,KOSDAQ,조선·해운,조선기자재,자동차부품,,,조선,2,자동차부품 | 조선기자재,,legacy_theme,높음
108380,대양전기공업,KOSDAQ,조선·해운,조선기자재,철도,방위산업/전쟁 및 테러,전후 재건(우크라/중동 전쟁 등),조선,4,방위산업/전쟁 및 테러 | 전후 재건(우크라/중동 전쟁 등) | 조선기자재 | 철도,,legacy_theme,높음
333430,일승,KOSDAQ,조선·해운,조선기자재,LNG(액화천연가스),,,조선,2,LNG(액화천연가스) | 조선기자재,,legacy_theme,높음
355690,에이텀,KOSDAQ,조선·해운,조선기자재,전기차,,,전자장비와기기,2,전기차 | 조선기자재,,legacy_theme,높음
413630,씨피시스템,KOSDAQ,조선·해운,조선기자재,로봇(산업용/협동로봇 등),반도체 장비,,기계,3,로봇(산업용/협동로봇 등) | 반도체 장비 | 조선기자재,,legacy_theme,높음
460930,현대힘스,KOSDAQ,조선·해운,조선기자재,,,,조선,1,조선기자재,,legacy_theme,높음
474170,루미르,KOSDAQ,조선·해운,조선기자재,우주항공산업(누리호/인공위성 등),,,우주항공과국방,2,우주항공산업(누리호/인공위성 등) | 조선기자재,,legacy_theme,높음
900250,크리스탈신소재,KOSDAQ,철강·비철·소재,국내 상장 중국기업,그래핀,,,비철금속,2,국내 상장 중국기업 | 그래핀,,legacy_theme,높음
080010,이상네트웍스,KOSDAQ,철강·비철·소재,니켈,,,,다각화된소비자서비스,1,니켈,,legacy_theme,높음
009730,이렘,KOSDAQ,철강·비철·소재,비철금속,강관업체(Steel pipe),,,비철금속,2,강관업체(Steel pipe) | 비철금속,,legacy_theme,높음
060480,국일신동,KOSDAQ,철강·비철·소재,비철금속,,,,비철금속,1,비철금속,,legacy_theme,높음
081150,티플랙스,KOSDAQ,철강·비철·소재,비철금속,원자력발전,전기차,니켈,비철금속,5,니켈 | 비철금속 | 원자력발전 | 전기차 | 희귀금속(희토류 등),,legacy_theme,높음
128660,피제이메탈,KOSDAQ,철강·비철·소재,비철금속,,,,비철금속,1,비철금속,,legacy_theme,높음
198940,한주라이트메탈,KOSDAQ,철강·비철·소재,비철금속,전기차,자동차부품,,자동차부품,3,비철금속 | 자동차부품 | 전기차,,legacy_theme,높음
354320,알멕,KOSDAQ,철강·비철·소재,비철금속,우주항공산업(누리호/인공위성 등),2차전지(소재/부품),전기차,자동차부품,7,2차전지 | 2차전지(소재/부품) | 리비안(RIVIAN) | 비철금속 | 우주항공산업(누리호/인공위성 등) | 자동차부품 | 전기차,,legacy_theme,높음
009620,삼보산업,KOSDAQ,철강·비철·소재,업종:비철금속,,,,비철금속,0,,,industry_fallback,중간
054410,케이피티유,KOSDAQ,철강·비철·소재,업종:비철금속,,,,비철금속,0,,,industry_fallback,중간
079170,한창산업,KOSDAQ,철강·비철·소재,업종:비철금속,,,,비철금속,0,,,industry_fallback,중간
023440,제이스코홀딩스,KOSDAQ,철강·비철·소재,업종:철강,,,,철강,0,,,industry_fallback,중간
026910,광진실업,KOSDAQ,철강·비철·소재,업종:철강,,,,철강,0,,,industry_fallback,중간
005160,동국산업,KOSDAQ,철강·비철·소재,철강 중소형,풍력에너지,,,철강,2,철강 중소형 | 풍력에너지,,legacy_theme,높음
012620,원일특강,KOSDAQ,철강·비철·소재,철강 중소형,,,,철강,1,철강 중소형,,legacy_theme,높음
021040,대호특수강,KOSDAQ,철강·비철·소재,철강 중소형,,,,철강,1,철강 중소형,,legacy_theme,높음
021045,대호특수강우,KOSDAQ,철강·비철·소재,철강 중소형,,,,철강,1,철강 중소형,,legacy_theme_inherited,중간
023790,동일스틸럭스,KOSDAQ,철강·비철·소재,철강 중소형,,,,철강,1,철강 중소형,,legacy_theme,높음
039240,경남스틸,KOSDAQ,철강·비철·소재,철강 중소형,,,,철강,1,철강 중소형,,legacy_theme,높음
048470,대동스틸,KOSDAQ,철강·비철·소재,철강 중소형,남-북-러 가스관사업,,,철강,2,남-북-러 가스관사업 | 철강 중소형,,legacy_theme,높음
049430,코메론,KOSDAQ,철강·비철·소재,철강 중소형,,,,기계,1,철강 중소형,,legacy_theme,높음
053260,금강철강,KOSDAQ,철강·비철·소재,철강 중소형,,,,철강,1,철강 중소형,,legacy_theme,높음
060380,동양에스텍,KOSDAQ,철강·비철·소재,철강 중소형,남-북-러 가스관사업,,,철강,2,남-북-러 가스관사업 | 철강 중소형,,legacy_theme,높음
140520,대창스틸,KOSDAQ,철강·비철·소재,철강 중소형,원자력발전,DMZ 평화공원,,철강,4,DMZ 평화공원 | 원자력발전 | 재난/안전(지진/화재 등) | 철강 중소형,재난/안전(지진/화재 등),legacy_theme,높음
146060,율촌,KOSDAQ,철강·비철·소재,철강 중소형,강관업체(Steel pipe),,,자동차부품,2,강관업체(Steel pipe) | 철강 중소형,,legacy_theme,높음
162300,신스틸,KOSDAQ,철강·비철·소재,철강 중소형,,,,철강,1,철강 중소형,,legacy_theme,높음
263770,유에스티,KOSDAQ,철강·비철·소재,철강 중소형,2차전지(소재/부품),전기차,2차전지,철강,6,2차전지 | 2차전지(소재/부품) | 강관업체(Steel pipe) | 니켈 | 전기차 | 철강 중소형,,legacy_theme,높음
475430,키스트론,KOSDAQ,철강·비철·소재,철강 중소형,,,,전기장비,1,철강 중소형,,legacy_theme,높음
285490,노바텍,KOSDAQ,철강·비철·소재,희귀금속(희토류 등),폴더블폰,스마트폰,,핸드셋,3,스마트폰 | 폴더블폰 | 희귀금속(희토류 등),,legacy_theme,높음
419080,엔젯,KOSDAQ,철강·비철·소재,희귀금속(희토류 등),,,,디스플레이장비및부품,1,희귀금속(희토류 등),,legacy_theme,높음
059090,미코,KOSDAQ,친환경·신재생,고체산화물 연료전지(SOFC),온실가스(탄소배출권)/탄소 포집·활용·저장(CCUS),2차전지(전고체),수소에너지(수소차/연료전지 등),반도체와반도체장비,6,2차전지 | 2차전지(전고체) | 고체산화물 연료전지(SOFC) | 반도체 재료/부품 | 수소에너지(수소차/연료전지 등) | 온실가스(탄소배출권)/탄소 포집·활용·저장(CCUS),,legacy_theme,높음
083650,비에이치아이,KOSDAQ,친환경·신재생,고체산화물 연료전지(SOFC),원자력발전소 해체,원자력발전,셰일가스(Shale Gas),에너지장비및서비스,5,LNG(액화천연가스) | 고체산화물 연료전지(SOFC) | 셰일가스(Shale Gas) | 원자력발전 | 원자력발전소 해체,,legacy_theme,높음
126340,비나텍,KOSDAQ,친환경·신재생,고체산화물 연료전지(SOFC),전력저장장치(ESS),수소에너지(수소차/연료전지 등),,전기장비,3,고체산화물 연료전지(SOFC) | 수소에너지(수소차/연료전지 등) | 전력저장장치(ESS),,legacy_theme,높음
170920,엘티씨,KOSDAQ,친환경·신재생,고체산화물 연료전지(SOFC),수소에너지(수소차/연료전지 등),반도체 재료/부품,,반도체와반도체장비,3,고체산화물 연료전지(SOFC) | 반도체 재료/부품 | 수소에너지(수소차/연료전지 등),,legacy_theme,높음
178320,서진시스템,KOSDAQ,친환경·신재생,고체산화물 연료전지(SOFC),전력저장장치(ESS),통신장비,5G(5세대 이동통신),전기장비,7,5G(5세대 이동통신) | 고체산화물 연료전지(SOFC) | 반도체 장비 | 스마트폰 | 전기차 | 전력저장장치(ESS) | 통신장비,,legacy_theme,높음
282720,금양그린파워,KOSDAQ,친환경·신재생,고체산화물 연료전지(SOFC),풍력에너지,전력저장장치(ESS),태양광에너지,에너지장비및서비스,5,고체산화물 연료전지(SOFC) | 원자력발전 | 전력저장장치(ESS) | 태양광에너지 | 풍력에너지,,legacy_theme,높음
382900,범한퓨얼셀,KOSDAQ,친환경·신재생,고체산화물 연료전지(SOFC),조선기자재,수소에너지(수소차/연료전지 등),,전기제품,3,고체산화물 연료전지(SOFC) | 수소에너지(수소차/연료전지 등) | 조선기자재,,legacy_theme,높음
417200,LS머트리얼즈,KOSDAQ,친환경·신재생,고체산화물 연료전지(SOFC),풍력에너지,전기차,,전기제품,3,고체산화물 연료전지(SOFC) | 전기차 | 풍력에너지,,legacy_theme,높음
011320,유니크,KOSDAQ,친환경·신재생,수소에너지(수소차/연료전지 등),자동차부품,,,자동차부품,2,수소에너지(수소차/연료전지 등) | 자동차부품,,legacy_theme,높음
013310,아진산업,KOSDAQ,친환경·신재생,수소에너지(수소차/연료전지 등),전기차,자동차부품,日 수출 규제(국산화 등),자동차부품,4,日 수출 규제(국산화 등) | 수소에너지(수소차/연료전지 등) | 자동차부품 | 전기차,,legacy_theme,높음
019540,일지테크,KOSDAQ,친환경·신재생,수소에너지(수소차/연료전지 등),자동차부품,日 수출 규제(국산화 등),,자동차부품,3,日 수출 규제(국산화 등) | 수소에너지(수소차/연료전지 등) | 자동차부품,,legacy_theme,높음
023900,풍국주정,KOSDAQ,친환경·신재생,수소에너지(수소차/연료전지 등),"주류업(주정, 에탄올 등)",,,화학,2,"수소에너지(수소차/연료전지 등) | 주류업(주정, 에탄올 등)",,legacy_theme,높음
025320,시노펙스,KOSDAQ,친환경·신재생,수소에너지(수소차/연료전지 등),반도체 재료/부품,자동차부품,수자원(양적/질적 개선),핸드셋,7,PCB(FPCB 등) | 갤럭시 부품주 | 반도체 재료/부품 | 수소에너지(수소차/연료전지 등) | 수자원(양적/질적 개선) | 스마트폰 | 자동차부품,,legacy_theme,높음
033290,로젠,KOSDAQ,친환경·신재생,수소에너지(수소차/연료전지 등),종합 물류,,,항공화물운송과물류,2,수소에너지(수소차/연료전지 등) | 종합 물류,,legacy_theme,높음
041930,SY동아,KOSDAQ,친환경·신재생,수소에너지(수소차/연료전지 등),전기차,자동차부품,,자동차부품,3,수소에너지(수소차/연료전지 등) | 자동차부품 | 전기차,,legacy_theme,높음
066590,스모트로닉,KOSDAQ,친환경·신재생,수소에너지(수소차/연료전지 등),전기차,자동차부품,UAM(도심항공모빌리티),자동차부품,4,UAM(도심항공모빌리티) | 수소에너지(수소차/연료전지 등) | 자동차부품 | 전기차,,legacy_theme,높음
078130,국일제지,KOSDAQ,친환경·신재생,수소에너지(수소차/연료전지 등),그래핀,제지,,종이와목재,3,그래핀 | 수소에너지(수소차/연료전지 등) | 제지,,legacy_theme,높음
080470,성창오토텍,KOSDAQ,친환경·신재생,수소에너지(수소차/연료전지 등),전기차,자동차부품,황사/미세먼지,자동차부품,4,수소에너지(수소차/연료전지 등) | 자동차부품 | 전기차 | 황사/미세먼지,,legacy_theme,높음
104830,원익머트리얼즈,KOSDAQ,친환경·신재생,수소에너지(수소차/연료전지 등),반도체 재료/부품,OLED(유기 발광 다이오드),,화학,3,OLED(유기 발광 다이오드) | 반도체 재료/부품 | 수소에너지(수소차/연료전지 등),,legacy_theme,높음
122350,삼기,KOSDAQ,친환경·신재생,수소에너지(수소차/연료전지 등),전기차,자동차부품,,자동차부품,3,수소에너지(수소차/연료전지 등) | 자동차부품 | 전기차,,legacy_theme,높음
126880,제이엔케이글로벌,KOSDAQ,친환경·신재생,수소에너지(수소차/연료전지 등),,,,석유와가스,1,수소에너지(수소차/연료전지 등),,legacy_theme,높음
212710,아이에스티이,KOSDAQ,친환경·신재생,수소에너지(수소차/연료전지 등),반도체 장비,,,반도체와반도체장비,2,반도체 장비 | 수소에너지(수소차/연료전지 등),,legacy_theme,높음
215360,우리산업,KOSDAQ,친환경·신재생,수소에너지(수소차/연료전지 등),전기차,자동차부품,리비안(RIVIAN),자동차부품,4,리비안(RIVIAN) | 수소에너지(수소차/연료전지 등) | 자동차부품 | 전기차,,legacy_theme,높음
234100,폴라리스세원,KOSDAQ,친환경·신재생,수소에너지(수소차/연료전지 등),전기차,자동차부품,리비안(RIVIAN),자동차부품,4,리비안(RIVIAN) | 수소에너지(수소차/연료전지 등) | 자동차부품 | 전기차,,legacy_theme,높음
265560,영화테크,KOSDAQ,친환경·신재생,수소에너지(수소차/연료전지 등),2차전지(소재/부품),전기차,자동차부품,자동차부품,6,2차전지 | 2차전지(소재/부품) | 수소에너지(수소차/연료전지 등) | 자동차부품 | 전기차 | 폐배터리,,legacy_theme,높음
288620,에스프리즘,KOSDAQ,친환경·신재생,수소에너지(수소차/연료전지 등),,,,전기제품,1,수소에너지(수소차/연료전지 등),,legacy_theme,높음
361670,삼영에스앤씨,KOSDAQ,친환경·신재생,수소에너지(수소차/연료전지 등),전기차,,,전자장비와기기,2,수소에너지(수소차/연료전지 등) | 전기차,,legacy_theme,높음
027580,상보,KOSDAQ,친환경·신재생,탄소나노튜브(CNT),그래핀,폴더블폰,,화학,3,그래핀 | 탄소나노튜브(CNT) | 폴더블폰,,legacy_theme,높음
049480,오픈베이스,KOSDAQ,친환경·신재생,탄소나노튜브(CNT),클라우드 컴퓨팅,스마트팩토리(스마트공장),보안주(정보),컴퓨터와주변기기,6,NI(네트워크통합) | 보안주(정보) | 스마트팩토리(스마트공장) | 지능형로봇/인공지능(AI) | 클라우드 컴퓨팅 | 탄소나노튜브(CNT),,legacy_theme,높음
418550,제이오,KOSDAQ,친환경·신재생,탄소나노튜브(CNT),2차전지,,,건설,2,2차전지 | 탄소나노튜브(CNT),,legacy_theme,높음
012340,뉴인텍,KOSDAQ,친환경·신재생,태양광에너지,수소에너지(수소차/연료전지 등),전기차,,전기제품,3,수소에너지(수소차/연료전지 등) | 전기차 | 태양광에너지,,legacy_theme,높음
039020,이건홀딩스,KOSDAQ,친환경·신재생,태양광에너지,조림사업,리모델링/인테리어,지주사,건축자재,4,리모델링/인테리어 | 조림사업 | 지주사 | 태양광에너지,,legacy_theme,높음
042600,새로닉스,KOSDAQ,친환경·신재생,태양광에너지,2차전지,,,가정용기기와용품,2,2차전지 | 태양광에너지,,legacy_theme,높음
060900,에이전트AI,KOSDAQ,친환경·신재생,태양광에너지,,,,에너지장비및서비스,1,태양광에너지,,legacy_theme,높음
083310,엘오티베큠,KOSDAQ,친환경·신재생,태양광에너지,OLED(유기 발광 다이오드),반도체 장비,,반도체와반도체장비,3,OLED(유기 발광 다이오드) | 반도체 장비 | 태양광에너지,,legacy_theme,높음
095910,에스에너지,KOSDAQ,친환경·신재생,태양광에너지,수소에너지(수소차/연료전지 등),,,에너지장비및서비스,2,수소에너지(수소차/연료전지 등) | 태양광에너지,,legacy_theme,높음
099220,SDN,KOSDAQ,친환경·신재생,태양광에너지,,,,에너지장비및서비스,1,태양광에너지,,legacy_theme,높음
104040,디에스엠,KOSDAQ,친환경·신재생,태양광에너지,자동차부품,,,자동차부품,2,자동차부품 | 태양광에너지,,legacy_theme,높음
109610,에스와이,KOSDAQ,친환경·신재생,태양광에너지,모듈러주택,전후 재건(우크라/중동 전쟁 등),,건축자재,4,모듈러주택 | 전후 재건(우크라/중동 전쟁 등) | 코로나19(음압병실/음압구급차) | 태양광에너지,코로나19(음압병실/음압구급차),legacy_theme,높음
183300,코미코,KOSDAQ,친환경·신재생,태양광에너지,반도체 장비,,,반도체와반도체장비,4,반도체 장비 | 밸류업(25년 기업가치 제고계획 발표) | 코리아 밸류업 지수(Korea Value-up Index) | 태양광에너지,밸류업(25년 기업가치 제고계획 발표) | 코리아 밸류업 지수(Korea Value-up Index),legacy_theme,높음
240810,원익IPS,KOSDAQ,친환경·신재생,태양광에너지,OLED(유기 발광 다이오드),반도체 장비,,반도체와반도체장비,3,OLED(유기 발광 다이오드) | 반도체 장비 | 태양광에너지,,legacy_theme,높음
060150,인선이엔티,KOSDAQ,친환경·신재생,폐기물처리,태풍 및 장마,폐배터리,,상업서비스와공급품,3,태풍 및 장마 | 폐기물처리 | 폐배터리,,legacy_theme,높음
067900,와이엔텍,KOSDAQ,친환경·신재생,폐기물처리,골프,,,해운사,2,골프 | 폐기물처리,,legacy_theme,높음
013810,스페코,KOSDAQ,친환경·신재생,풍력에너지,방위산업/전쟁 및 테러,아스콘(아스팔트 콘크리트),남북경협,기계,5,남북경협 | 방위산업/전쟁 및 테러 | 아스콘(아스팔트 콘크리트) | 전후 재건(우크라/중동 전쟁 등) | 풍력에너지,,legacy_theme,높음
018000,유니슨,KOSDAQ,친환경·신재생,풍력에너지,,,,에너지장비및서비스,1,풍력에너지,,legacy_theme,높음
024880,케이피에프,KOSDAQ,친환경·신재생,풍력에너지,로봇(산업용/협동로봇 등),자동차부품,,기계,3,로봇(산업용/협동로봇 등) | 자동차부품 | 풍력에너지,,legacy_theme,높음
100130,동국S&C,KOSDAQ,친환경·신재생,풍력에너지,,,,에너지장비및서비스,1,풍력에너지,,legacy_theme,높음
100660,서암기계공업,KOSDAQ,친환경·신재생,풍력에너지,철도,로봇(산업용/협동로봇 등),공작기계,기계,5,공작기계 | 로봇(산업용/협동로봇 등) | 전후 재건(우크라/중동 전쟁 등) | 철도 | 풍력에너지,,legacy_theme,높음
115530,씨엔플러스,KOSDAQ,친환경·신재생,풍력에너지,태양광에너지,,,에너지장비및서비스,2,태양광에너지 | 풍력에너지,,legacy_theme,높음
297090,씨에스베어링,KOSDAQ,친환경·신재생,풍력에너지,,,,기계,1,풍력에너지,,legacy_theme,높음
389260,대명에너지,KOSDAQ,친환경·신재생,풍력에너지,태양광에너지,,,에너지장비및서비스,2,태양광에너지 | 풍력에너지,,legacy_theme,높음
023770,플레이위드,KOSDAQ,콘텐츠·엔터·게임,게임,모바일게임(스마트폰),,,게임엔터테인먼트,2,게임 | 모바일게임(스마트폰),,legacy_theme,높음
047560,이스트소프트,KOSDAQ,콘텐츠·엔터·게임,게임,AI 챗봇(챗GPT 등),핀테크(FinTech),모바일게임(스마트폰),소프트웨어,6,AI 챗봇(챗GPT 등) | 게임 | 딥페이크(deepfake) | 모바일게임(스마트폰) | 보안주(정보) | 핀테크(FinTech),,legacy_theme,높음
052790,액토즈소프트,KOSDAQ,콘텐츠·엔터·게임,게임,모바일게임(스마트폰),,,게임엔터테인먼트,2,게임 | 모바일게임(스마트폰),,legacy_theme,높음
066910,손오공,KOSDAQ,콘텐츠·엔터·게임,게임,캐릭터상품,엔젤산업,,레저용장비와제품,3,게임 | 엔젤산업 | 캐릭터상품,,legacy_theme,높음
069080,웹젠,KOSDAQ,콘텐츠·엔터·게임,게임,모바일게임(스마트폰),,,게임엔터테인먼트,2,게임 | 모바일게임(스마트폰),,legacy_theme,높음
078340,컴투스,KOSDAQ,콘텐츠·엔터·게임,게임,모바일게임(스마트폰),모바일콘텐츠(스마트폰/태블릿PC),,게임엔터테인먼트,4,게임 | 모바일게임(스마트폰) | 모바일콘텐츠(스마트폰/태블릿PC) | 밸류업(25년 기업가치 제고계획 발표),밸류업(25년 기업가치 제고계획 발표),legacy_theme,높음
094860,네오리진,KOSDAQ,콘텐츠·엔터·게임,게임,모바일게임(스마트폰),,,게임엔터테인먼트,2,게임 | 모바일게임(스마트폰),,legacy_theme,높음
101730,위메이드맥스,KOSDAQ,콘텐츠·엔터·게임,게임,모바일게임(스마트폰),,,게임엔터테인먼트,2,게임 | 모바일게임(스마트폰),,legacy_theme,높음
205500,넥써쓰,KOSDAQ,콘텐츠·엔터·게임,게임,모바일게임(스마트폰),스테이블코인,,게임엔터테인먼트,3,게임 | 모바일게임(스마트폰) | 스테이블코인,,legacy_theme,높음
217270,넵튠,KOSDAQ,콘텐츠·엔터·게임,게임,모바일게임(스마트폰),메타버스(Metaverse),,게임엔터테인먼트,3,게임 | 메타버스(Metaverse) | 모바일게임(스마트폰),,legacy_theme,높음
225570,넥슨게임즈,KOSDAQ,콘텐츠·엔터·게임,게임,모바일게임(스마트폰),,,게임엔터테인먼트,2,게임 | 모바일게임(스마트폰),,legacy_theme,높음
263750,펄어비스,KOSDAQ,콘텐츠·엔터·게임,게임,모바일게임(스마트폰),메타버스(Metaverse),,게임엔터테인먼트,3,게임 | 메타버스(Metaverse) | 모바일게임(스마트폰),,legacy_theme,높음
293490,카카오게임즈,KOSDAQ,콘텐츠·엔터·게임,게임,모바일게임(스마트폰),NFT(대체불가토큰),,게임엔터테인먼트,3,NFT(대체불가토큰) | 게임 | 모바일게임(스마트폰),,legacy_theme,높음
331520,밸로프,KOSDAQ,콘텐츠·엔터·게임,게임,모바일게임(스마트폰),,,게임엔터테인먼트,2,게임 | 모바일게임(스마트폰),,legacy_theme,높음
010470,오리콤,KOSDAQ,콘텐츠·엔터·게임,광고,,,,광고,1,광고,,legacy_theme,높음
050090,비케이홀딩스,KOSDAQ,콘텐츠·엔터·게임,광고,,,,광고,1,광고,,legacy_theme,높음
089600,KT나스미디어,KOSDAQ,콘텐츠·엔터·게임,광고,,,,광고,1,광고,,legacy_theme,높음
123570,이엠넷,KOSDAQ,콘텐츠·엔터·게임,광고,,,,광고,1,광고,,legacy_theme,높음
214270,FSN,KOSDAQ,콘텐츠·엔터·게임,광고,가상화폐(비트코인 등),NFT(대체불가토큰),,양방향미디어와서비스,3,NFT(대체불가토큰) | 가상화폐(비트코인 등) | 광고,,legacy_theme,높음
216050,인크로스,KOSDAQ,콘텐츠·엔터·게임,광고,,,,광고,1,광고,,legacy_theme,높음
237820,플레이디,KOSDAQ,콘텐츠·엔터·게임,광고,,,,광고,1,광고,,legacy_theme,높음
263700,케어랩스,KOSDAQ,콘텐츠·엔터·게임,광고,원격진료/비대면진료(U-Healthcare),,,건강관리업체및서비스,2,광고 | 원격진료/비대면진료(U-Healthcare),,legacy_theme,높음
273060,와이즈버즈,KOSDAQ,콘텐츠·엔터·게임,광고,,,,광고,1,광고,,legacy_theme,높음
291230,컴투스엔,KOSDAQ,콘텐츠·엔터·게임,광고,메타버스(Metaverse),,,광고,2,광고 | 메타버스(Metaverse),,legacy_theme,높음
321820,아티스트컴퍼니,KOSDAQ,콘텐츠·엔터·게임,광고,지능형로봇/인공지능(AI),쿠팡(coupang),,방송과엔터테인먼트,3,광고 | 지능형로봇/인공지능(AI) | 쿠팡(coupang),,legacy_theme,높음
351870,차이커뮤니케이션,KOSDAQ,콘텐츠·엔터·게임,광고,,,,광고,1,광고,,legacy_theme,높음
362990,드림인사이트,KOSDAQ,콘텐츠·엔터·게임,광고,,,,광고,1,광고,,legacy_theme,높음
363260,모비데이즈,KOSDAQ,콘텐츠·엔터·게임,광고,,,,광고,1,광고,,legacy_theme,높음
397810,애드포러스,KOSDAQ,콘텐츠·엔터·게임,광고,,,,광고,1,광고,,legacy_theme,높음
443250,레뷰코퍼레이션,KOSDAQ,콘텐츠·엔터·게임,광고,,,,양방향미디어와서비스,1,광고,,legacy_theme,높음
476080,M83,KOSDAQ,콘텐츠·엔터·게임,딥페이크(deepfake),영상콘텐츠,,,방송과엔터테인먼트,2,딥페이크(deepfake) | 영상콘텐츠,,legacy_theme,높음
033130,디지틀조선,KOSDAQ,콘텐츠·엔터·게임,미디어(방송/신문),,,,IT서비스,1,미디어(방송/신문),,legacy_theme,높음
033830,티비씨,KOSDAQ,콘텐츠·엔터·게임,미디어(방송/신문),,,,방송과엔터테인먼트,1,미디어(방송/신문),,legacy_theme,높음
039340,한국경제TV,KOSDAQ,콘텐츠·엔터·게임,미디어(방송/신문),,,,방송과엔터테인먼트,1,미디어(방송/신문),,legacy_theme,높음
040300,YTN,KOSDAQ,콘텐츠·엔터·게임,미디어(방송/신문),방위산업/전쟁 및 테러,모바일콘텐츠(스마트폰/태블릿PC),,방송과엔터테인먼트,3,모바일콘텐츠(스마트폰/태블릿PC) | 미디어(방송/신문) | 방위산업/전쟁 및 테러,,legacy_theme,높음
052220,iMBC,KOSDAQ,콘텐츠·엔터·게임,미디어(방송/신문),메타버스(Metaverse),,,방송과엔터테인먼트,2,메타버스(Metaverse) | 미디어(방송/신문),,legacy_theme,높음
058400,KNN,KOSDAQ,콘텐츠·엔터·게임,미디어(방송/신문),,,,방송과엔터테인먼트,1,미디어(방송/신문),,legacy_theme,높음
127710,아시아경제,KOSDAQ,콘텐츠·엔터·게임,미디어(방송/신문),광고,,,출판,2,광고 | 미디어(방송/신문),,legacy_theme,높음
310200,애니플러스,KOSDAQ,콘텐츠·엔터·게임,미디어(방송/신문),영상콘텐츠,,,방송과엔터테인먼트,2,미디어(방송/신문) | 영상콘텐츠,,legacy_theme,높음
058450,한주에이알티,KOSDAQ,콘텐츠·엔터·게임,업종:방송과엔터테인먼트,,,,방송과엔터테인먼트,0,,,industry_fallback,중간
063440,SM Life Design,KOSDAQ,콘텐츠·엔터·게임,업종:방송과엔터테인먼트,,,,방송과엔터테인먼트,0,,,industry_fallback,중간
066790,씨씨에스,KOSDAQ,콘텐츠·엔터·게임,업종:방송과엔터테인먼트,,,,방송과엔터테인먼트,0,,,industry_fallback,중간
036000,예림당,KOSDAQ,콘텐츠·엔터·게임,엔젤산업,,,,출판,2,엔젤산업 | 출산장려정책,출산장려정책,legacy_theme,높음
032540,TJ미디어,KOSDAQ,콘텐츠·엔터·게임,엔터테인먼트,모바일콘텐츠(스마트폰/태블릿PC),,,전자제품,2,모바일콘텐츠(스마트폰/태블릿PC) | 엔터테인먼트,,legacy_theme,높음
032800,판타지오,KOSDAQ,콘텐츠·엔터·게임,엔터테인먼트,음원/음반,,,방송과엔터테인먼트,2,엔터테인먼트 | 음원/음반,,legacy_theme,높음
035900,JYP Ent.,KOSDAQ,콘텐츠·엔터·게임,엔터테인먼트,음원/음반,영상콘텐츠,,방송과엔터테인먼트,4,엔터테인먼트 | 영상콘텐츠 | 음원/음반 | 코리아 밸류업 지수(Korea Value-up Index),코리아 밸류업 지수(Korea Value-up Index),legacy_theme,높음
041510,에스엠,KOSDAQ,콘텐츠·엔터·게임,엔터테인먼트,음원/음반,,,방송과엔터테인먼트,2,엔터테인먼트 | 음원/음반,,legacy_theme,높음
043610,KT지니뮤직,KOSDAQ,콘텐츠·엔터·게임,엔터테인먼트,음원/음반,모바일콘텐츠(스마트폰/태블릿PC),,방송과엔터테인먼트,3,모바일콘텐츠(스마트폰/태블릿PC) | 엔터테인먼트 | 음원/음반,,legacy_theme,높음
044480,빌리언스,KOSDAQ,콘텐츠·엔터·게임,엔터테인먼트,NFT(대체불가토큰),,,방송과엔터테인먼트,2,NFT(대체불가토큰) | 엔터테인먼트,,legacy_theme,높음
046390,삼화네트웍스,KOSDAQ,콘텐츠·엔터·게임,엔터테인먼트,영상콘텐츠,,,방송과엔터테인먼트,2,엔터테인먼트 | 영상콘텐츠,,legacy_theme,높음
047820,초록뱀미디어,KOSDAQ,콘텐츠·엔터·게임,엔터테인먼트,NFT(대체불가토큰),영상콘텐츠,,방송과엔터테인먼트,3,NFT(대체불가토큰) | 엔터테인먼트 | 영상콘텐츠,,legacy_theme,높음
051780,큐로홀딩스,KOSDAQ,콘텐츠·엔터·게임,엔터테인먼트,자원개발,영상콘텐츠,,식품,3,엔터테인먼트 | 영상콘텐츠 | 자원개발,,legacy_theme,높음
054780,키이스트,KOSDAQ,콘텐츠·엔터·게임,엔터테인먼트,영상콘텐츠,,,방송과엔터테인먼트,2,엔터테인먼트 | 영상콘텐츠,,legacy_theme,높음
068050,팬엔터테인먼트,KOSDAQ,콘텐츠·엔터·게임,엔터테인먼트,영상콘텐츠,,,방송과엔터테인먼트,2,엔터테인먼트 | 영상콘텐츠,,legacy_theme,높음
078860,아이오케이이엔엠,KOSDAQ,콘텐츠·엔터·게임,엔터테인먼트,,,,방송과엔터테인먼트,1,엔터테인먼트,,legacy_theme,높음
122870,와이지엔터테인먼트,KOSDAQ,콘텐츠·엔터·게임,엔터테인먼트,음원/음반,,,방송과엔터테인먼트,2,엔터테인먼트 | 음원/음반,,legacy_theme,높음
131100,티엔엔터테인먼트,KOSDAQ,콘텐츠·엔터·게임,엔터테인먼트,음식료업종,,,방송과엔터테인먼트,2,엔터테인먼트 | 음식료업종,,legacy_theme,높음
173940,에프엔씨엔터,KOSDAQ,콘텐츠·엔터·게임,엔터테인먼트,음원/음반,영상콘텐츠,,방송과엔터테인먼트,3,엔터테인먼트 | 영상콘텐츠 | 음원/음반,,legacy_theme,높음
182360,큐브엔터,KOSDAQ,콘텐츠·엔터·게임,엔터테인먼트,,,,방송과엔터테인먼트,1,엔터테인먼트,,legacy_theme,높음
200350,아티스트스튜디오,KOSDAQ,콘텐츠·엔터·게임,엔터테인먼트,영상콘텐츠,,,방송과엔터테인먼트,2,엔터테인먼트 | 영상콘텐츠,,legacy_theme,높음
253450,스튜디오드래곤,KOSDAQ,콘텐츠·엔터·게임,엔터테인먼트,영상콘텐츠,,,방송과엔터테인먼트,2,엔터테인먼트 | 영상콘텐츠,,legacy_theme,높음
361570,알비더블유,KOSDAQ,콘텐츠·엔터·게임,엔터테인먼트,음원/음반,,,방송과엔터테인먼트,2,엔터테인먼트 | 음원/음반,,legacy_theme,높음
376300,디어유,KOSDAQ,콘텐츠·엔터·게임,엔터테인먼트,메타버스(Metaverse),,,양방향미디어와서비스,2,메타버스(Metaverse) | 엔터테인먼트,,legacy_theme,높음
458350,에스팀,KOSDAQ,콘텐츠·엔터·게임,엔터테인먼트,영상콘텐츠,,,광고,3,2026 상반기 신규상장 | 엔터테인먼트 | 영상콘텐츠,2026 상반기 신규상장,legacy_theme,높음
473980,노머스,KOSDAQ,콘텐츠·엔터·게임,엔터테인먼트,,,,방송과엔터테인먼트,1,엔터테인먼트,,legacy_theme,높음
950190,고스트스튜디오,KOSDAQ,콘텐츠·엔터·게임,엔터테인먼트,모바일게임(스마트폰),영상콘텐츠,,게임엔터테인먼트,3,모바일게임(스마트폰) | 엔터테인먼트 | 영상콘텐츠,,legacy_theme,높음
210120,캔버스엔,KOSDAQ,콘텐츠·엔터·게임,영상콘텐츠,,,,방송과엔터테인먼트,1,영상콘텐츠,,legacy_theme,높음
322780,코퍼스코리아,KOSDAQ,콘텐츠·엔터·게임,영상콘텐츠,,,,방송과엔터테인먼트,1,영상콘텐츠,,legacy_theme,높음
408900,스튜디오미르,KOSDAQ,콘텐츠·엔터·게임,영상콘텐츠,,,,방송과엔터테인먼트,1,영상콘텐츠,,legacy_theme,높음
018700,졸스,KOSDAQ,콘텐츠·엔터·게임,영화,화장품,영상콘텐츠,,화장품,3,영상콘텐츠 | 영화 | 화장품,,legacy_theme,높음
035620,바른손이앤에이,KOSDAQ,콘텐츠·엔터·게임,영화,가상현실(VR),영상콘텐츠,,방송과엔터테인먼트,3,가상현실(VR) | 영상콘텐츠 | 영화,,legacy_theme,높음
035760,CJ ENM,KOSDAQ,콘텐츠·엔터·게임,영화,미디어(방송/신문),소매유통,엔터테인먼트,방송과엔터테인먼트,8,메타버스(Metaverse) | 미디어(방송/신문) | 소매유통 | 엔터테인먼트 | 영상콘텐츠 | 영화 | 음원/음반 | 홈쇼핑,,legacy_theme,높음
037760,쎄니트,KOSDAQ,콘텐츠·엔터·게임,영화,시멘트/레미콘,비철금속,,철강,3,비철금속 | 시멘트/레미콘 | 영화,,legacy_theme,높음
086980,쇼박스,KOSDAQ,콘텐츠·엔터·게임,영화,쿠팡(coupang),영상콘텐츠,,방송과엔터테인먼트,3,영상콘텐츠 | 영화 | 쿠팡(coupang),,legacy_theme,높음
160550,NEW,KOSDAQ,콘텐츠·엔터·게임,영화,엔터테인먼트,쿠팡(coupang),영상콘텐츠,방송과엔터테인먼트,4,엔터테인먼트 | 영상콘텐츠 | 영화 | 쿠팡(coupang),,legacy_theme,높음
206560,덱스터,KOSDAQ,콘텐츠·엔터·게임,영화,증강현실(AR),가상현실(VR),영상콘텐츠,방송과엔터테인먼트,5,가상현실(VR) | 메타버스(Metaverse) | 영상콘텐츠 | 영화 | 증강현실(AR),,legacy_theme,높음
048910,대원미디어,KOSDAQ,콘텐츠·엔터·게임,웹툰,게임,캐릭터상품,엔젤산업,방송과엔터테인먼트,5,게임 | 엔젤산업 | 영상콘텐츠 | 웹툰 | 캐릭터상품,,legacy_theme,높음
067000,조이시티,KOSDAQ,콘텐츠·엔터·게임,웹툰,게임,모바일게임(스마트폰),,게임엔터테인먼트,3,게임 | 모바일게임(스마트폰) | 웹툰,,legacy_theme,높음
084180,수성웹툰,KOSDAQ,콘텐츠·엔터·게임,웹툰,,,,출판,1,웹툰,,legacy_theme,높음
134580,탑코미디어,KOSDAQ,콘텐츠·엔터·게임,웹툰,,,,양방향미디어와서비스,1,웹툰,,legacy_theme,높음
201490,미투온,KOSDAQ,콘텐츠·엔터·게임,웹툰,게임,모바일게임(스마트폰),NFT(대체불가토큰),게임엔터테인먼트,6,NFT(대체불가토큰) | 게임 | 메타버스(Metaverse) | 모바일게임(스마트폰) | 스테이블코인 | 웹툰,,legacy_theme,높음
207760,미스터블루,KOSDAQ,콘텐츠·엔터·게임,웹툰,모바일게임(스마트폰),모바일콘텐츠(스마트폰/태블릿PC),,양방향미디어와서비스,3,모바일게임(스마트폰) | 모바일콘텐츠(스마트폰/태블릿PC) | 웹툰,,legacy_theme,높음
236810,엔비티,KOSDAQ,콘텐츠·엔터·게임,웹툰,광고,토스(toss),쿠팡(coupang),광고,4,광고 | 웹툰 | 쿠팡(coupang) | 토스(toss),,legacy_theme,높음
239340,이스트에이드,KOSDAQ,콘텐츠·엔터·게임,웹툰,지능형로봇/인공지능(AI),,,증권,2,웹툰 | 지능형로봇/인공지능(AI),,legacy_theme,높음
263720,디앤씨미디어,KOSDAQ,콘텐츠·엔터·게임,웹툰,모바일콘텐츠(스마트폰/태블릿PC),,,출판,2,모바일콘텐츠(스마트폰/태블릿PC) | 웹툰,,legacy_theme,높음
417180,핑거스토리,KOSDAQ,콘텐츠·엔터·게임,웹툰,모바일콘텐츠(스마트폰/태블릿PC),,,양방향미디어와서비스,2,모바일콘텐츠(스마트폰/태블릿PC) | 웹툰,,legacy_theme,높음
432430,와이랩,KOSDAQ,콘텐츠·엔터·게임,웹툰,영상콘텐츠,,,출판,2,영상콘텐츠 | 웹툰,,legacy_theme,높음
060570,드림어스컴퍼니,KOSDAQ,콘텐츠·엔터·게임,음원/음반,,,,방송과엔터테인먼트,1,음원/음반,,legacy_theme,높음
403850,더핑크퐁컴퍼니,KOSDAQ,콘텐츠·엔터·게임,캐릭터상품,음원/음반,엔젤산업,영상콘텐츠,방송과엔터테인먼트,5,엔젤산업 | 영상콘텐츠 | 음원/음반 | 출산장려정책 | 캐릭터상품,출산장려정책,legacy_theme,높음
419530,SAMG엔터,KOSDAQ,콘텐츠·엔터·게임,캐릭터상품,엔젤산업,영상콘텐츠,,방송과엔터테인먼트,4,엔젤산업 | 영상콘텐츠 | 출산장려정책 | 캐릭터상품,출산장려정책,legacy_theme,높음
464580,닷밀,KOSDAQ,콘텐츠·엔터·게임,테마파크,,,,방송과엔터테인먼트,1,테마파크,,legacy_theme,높음
052460,아이크래프트,KOSDAQ,통신·네트워크,5G(5세대 이동통신),SI(시스템통합),,,IT서비스,2,5G(5세대 이동통신) | SI(시스템통합),,legacy_theme,높음
065440,이루온,KOSDAQ,통신·네트워크,5G(5세대 이동통신),유심(USIM),애플페이,SNS(소셜네트워크서비스),IT서비스,6,5G(5세대 이동통신) | SNS(소셜네트워크서비스) | 모바일솔루션(스마트폰) | 삼성페이 | 애플페이 | 유심(USIM),,legacy_theme,높음
122990,와이솔,KOSDAQ,통신·네트워크,5G(5세대 이동통신),,,,핸드셋,1,5G(5세대 이동통신),,legacy_theme,높음
153460,네이블,KOSDAQ,통신·네트워크,5G(5세대 이동통신),모바일솔루션(스마트폰),,,소프트웨어,2,5G(5세대 이동통신) | 모바일솔루션(스마트폰),,legacy_theme,높음
173130,오파스넷,KOSDAQ,통신·네트워크,5G(5세대 이동통신),NI(네트워크통합),재택근무/스마트워크,SI(시스템통합),IT서비스,4,5G(5세대 이동통신) | NI(네트워크통합) | SI(시스템통합) | 재택근무/스마트워크,,legacy_theme,높음
332570,PS일렉트로닉스,KOSDAQ,통신·네트워크,5G(5세대 이동통신),갤럭시 부품주,스마트폰,,핸드셋,3,5G(5세대 이동통신) | 갤럭시 부품주 | 스마트폰,,legacy_theme,높음
377330,이지트로닉스,KOSDAQ,통신·네트워크,5G(5세대 이동통신),수소에너지(수소차/연료전지 등),방위산업/전쟁 및 테러,전기차,전기제품,6,5G(5세대 이동통신) | 니켈 | 방위산업/전쟁 및 테러 | 수소에너지(수소차/연료전지 등) | 전기차 | 폐배터리,,legacy_theme,높음
042500,링네트,KOSDAQ,통신·네트워크,NI(네트워크통합),재택근무/스마트워크,SI(시스템통합),,IT서비스,3,NI(네트워크통합) | SI(시스템통합) | 재택근무/스마트워크,,legacy_theme,높음
067160,SOOP,KOSDAQ,통신·네트워크,SNS(소셜네트워크서비스),가상현실(VR),,,양방향미디어와서비스,4,"SNS(소셜네트워크서비스) | 가상현실(VR) | 스포츠행사 수혜(올림픽, 월드컵 등) | 코리아 밸류업 지수(Korea Value-up Index)","스포츠행사 수혜(올림픽, 월드컵 등) | 코리아 밸류업 지수(Korea Value-up Index)",legacy_theme,높음
104200,NHN벅스,KOSDAQ,통신·네트워크,SNS(소셜네트워크서비스),음원/음반,모바일콘텐츠(스마트폰/태블릿PC),,방송과엔터테인먼트,3,SNS(소셜네트워크서비스) | 모바일콘텐츠(스마트폰/태블릿PC) | 음원/음반,,legacy_theme,높음
010170,대한광통신,KOSDAQ,통신·네트워크,광통신(광케이블/광섬유 등),5G(5세대 이동통신),방위산업/전쟁 및 테러,,통신장비,3,5G(5세대 이동통신) | 광통신(광케이블/광섬유 등) | 방위산업/전쟁 및 테러,,legacy_theme,높음
043260,성호전자,KOSDAQ,통신·네트워크,광통신(광케이블/광섬유 등),LED,전기차,공기청정기,전기제품,4,LED | 공기청정기 | 광통신(광케이블/광섬유 등) | 전기차,,legacy_theme,높음
062970,한국첨단소재,KOSDAQ,통신·네트워크,광통신(광케이블/광섬유 등),양자암호/양자컴퓨팅,통신장비,5G(5세대 이동통신),통신장비,4,5G(5세대 이동통신) | 광통신(광케이블/광섬유 등) | 양자암호/양자컴퓨팅 | 통신장비,,legacy_theme,높음
069540,빛과전자,KOSDAQ,통신·네트워크,광통신(광케이블/광섬유 등),통신장비,5G(5세대 이동통신),,통신장비,3,5G(5세대 이동통신) | 광통신(광케이블/광섬유 등) | 통신장비,,legacy_theme,높음
072950,빛샘전자,KOSDAQ,통신·네트워크,광통신(광케이블/광섬유 등),LED,철도,통신장비,전자장비와기기,4,LED | 광통신(광케이블/광섬유 등) | 철도 | 통신장비,,legacy_theme,높음
092190,서울바이오시스,KOSDAQ,통신·네트워크,광통신(광케이블/광섬유 등),LED,,,디스플레이장비및부품,2,LED | 광통신(광케이블/광섬유 등),,legacy_theme,높음
100590,머큐리,KOSDAQ,통신·네트워크,광통신(광케이블/광섬유 등),통신장비,,,통신장비,2,광통신(광케이블/광섬유 등) | 통신장비,,legacy_theme,높음
115440,우리넷,KOSDAQ,통신·네트워크,광통신(광케이블/광섬유 등),양자암호/양자컴퓨팅,철도,통신장비,통신장비,6,5G(5세대 이동통신) | OLED(유기 발광 다이오드) | 광통신(광케이블/광섬유 등) | 양자암호/양자컴퓨팅 | 철도 | 통신장비,,legacy_theme,높음
218410,RFHIC,KOSDAQ,통신·네트워크,광통신(광케이블/광섬유 등),통신장비,5G(5세대 이동통신),방위산업/전쟁 및 테러,통신장비,4,5G(5세대 이동통신) | 광통신(광케이블/광섬유 등) | 방위산업/전쟁 및 테러 | 통신장비,,legacy_theme,높음
327260,RF머트리얼즈,KOSDAQ,통신·네트워크,광통신(광케이블/광섬유 등),통신장비,방위산업/전쟁 및 테러,,우주항공과국방,3,광통신(광케이블/광섬유 등) | 방위산업/전쟁 및 테러 | 통신장비,,legacy_theme,높음
368770,파이버프로,KOSDAQ,통신·네트워크,광통신(광케이블/광섬유 등),우주항공산업(누리호/인공위성 등),방위산업/전쟁 및 테러,UAM(도심항공모빌리티),전자장비와기기,4,UAM(도심항공모빌리티) | 광통신(광케이블/광섬유 등) | 방위산업/전쟁 및 테러 | 우주항공산업(누리호/인공위성 등),,legacy_theme,높음
388790,라이콤,KOSDAQ,통신·네트워크,광통신(광케이블/광섬유 등),통신장비,5G(5세대 이동통신),자율주행차,통신장비,4,5G(5세대 이동통신) | 광통신(광케이블/광섬유 등) | 자율주행차 | 통신장비,,legacy_theme,높음
036630,세종텔레콤,KOSDAQ,통신·네트워크,마이데이터,재택근무/스마트워크,,,다각화된통신서비스,2,마이데이터 | 재택근무/스마트워크,,legacy_theme,높음
039010,현대에이치티,KOSDAQ,통신·네트워크,보안주(물리),음성인식,스마트홈(홈네트워크),,통신장비,3,보안주(물리) | 스마트홈(홈네트워크) | 음성인식,,legacy_theme,높음
140430,카티스,KOSDAQ,통신·네트워크,보안주(물리),방위산업/전쟁 및 테러,,,통신장비,2,방위산업/전쟁 및 테러 | 보안주(물리),,legacy_theme,높음
046970,우리로,KOSDAQ,통신·네트워크,양자암호/양자컴퓨팅,통신장비,5G(5세대 이동통신),日 수출 규제(국산화 등),컴퓨터와주변기기,4,5G(5세대 이동통신) | 日 수출 규제(국산화 등) | 양자암호/양자컴퓨팅 | 통신장비,,legacy_theme,높음
050890,쏠리드,KOSDAQ,통신·네트워크,양자암호/양자컴퓨팅,통신장비,5G(5세대 이동통신),,통신장비,3,5G(5세대 이동통신) | 양자암호/양자컴퓨팅 | 통신장비,,legacy_theme,높음
054920,한컴위드,KOSDAQ,통신·네트워크,양자암호/양자컴퓨팅,인터넷은행,드론(Drone),핀테크(FinTech),비철금속,8,드론(Drone) | 모바일콘텐츠(스마트폰/태블릿PC) | 보안주(정보) | 블록체인 | 스테이블코인 | 양자암호/양자컴퓨팅 | 인터넷은행 | 핀테크(FinTech),,legacy_theme,높음
056360,코위버,KOSDAQ,통신·네트워크,양자암호/양자컴퓨팅,통신장비,5G(5세대 이동통신),,통신장비,3,5G(5세대 이동통신) | 양자암호/양자컴퓨팅 | 통신장비,,legacy_theme,높음
091440,한울소재과학,KOSDAQ,통신·네트워크,양자암호/양자컴퓨팅,통신장비,5G(5세대 이동통신),스마트홈(홈네트워크),통신장비,4,5G(5세대 이동통신) | 스마트홈(홈네트워크) | 양자암호/양자컴퓨팅 | 통신장비,,legacy_theme,높음
115500,케이씨에스,KOSDAQ,통신·네트워크,양자암호/양자컴퓨팅,철도,화폐/금융자동화기기(디지털화폐 등),키오스크(KIOSK),IT서비스,5,SI(시스템통합) | 양자암호/양자컴퓨팅 | 철도 | 키오스크(KIOSK) | 화폐/금융자동화기기(디지털화폐 등),,legacy_theme,높음
123010,MSDI,KOSDAQ,통신·네트워크,양자암호/양자컴퓨팅,카메라모듈/부품,,,핸드셋,2,양자암호/양자컴퓨팅 | 카메라모듈/부품,,legacy_theme,높음
223310,사토시홀딩스,KOSDAQ,통신·네트워크,양자암호/양자컴퓨팅,드론(Drone),스테이블코인,건강기능식품,식품과기본식료품소매,4,건강기능식품 | 드론(Drone) | 스테이블코인 | 양자암호/양자컴퓨팅,,legacy_theme,높음
317120,라닉스,KOSDAQ,통신·네트워크,양자암호/양자컴퓨팅,보안주(정보),시스템반도체,자율주행차,통신장비,4,보안주(정보) | 시스템반도체 | 양자암호/양자컴퓨팅 | 자율주행차,,legacy_theme,높음
356680,엑스게이트,KOSDAQ,통신·네트워크,양자암호/양자컴퓨팅,보안주(정보),,,소프트웨어,2,보안주(정보) | 양자암호/양자컴퓨팅,,legacy_theme,높음
456010,아이씨티케이,KOSDAQ,통신·네트워크,양자암호/양자컴퓨팅,보안주(정보),시스템반도체,딥페이크(deepfake),통신장비,4,딥페이크(deepfake) | 보안주(정보) | 시스템반도체 | 양자암호/양자컴퓨팅,,legacy_theme,높음
031310,아이즈비전,KOSDAQ,통신·네트워크,업종:통신장비,,,,통신장비,0,,,industry_fallback,중간
036690,코맥스,KOSDAQ,통신·네트워크,업종:통신장비,,,,통신장비,0,,,industry_fallback,중간
046310,백금T&A,KOSDAQ,통신·네트워크,업종:통신장비,,,,통신장비,0,,,industry_fallback,중간
099520,DGI,KOSDAQ,통신·네트워크,업종:통신장비,,,,통신장비,0,,,industry_fallback,중간
177900,쓰리에이로직스,KOSDAQ,통신·네트워크,업종:통신장비,,,,통신장비,0,,,industry_fallback,중간
380540,옵티코어,KOSDAQ,통신·네트워크,업종:통신장비,,,,통신장비,0,,,industry_fallback,중간
078070,유비쿼스홀딩스,KOSDAQ,통신·네트워크,지주사,,,,통신장비,1,지주사,,legacy_theme,높음
033790,피노,KOSDAQ,통신·네트워크,통신장비,2차전지(소재/부품),2차전지,,전기제품,3,2차전지 | 2차전지(소재/부품) | 통신장비,,legacy_theme,높음
037460,삼지전자,KOSDAQ,통신·네트워크,통신장비,5G(5세대 이동통신),,,통신장비,2,5G(5세대 이동통신) | 통신장비,,legacy_theme,높음
039560,다산네트웍스,KOSDAQ,통신·네트워크,통신장비,모바일솔루션(스마트폰),전후 재건(우크라/중동 전쟁 등),,통신장비,3,모바일솔루션(스마트폰) | 전후 재건(우크라/중동 전쟁 등) | 통신장비,,legacy_theme,높음
073490,LIG아큐버,KOSDAQ,통신·네트워크,통신장비,5G(5세대 이동통신),,,통신장비,2,5G(5세대 이동통신) | 통신장비,,legacy_theme,높음
078890,가온그룹,KOSDAQ,통신·네트워크,통신장비,지능형로봇/인공지능(AI),음성인식,증강현실(AR),전자제품,4,음성인식 | 증강현실(AR) | 지능형로봇/인공지능(AI) | 통신장비,,legacy_theme,높음
088280,쏘닉스,KOSDAQ,통신·네트워크,통신장비,5G(5세대 이동통신),,,핸드셋,2,5G(5세대 이동통신) | 통신장비,,legacy_theme,높음
088800,에이스테크,KOSDAQ,통신·네트워크,통신장비,5G(5세대 이동통신),자율주행차,방위산업/전쟁 및 테러,통신장비,4,5G(5세대 이동통신) | 방위산업/전쟁 및 테러 | 자율주행차 | 통신장비,,legacy_theme,높음
095270,웨이브일렉트로,KOSDAQ,통신·네트워크,통신장비,5G(5세대 이동통신),방위산업/전쟁 및 테러,,우주항공과국방,3,5G(5세대 이동통신) | 방위산업/전쟁 및 테러 | 통신장비,,legacy_theme,높음
138080,오이솔루션,KOSDAQ,통신·네트워크,통신장비,5G(5세대 이동통신),,,통신장비,2,5G(5세대 이동통신) | 통신장비,,legacy_theme,높음
148250,알엔투테크놀로지,KOSDAQ,통신·네트워크,통신장비,페라이트,,,통신장비,2,통신장비 | 페라이트,,legacy_theme,높음
175140,아고스,KOSDAQ,통신·네트워크,통신장비,5G(5세대 이동통신),지능형로봇/인공지능(AI),,전자제품,3,5G(5세대 이동통신) | 지능형로봇/인공지능(AI) | 통신장비,,legacy_theme,높음
192410,오늘이엔엠,KOSDAQ,통신·네트워크,통신장비,5G(5세대 이동통신),로봇(산업용/협동로봇 등),전후 재건(우크라/중동 전쟁 등),통신장비,4,5G(5세대 이동통신) | 로봇(산업용/협동로봇 등) | 전후 재건(우크라/중동 전쟁 등) | 통신장비,,legacy_theme,높음
200230,텔콘RF제약,KOSDAQ,통신·네트워크,통신장비,제약업체,,,제약,2,제약업체 | 통신장비,,legacy_theme,높음
215790,이노인스트루먼트,KOSDAQ,통신·네트워크,통신장비,5G(5세대 이동통신),전후 재건(우크라/중동 전쟁 등),,통신장비,3,5G(5세대 이동통신) | 전후 재건(우크라/중동 전쟁 등) | 통신장비,,legacy_theme,높음
230240,에치에프알,KOSDAQ,통신·네트워크,통신장비,5G(5세대 이동통신),,,통신장비,2,5G(5세대 이동통신) | 통신장비,,legacy_theme,높음
289930,웨이비스,KOSDAQ,통신·네트워크,통신장비,5G(5세대 이동통신),방위산업/전쟁 및 테러,,우주항공과국방,3,5G(5세대 이동통신) | 방위산업/전쟁 및 테러 | 통신장비,,legacy_theme,높음
340360,다보링크,KOSDAQ,통신·네트워크,통신장비,5G(5세대 이동통신),메타버스(Metaverse),,통신장비,3,5G(5세대 이동통신) | 메타버스(Metaverse) | 통신장비,,legacy_theme,높음
045520,크린앤사이언스,KOSDAQ,화학·정유,공기청정기,마스크,황사/미세먼지,,화학,3,공기청정기 | 마스크 | 황사/미세먼지,,legacy_theme,높음
900290,GRT,KOSDAQ,화학·정유,국내 상장 중국기업,,,,화학,1,국내 상장 중국기업,,legacy_theme,높음
042040,케이피엠테크,KOSDAQ,화학·정유,마스크,,,,화학,1,마스크,,legacy_theme,높음
286750,나노실리칸첨단소재,KOSDAQ,화학·정유,보안주(정보),,,,화학,3,보안주(정보) | 코로나19(진단/치료제/백신 개발 등) | 코로나19(진단키트),코로나19(진단/치료제/백신 개발 등) | 코로나19(진단키트),legacy_theme,높음
104480,티케이케미칼,KOSDAQ,화학·정유,석유화학,,,,화학,1,석유화학,,legacy_theme,높음
048830,엔피케이,KOSDAQ,화학·정유,아스콘(아스팔트 콘크리트),,,,화학,1,아스콘(아스팔트 콘크리트),,legacy_theme,높음
008370,원풍,KOSDAQ,화학·정유,업종:화학,,,,화학,0,,,industry_fallback,중간
036670,삼양케이씨아이,KOSDAQ,화학·정유,업종:화학,,,,화학,0,,,industry_fallback,중간
045060,오공,KOSDAQ,화학·정유,업종:화학,,,,화학,0,,,industry_fallback,중간
091970,LSK아이로봇,KOSDAQ,화학·정유,업종:화학,,,,화학,0,,,industry_fallback,중간
115570,스타플렉스,KOSDAQ,화학·정유,업종:화학,,,,화학,0,,,industry_fallback,중간
120240,대정화금,KOSDAQ,화학·정유,업종:화학,,,,화학,0,,,industry_fallback,중간
136410,아셈스,KOSDAQ,화학·정유,업종:화학,,,,화학,0,,,industry_fallback,중간
221980,케이디켐,KOSDAQ,화학·정유,업종:화학,,,,화학,0,,,industry_fallback,중간
318000,KBG,KOSDAQ,화학·정유,업종:화학,,,,화학,0,,,industry_fallback,중간
024060,흥구석유,KOSDAQ,화학·정유,윤활유,LPG(액화석유가스),주유소,,석유와가스,3,LPG(액화석유가스) | 윤활유 | 주유소,,legacy_theme,높음
065420,에스아이리소스,KOSDAQ,화학·정유,자원개발,,,,석유와가스,1,자원개발,,legacy_theme,높음
012700,리드코프,KOSDAQ,화학·정유,주유소,,,,석유와가스,2,日제품 불매운동(수혜) | 주유소,日제품 불매운동(수혜),legacy_theme,높음
014970,삼륭물산,KOSDAQ,화학·정유,탈 플라스틱(친환경/생분해성 등),DMZ 평화공원,日 수출 규제(국산화 등),,포장재,3,DMZ 평화공원 | 日 수출 규제(국산화 등) | 탈 플라스틱(친환경/생분해성 등),,legacy_theme,높음
037230,한국팩키지,KOSDAQ,화학·정유,탈 플라스틱(친환경/생분해성 등),,,,포장재,1,탈 플라스틱(친환경/생분해성 등),,legacy_theme,높음
285800,진영,KOSDAQ,화학·정유,탈 플라스틱(친환경/생분해성 등),리모델링/인테리어,,,화학,2,리모델링/인테리어 | 탈 플라스틱(친환경/생분해성 등),,legacy_theme,높음
340440,세림B&G,KOSDAQ,화학·정유,탈 플라스틱(친환경/생분해성 등),,,,포장재,1,탈 플라스틱(친환경/생분해성 등),,legacy_theme,높음
007770,한일화학,KOSDAQ,화학·정유,페라이트,,,,화학,1,페라이트,,legacy_theme,높음
014190,원익큐브,KOSDAQ,화학·정유,폴더블폰,,,,화학,1,폴더블폰,,legacy_theme,높음
187790,나노,KOSDAQ,화학·정유,황사/미세먼지,,,,화학,1,황사/미세먼지,,legacy_theme,높음
066970,엘앤에프,KOSPI,2차전지·전기차,2차전지(LFP/리튬인산철),2차전지(소재/부품),전기차,2차전지,전기제품,4,2차전지 | 2차전지(LFP/리튬인산철) | 2차전지(소재/부품) | 전기차,,legacy_theme,높음
092200,디아이씨,KOSPI,2차전지·전기차,2차전지(나트륨이온),로봇(산업용/협동로봇 등),전기차,자동차부품,자동차부품,6,2차전지(나트륨이온) | 로봇(산업용/협동로봇 등) | 자동차부품 | 전기차 | 쿠팡(coupang) | 탈 플라스틱(친환경/생분해성 등),,legacy_theme,높음
161000,애경케미칼,KOSPI,2차전지·전기차,2차전지(나트륨이온),2차전지(소재/부품),2차전지,석유화학,화학,5,2차전지 | 2차전지(나트륨이온) | 2차전지(소재/부품) | 밸류업(24년 기업가치 제고계획 발표) | 석유화학,밸류업(24년 기업가치 제고계획 발표),legacy_theme,높음
006400,삼성SDI,KOSPI,2차전지·전기차,2차전지(생산),2차전지(나트륨이온),2차전지(전고체),전력저장장치(ESS),전기제품,10,2차전지 | 2차전지(나트륨이온) | 2차전지(생산) | 2차전지(전고체) | IT 대표주 | 리비안(RIVIAN) | 스마트폰 | 아이폰 | 전기차 | 전력저장장치(ESS),,legacy_theme,높음
006405,삼성SDI우,KOSPI,2차전지·전기차,2차전지(생산),2차전지(나트륨이온),2차전지(전고체),전력저장장치(ESS),전기제품,10,2차전지 | 2차전지(나트륨이온) | 2차전지(생산) | 2차전지(전고체) | IT 대표주 | 리비안(RIVIAN) | 스마트폰 | 아이폰 | 전기차 | 전력저장장치(ESS),,legacy_theme_inherited,중간
096770,SK이노베이션,KOSPI,2차전지·전기차,2차전지(생산),2차전지(LFP/리튬인산철),냉각시스템(액침냉각 등),2차전지(전고체),석유와가스,15,2차전지 | 2차전지(LFP/리튬인산철) | 2차전지(생산) | 2차전지(전고체) | LPG(액화석유가스) | 냉각시스템(액침냉각 등) | 밸류업(24년 기업가치 제고계획 발표) | 석유화학 | 윤활유 | 자원개발 | 전기차 | 전력저장장치(ESS) | 정유 | 주유소 | 폐배터리,밸류업(24년 기업가치 제고계획 발표),legacy_theme,높음
096775,SK이노베이션우,KOSPI,2차전지·전기차,2차전지(생산),2차전지(LFP/리튬인산철),냉각시스템(액침냉각 등),2차전지(전고체),석유와가스,15,2차전지 | 2차전지(LFP/리튬인산철) | 2차전지(생산) | 2차전지(전고체) | LPG(액화석유가스) | 냉각시스템(액침냉각 등) | 밸류업(24년 기업가치 제고계획 발표) | 석유화학 | 윤활유 | 자원개발 | 전기차 | 전력저장장치(ESS) | 정유 | 주유소 | 폐배터리,밸류업(24년 기업가치 제고계획 발표),legacy_theme_inherited,중간
373220,LG에너지솔루션,KOSPI,2차전지·전기차,2차전지(생산),2차전지(나트륨이온),2차전지(LFP/리튬인산철),리튬,전기제품,12,2차전지 | 2차전지(LFP/리튬인산철) | 2차전지(나트륨이온) | 2차전지(생산) | 2차전지(전고체) | 니켈 | 리튬 | 밸류업(24년 기업가치 제고계획 발표) | 스페이스X(SpaceX) | 전기차 | 전력저장장치(ESS) | 폐배터리,밸류업(24년 기업가치 제고계획 발표),legacy_theme,높음
004910,조광페인트,KOSPI,2차전지·전기차,2차전지(소재/부품),2차전지,페인트,,건축자재,3,2차전지 | 2차전지(소재/부품) | 페인트,,legacy_theme,높음
005070,코스모신소재,KOSPI,2차전지·전기차,2차전지(소재/부품),전기차,2차전지,MLCC(적층세라믹콘덴서),화학,4,2차전지 | 2차전지(소재/부품) | MLCC(적층세라믹콘덴서) | 전기차,,legacy_theme,높음
006650,대한유화,KOSPI,2차전지·전기차,2차전지(소재/부품),2차전지,석유화학,,화학,3,2차전지 | 2차전지(소재/부품) | 석유화학,,legacy_theme,높음
008730,율촌화학,KOSPI,2차전지·전기차,2차전지(소재/부품),2차전지,日 수출 규제(국산화 등),,포장재,3,2차전지 | 2차전지(소재/부품) | 日 수출 규제(국산화 등),,legacy_theme,높음
014820,동원시스템즈,KOSPI,2차전지·전기차,2차전지(소재/부품),2차전지,,,포장재,4,2차전지 | 2차전지(소재/부품) | 밸류업(25년 기업가치 제고계획 발표) | 코리아 밸류업 지수(Korea Value-up Index),밸류업(25년 기업가치 제고계획 발표) | 코리아 밸류업 지수(Korea Value-up Index),legacy_theme,높음
014825,동원시스템즈우,KOSPI,2차전지·전기차,2차전지(소재/부품),2차전지,,,포장재,4,2차전지 | 2차전지(소재/부품) | 밸류업(25년 기업가치 제고계획 발표) | 코리아 밸류업 지수(Korea Value-up Index),밸류업(25년 기업가치 제고계획 발표) | 코리아 밸류업 지수(Korea Value-up Index),legacy_theme_inherited,중간
336370,솔루스첨단소재,KOSPI,2차전지·전기차,2차전지(소재/부품),OLED(유기 발광 다이오드),전기차,2차전지,전자장비와기기,5,2차전지 | 2차전지(소재/부품) | OLED(유기 발광 다이오드) | 전기차 | 코리아 밸류업 지수(Korea Value-up Index),코리아 밸류업 지수(Korea Value-up Index),legacy_theme,높음
450080,에코프로머티,KOSPI,2차전지·전기차,2차전지(소재/부품),2차전지,니켈,,전기제품,3,2차전지 | 2차전지(소재/부품) | 니켈,,legacy_theme,높음
017370,우신시스템,KOSPI,2차전지·전기차,2차전지(장비),전기차,자동차부품,2차전지,자동차부품,5,2차전지 | 2차전지(장비) | 리비안(RIVIAN) | 자동차부품 | 전기차,,legacy_theme,높음
480370,씨케이솔루션,KOSPI,2차전지·전기차,2차전지(장비),2차전지,,,기계,2,2차전지 | 2차전지(장비),,legacy_theme,높음
011500,한농화성,KOSPI,2차전지·전기차,2차전지(전고체),2차전지(소재/부품),2차전지,,화학,3,2차전지 | 2차전지(소재/부품) | 2차전지(전고체),,legacy_theme,높음
020150,롯데에너지머티리얼즈,KOSPI,2차전지·전기차,2차전지(전고체),2차전지(소재/부품),2차전지,PCB(FPCB 등),전자장비와기기,4,2차전지 | 2차전지(소재/부품) | 2차전지(전고체) | PCB(FPCB 등),,legacy_theme,높음
055490,테이팩스,KOSPI,2차전지·전기차,2차전지(전고체),2차전지(소재/부품),2차전지,폴더블폰,전자장비와기기,5,2차전지 | 2차전지(소재/부품) | 2차전지(전고체) | 스마트폰 | 폴더블폰,,legacy_theme,높음
361610,SK아이이테크놀로지,KOSPI,2차전지·전기차,2차전지(전고체),2차전지(소재/부품),2차전지,,전기제품,3,2차전지 | 2차전지(소재/부품) | 2차전지(전고체),,legacy_theme,높음
457190,이수스페셜티케미컬,KOSPI,2차전지·전기차,2차전지(전고체),2차전지,,,화학,2,2차전지 | 2차전지(전고체),,legacy_theme,높음
003670,포스코퓨처엠,KOSPI,2차전지·전기차,리튬,2차전지(소재/부품),2차전지,,화학,4,2차전지 | 2차전지(소재/부품) | 리튬 | 밸류업(24년 기업가치 제고계획 발표),밸류업(24년 기업가치 제고계획 발표),legacy_theme,높음
004490,세방전지,KOSPI,2차전지·전기차,리튬,전력저장장치(ESS),2차전지,,자동차부품,4,2차전지 | 리튬 | 밸류업(25년 기업가치 제고계획 발표) | 전력저장장치(ESS),밸류업(25년 기업가치 제고계획 발표),legacy_theme,높음
005420,코스모화학,KOSPI,2차전지·전기차,리튬,2차전지(소재/부품),2차전지,폐배터리,화학,4,2차전지 | 2차전지(소재/부품) | 리튬 | 폐배터리,,legacy_theme,높음
025560,미래산업,KOSPI,2차전지·전기차,리튬,반도체 장비,,,반도체와반도체장비,2,리튬 | 반도체 장비,,legacy_theme,높음
004710,한솔테크닉스,KOSPI,2차전지·전기차,무선충전기술,LED,태양광에너지,시스템반도체,전자장비와기기,8,LED | 갤럭시 부품주 | 무선충전기술 | 반도체 재료/부품 | 삼성페이 | 시스템반도체 | 태양광에너지 | 페라이트,,legacy_theme,높음
006260,LS,KOSPI,2차전지·전기차,무선충전기술,광통신(광케이블/광섬유 등),전력설비,풍력에너지,전기장비,7,광통신(광케이블/광섬유 등) | 무선충전기술 | 전력설비 | 전선 | 지주사 | 풍력에너지 | 해저터널(지하화/지하도로 등),,legacy_theme,높음
011070,LG이노텍,KOSPI,2차전지·전기차,무선충전기술,반도체 기판(FC-BGA/PCB/MLB 등),피지컬 AI/휴머노이드 로봇,자율주행차,전자장비와기기,12,메타버스(Metaverse) | 무선충전기술 | 반도체 기판(FC-BGA/PCB/MLB 등) | 밸류업(24년 기업가치 제고계획 발표) | 스마트카(SMART CAR) | 스마트폰 | 아이폰 | 자동차부품 | 자율주행차 | 카메라모듈/부품 | 코리아 밸류업 지수(Korea Value-up Index) | 피지컬 AI/휴머노이드 로봇,밸류업(24년 기업가치 제고계획 발표) | 코리아 밸류업 지수(Korea Value-up Index),legacy_theme,높음
090460,비에이치,KOSPI,2차전지·전기차,무선충전기술,아이폰,폴더블폰,PCB(FPCB 등),전자장비와기기,5,PCB(FPCB 등) | 갤럭시 부품주 | 무선충전기술 | 아이폰 | 폴더블폰,,legacy_theme,높음
000240,한국앤컴퍼니,KOSPI,2차전지·전기차,전기차,타이어,지주사,,자동차부품,3,전기차 | 지주사 | 타이어,,legacy_theme,높음
003720,삼영,KOSPI,2차전지·전기차,전기차,,,,화학,1,전기차,,legacy_theme,높음
009900,명신산업,KOSPI,2차전지·전기차,전기차,자동차부품,,,자동차부품,3,자동차부품 | 전기차 | 코리아 밸류업 지수(Korea Value-up Index),코리아 밸류업 지수(Korea Value-up Index),legacy_theme,높음
010690,화신,KOSPI,2차전지·전기차,전기차,자동차부품,,,자동차부품,2,자동차부품 | 전기차,,legacy_theme,높음
014910,성문전자,KOSPI,2차전지·전기차,전기차,,,,전기제품,1,전기차,,legacy_theme,높음
014915,성문전자우,KOSPI,2차전지·전기차,전기차,,,,전기제품,1,전기차,,legacy_theme_inherited,중간
023810,인팩,KOSPI,2차전지·전기차,전기차,자동차부품,,,자동차부품,2,자동차부품 | 전기차,,legacy_theme,높음
308170,씨티알모빌리티,KOSPI,2차전지·전기차,전기차,자동차부품,,,자동차부품,2,자동차부품 | 전기차,,legacy_theme,높음
024900,디와이덕양,KOSPI,2차전지·전기차,전기차 화재 방지(배터리 열폭주 등),전력저장장치(ESS),전기차,자동차부품,자동차부품,5,그래핀 | 자동차부품 | 전기차 | 전기차 화재 방지(배터리 열폭주 등) | 전력저장장치(ESS),,legacy_theme,높음
200880,서연이화,KOSPI,2차전지·전기차,전기차 화재 방지(배터리 열폭주 등),자동차부품,UAM(도심항공모빌리티),,자동차부품,3,UAM(도심항공모빌리티) | 자동차부품 | 전기차 화재 방지(배터리 열폭주 등),,legacy_theme,높음
214330,금호에이치티,KOSPI,2차전지·전기차,전기차 화재 방지(배터리 열폭주 등),LED,전기차,자동차부품,자동차부품,4,LED | 자동차부품 | 전기차 | 전기차 화재 방지(배터리 열폭주 등),,legacy_theme,높음
372910,한컴라이프케어,KOSPI,2차전지·전기차,전기차 화재 방지(배터리 열폭주 등),방위산업/전쟁 및 테러,마스크,,건강관리장비와용품,4,마스크 | 방위산업/전쟁 및 테러 | 재난/안전(지진/화재 등) | 전기차 화재 방지(배터리 열폭주 등),재난/안전(지진/화재 등),legacy_theme,높음
001740,SK네트웍스,KOSPI,2차전지·전기차,전기차(충전소/충전기),종합상사,마켓컬리(kurly),호텔/리조트,복합기업,5,마켓컬리(kurly) | 밸류업(24년 기업가치 제고계획 발표) | 전기차(충전소/충전기) | 종합상사 | 호텔/리조트,밸류업(24년 기업가치 제고계획 발표),legacy_theme,높음
011690,와이투솔루션,KOSPI,2차전지·전기차,전기차(충전소/충전기),LED,로봇(산업용/협동로봇 등),OLED(유기 발광 다이오드),전자장비와기기,4,LED | OLED(유기 발광 다이오드) | 로봇(산업용/협동로봇 등) | 전기차(충전소/충전기),,legacy_theme,높음
032640,LG유플러스,KOSPI,2차전지·전기차,전기차(충전소/충전기),양자암호/양자컴퓨팅,5G(5세대 이동통신),통신,무선통신서비스,8,5G(5세대 이동통신) | UAM(도심항공모빌리티) | 메타버스(Metaverse) | 밸류업(24년 기업가치 제고계획 발표) | 스마트홈(홈네트워크) | 양자암호/양자컴퓨팅 | 전기차(충전소/충전기) | 통신,밸류업(24년 기업가치 제고계획 발표),legacy_theme,높음
037560,LG헬로비전,KOSPI,2차전지·전기차,전기차(충전소/충전기),,,,방송과엔터테인먼트,1,전기차(충전소/충전기),,legacy_theme,높음
248070,솔루엠,KOSPI,2차전지·전기차,전기차(충전소/충전기),,,,전자장비와기기,1,전기차(충전소/충전기),,legacy_theme,높음
286940,롯데이노베이트,KOSPI,2차전지·전기차,전기차(충전소/충전기),전기차 화재 방지(배터리 열폭주 등),피지컬 AI/휴머노이드 로봇,지능형로봇/인공지능(AI),IT서비스,8,SI(시스템통합) | 메타버스(Metaverse) | 밸류업(24년 기업가치 제고계획 발표) | 블록체인 | 전기차 화재 방지(배터리 열폭주 등) | 전기차(충전소/충전기) | 지능형로봇/인공지능(AI) | 피지컬 AI/휴머노이드 로봇,밸류업(24년 기업가치 제고계획 발표),legacy_theme,높음
004250,NPC,KOSPI,2차전지·전기차,폐배터리,,,,포장재,1,폐배터리,,legacy_theme,높음
004255,NPC우,KOSPI,2차전지·전기차,폐배터리,,,,포장재,1,폐배터리,,legacy_theme_inherited,중간
017860,DS단석,KOSPI,2차전지·전기차,폐배터리,,,,화학,1,폐배터리,,legacy_theme,높음
007110,일신석재,KOSPI,건설·인프라,DMZ 평화공원,남북경협,,,건축자재,2,DMZ 평화공원 | 남북경협,,legacy_theme,높음
001260,남광토건,KOSPI,건설·인프라,GTX(수도권 광역급행철도),건설 중소형,철도,남북경협,건설,4,GTX(수도권 광역급행철도) | 건설 중소형 | 남북경협 | 철도,,legacy_theme,높음
002150,도화엔지니어링,KOSPI,건설·인프라,GTX(수도권 광역급행철도),철도,태양광에너지,수자원(양적/질적 개선),건설,6,GTX(수도권 광역급행철도) | 남북경협 | 수자원(양적/질적 개선) | 전후 재건(우크라/중동 전쟁 등) | 철도 | 태양광에너지,,legacy_theme,높음
002990,금호건설,KOSPI,건설·인프라,GTX(수도권 광역급행철도),건설 중소형,수자원(양적/질적 개선),,건설,3,GTX(수도권 광역급행철도) | 건설 중소형 | 수자원(양적/질적 개선),,legacy_theme,높음
002995,금호건설우,KOSPI,건설·인프라,GTX(수도권 광역급행철도),건설 중소형,수자원(양적/질적 개선),,건설,3,GTX(수도권 광역급행철도) | 건설 중소형 | 수자원(양적/질적 개선),,legacy_theme_inherited,중간
005960,동부건설,KOSPI,건설·인프라,GTX(수도권 광역급행철도),건설 중소형,,,건설,2,GTX(수도권 광역급행철도) | 건설 중소형,,legacy_theme,높음
005965,동부건설우,KOSPI,건설·인프라,GTX(수도권 광역급행철도),건설 중소형,,,건설,2,GTX(수도권 광역급행철도) | 건설 중소형,,legacy_theme_inherited,중간
009410,태영건설,KOSPI,건설·인프라,GTX(수도권 광역급행철도),건설 중소형,폐기물처리,수자원(양적/질적 개선),건설,4,GTX(수도권 광역급행철도) | 건설 중소형 | 수자원(양적/질적 개선) | 폐기물처리,,legacy_theme,높음
009415,태영건설우,KOSPI,건설·인프라,GTX(수도권 광역급행철도),건설 중소형,폐기물처리,수자원(양적/질적 개선),건설,4,GTX(수도권 광역급행철도) | 건설 중소형 | 수자원(양적/질적 개선) | 폐기물처리,,legacy_theme_inherited,중간
014790,HL D&I,KOSPI,건설·인프라,GTX(수도권 광역급행철도),건설 중소형,,,건설,2,GTX(수도권 광역급행철도) | 건설 중소형,,legacy_theme,높음
028100,동아지질,KOSPI,건설·인프라,GTX(수도권 광역급행철도),철도,해저터널(지하화/지하도로 등),,건설,4,GTX(수도권 광역급행철도) | 재난/안전(지진/화재 등) | 철도 | 해저터널(지하화/지하도로 등),재난/안전(지진/화재 등),legacy_theme,높음
064350,현대로템,KOSPI,건설·인프라,GTX(수도권 광역급행철도),우주항공산업(누리호/인공위성 등),철도,수소에너지(수소차/연료전지 등),우주항공과국방,6,GTX(수도권 광역급행철도) | 방위산업/전쟁 및 테러 | 수소에너지(수소차/연료전지 등) | 우주항공산업(누리호/인공위성 등) | 철도 | 코리아 밸류업 지수(Korea Value-up Index),코리아 밸류업 지수(Korea Value-up Index),legacy_theme,높음
000720,현대건설,KOSPI,건설·인프라,건설 대표주,원자력발전소 해체,GTX(수도권 광역급행철도),풍력에너지,건설,10,GTX(수도권 광역급행철도) | UAM(도심항공모빌리티) | 건설 대표주 | 남북경협 | 밸류업(25년 기업가치 제고계획 발표) | 원자력발전 | 원자력발전소 해체 | 전후 재건(우크라/중동 전쟁 등) | 테마파크 | 풍력에너지,밸류업(25년 기업가치 제고계획 발표),legacy_theme,높음
000725,현대건설우,KOSPI,건설·인프라,건설 대표주,원자력발전소 해체,GTX(수도권 광역급행철도),풍력에너지,건설,10,GTX(수도권 광역급행철도) | UAM(도심항공모빌리티) | 건설 대표주 | 남북경협 | 밸류업(25년 기업가치 제고계획 발표) | 원자력발전 | 원자력발전소 해체 | 전후 재건(우크라/중동 전쟁 등) | 테마파크 | 풍력에너지,밸류업(25년 기업가치 제고계획 발표),legacy_theme_inherited,중간
006360,GS건설,KOSPI,건설·인프라,건설 대표주,GTX(수도권 광역급행철도),원자력발전,모듈러주택,건설,6,GTX(수도권 광역급행철도) | 건설 대표주 | 모듈러주택 | 수자원(양적/질적 개선) | 원자력발전 | 전후 재건(우크라/중동 전쟁 등),,legacy_theme,높음
028260,삼성물산,KOSPI,건설·인프라,건설 대표주,태양광에너지,S7(삼성전자/SK하이닉스 등),종합상사,복합기업,9,S7(삼성전자/SK하이닉스 등) | 건설 대표주 | 모듈러주택 | 자원개발 | 전후 재건(우크라/중동 전쟁 등) | 종합상사 | 지주사 | 태양광에너지 | 패션/의류,,legacy_theme,높음
047040,대우건설,KOSPI,건설·인프라,건설 대표주,GTX(수도권 광역급행철도),원자력발전,수자원(양적/질적 개선),건설,5,GTX(수도권 광역급행철도) | 건설 대표주 | 수자원(양적/질적 개선) | 원자력발전 | 전후 재건(우크라/중동 전쟁 등),,legacy_theme,높음
294870,IPARK현대산업개발,KOSPI,건설·인프라,건설 대표주,GTX(수도권 광역급행철도),호텔/리조트,부동산 보유 자산주,건설,4,GTX(수도권 광역급행철도) | 건설 대표주 | 부동산 보유 자산주 | 호텔/리조트,,legacy_theme,높음
375500,DL이앤씨,KOSPI,건설·인프라,건설 대표주,GTX(수도권 광역급행철도),원자력발전,전후 재건(우크라/중동 전쟁 등),건설,4,GTX(수도권 광역급행철도) | 건설 대표주 | 원자력발전 | 전후 재건(우크라/중동 전쟁 등),,legacy_theme,높음
002460,HS화성,KOSPI,건설·인프라,건설 중소형,,,,건설,1,건설 중소형,,legacy_theme,높음
002780,진흥기업,KOSPI,건설·인프라,건설 중소형,,,,건설,1,건설 중소형,,legacy_theme,높음
002785,진흥기업우B,KOSPI,건설·인프라,건설 중소형,,,,건설,1,건설 중소형,,legacy_theme_inherited,중간
002787,진흥기업2우B,KOSPI,건설·인프라,건설 중소형,,,,건설,1,건설 중소형,,legacy_theme_inherited,중간
003070,코오롱글로벌,KOSPI,건설·인프라,건설 중소형,풍력에너지,태양광에너지,종합상사,건설,6,건설 중소형 | 모듈러주택 | 수자원(양적/질적 개선) | 종합상사 | 태양광에너지 | 풍력에너지,,legacy_theme,높음
003075,코오롱글로벌우,KOSPI,건설·인프라,건설 중소형,풍력에너지,태양광에너지,종합상사,건설,6,건설 중소형 | 모듈러주택 | 수자원(양적/질적 개선) | 종합상사 | 태양광에너지 | 풍력에너지,,legacy_theme_inherited,중간
004960,한신공영,KOSPI,건설·인프라,건설 중소형,모듈러주택,,,건설,2,건설 중소형 | 모듈러주택,,legacy_theme,높음
010780,아이에스동서,KOSPI,건설·인프라,건설 중소형,폐배터리,부동산 보유 자산주,,건설,3,건설 중소형 | 부동산 보유 자산주 | 폐배터리,,legacy_theme,높음
010960,삼호개발,KOSPI,건설·인프라,건설 중소형,,,,건설,1,건설 중소형,,legacy_theme,높음
013360,일성건설,KOSPI,건설·인프라,건설 중소형,,,,건설,1,건설 중소형,,legacy_theme,높음
013580,계룡건설,KOSPI,건설·인프라,건설 중소형,,,,건설,1,건설 중소형,,legacy_theme,높음
013700,까뮤이앤씨,KOSPI,건설·인프라,건설 중소형,,,,건설,1,건설 중소형,,legacy_theme,높음
003010,혜인,KOSPI,건설·인프라,건설기계,태양광에너지,방위산업/전쟁 및 테러,전후 재건(우크라/중동 전쟁 등),기계,5,건설기계 | 방위산업/전쟁 및 테러 | 전후 재건(우크라/중동 전쟁 등) | 태양광에너지 | 환율하락 수혜,환율하락 수혜,legacy_theme,높음
015230,대창단조,KOSPI,건설·인프라,건설기계,,,,기계,1,건설기계,,legacy_theme,높음
017550,수산세보틱스,KOSPI,건설·인프라,건설기계,전후 재건(우크라/중동 전쟁 등),,,기계,2,건설기계 | 전후 재건(우크라/중동 전쟁 등),,legacy_theme,높음
079900,전진건설로봇,KOSPI,건설·인프라,건설기계,전후 재건(우크라/중동 전쟁 등),,,기계,2,건설기계 | 전후 재건(우크라/중동 전쟁 등),,legacy_theme,높음
210540,디와이파워,KOSPI,건설·인프라,건설기계,전후 재건(우크라/중동 전쟁 등),,,기계,2,건설기계 | 전후 재건(우크라/중동 전쟁 등),,legacy_theme,높음
241560,두산밥캣,KOSPI,건설·인프라,건설기계,지주사,,,기계,4,건설기계 | 밸류업(24년 기업가치 제고계획 발표) | 지주사 | 코리아 밸류업 지수(Korea Value-up Index),밸류업(24년 기업가치 제고계획 발표) | 코리아 밸류업 지수(Korea Value-up Index),legacy_theme,높음
267270,HD건설기계,KOSPI,건설·인프라,건설기계,전후 재건(우크라/중동 전쟁 등),,,기계,3,건설기계 | 밸류업(24년 기업가치 제고계획 발표) | 전후 재건(우크라/중동 전쟁 등),밸류업(24년 기업가치 제고계획 발표),legacy_theme,높음
005750,대림바스,KOSPI,건설·인프라,리모델링/인테리어,,,,건축제품,1,리모델링/인테리어,,legacy_theme,높음
006570,대림통상,KOSPI,건설·인프라,리모델링/인테리어,,,,건축제품,1,리모델링/인테리어,,legacy_theme,높음
344820,KCC글라스,KOSPI,건설·인프라,리모델링/인테리어,,,,건축자재,1,리모델링/인테리어,,legacy_theme,높음
446070,유니드비티플러스,KOSPI,건설·인프라,리모델링/인테리어,,,,건축자재,1,리모델링/인테리어,,legacy_theme,높음
028050,삼성E&A,KOSPI,건설·인프라,수자원(양적/질적 개선),전후 재건(우크라/중동 전쟁 등),,,건설,2,수자원(양적/질적 개선) | 전후 재건(우크라/중동 전쟁 등),,legacy_theme,높음
000910,유니온,KOSPI,건설·인프라,시멘트/레미콘,요소수,희귀금속(희토류 등),,건축자재,3,시멘트/레미콘 | 요소수 | 희귀금속(희토류 등),,legacy_theme,높음
001520,동양,KOSPI,건설·인프라,시멘트/레미콘,마스크,,,건축자재,2,마스크 | 시멘트/레미콘,,legacy_theme,높음
001525,동양우,KOSPI,건설·인프라,시멘트/레미콘,마스크,,,건축자재,2,마스크 | 시멘트/레미콘,,legacy_theme_inherited,중간
001527,동양2우B,KOSPI,건설·인프라,시멘트/레미콘,마스크,,,건축자재,2,마스크 | 시멘트/레미콘,,legacy_theme_inherited,중간
004980,성신양회,KOSPI,건설·인프라,시멘트/레미콘,,,,건축자재,1,시멘트/레미콘,,legacy_theme,높음
004985,성신양회우,KOSPI,건설·인프라,시멘트/레미콘,,,,건축자재,1,시멘트/레미콘,,legacy_theme_inherited,중간
011390,부산산업,KOSPI,건설·인프라,시멘트/레미콘,철도,해저터널(지하화/지하도로 등),,건축자재,3,시멘트/레미콘 | 철도 | 해저터널(지하화/지하도로 등),,legacy_theme,높음
183190,아세아시멘트,KOSPI,건설·인프라,시멘트/레미콘,,,,건축자재,1,시멘트/레미콘,,legacy_theme,높음
300720,한일시멘트,KOSPI,건설·인프라,시멘트/레미콘,,,,건축자재,1,시멘트/레미콘,,legacy_theme,높음
001470,삼부토건,KOSPI,건설·인프라,업종:건설,,,,건설,0,,,industry_fallback,중간
002410,범양건영,KOSPI,건설·인프라,업종:건설,,,,건설,0,,,industry_fallback,중간
010400,우진아이엔에스,KOSPI,건설·인프라,업종:건설,,,,건설,0,,,industry_fallback,중간
002030,아세아,KOSPI,건설·인프라,지주사,,,,건축자재,1,지주사,,legacy_theme,높음
003300,한일홀딩스,KOSPI,건설·인프라,지주사,,,,건축자재,1,지주사,,legacy_theme,높음
023350,한국종합기술,KOSPI,건설·인프라,철도,테마파크,수자원(양적/질적 개선),,건설,4,수자원(양적/질적 개선) | 재난/안전(지진/화재 등) | 철도 | 테마파크,재난/안전(지진/화재 등),legacy_theme,높음
039570,HDC랩스,KOSPI,건설·인프라,철도,스마트홈(홈네트워크),,,건설,2,스마트홈(홈네트워크) | 철도,,legacy_theme,높음
000320,노루홀딩스,KOSPI,건설·인프라,페인트,지주사,,,건축자재,2,지주사 | 페인트,,legacy_theme,높음
000325,노루홀딩스우,KOSPI,건설·인프라,페인트,지주사,,,건축자재,2,지주사 | 페인트,,legacy_theme_inherited,중간
000860,강남제비스코,KOSPI,건설·인프라,페인트,,,,건축자재,1,페인트,,legacy_theme,높음
007210,벽산,KOSPI,건설·인프라,페인트,리모델링/인테리어,,,건축자재,2,리모델링/인테리어 | 페인트,,legacy_theme,높음
090350,노루페인트,KOSPI,건설·인프라,페인트,,,,건축자재,1,페인트,,legacy_theme,높음
090355,노루페인트우,KOSPI,건설·인프라,페인트,,,,건축자재,1,페인트,,legacy_theme_inherited,중간
011420,갤럭시아에스엠,KOSPI,금융,STO(토큰증권 발행),NFT(대체불가토큰),,,레저용장비와제품,2,NFT(대체불가토큰) | STO(토큰증권 발행),,legacy_theme,높음
003690,코리안리,KOSPI,금융,생명보험,손해보험,,,손해보험,2,생명보험 | 손해보험,,legacy_theme,높음
032830,삼성생명,KOSPI,금융,생명보험,S7(삼성전자/SK하이닉스 등),,,생명보험,2,S7(삼성전자/SK하이닉스 등) | 생명보험,,legacy_theme,높음
085620,미래에셋생명,KOSPI,금융,생명보험,,,,생명보험,1,생명보험,,legacy_theme,높음
088350,한화생명,KOSPI,금융,생명보험,인터넷은행,야놀자(Yanolja),,생명보험,3,생명보험 | 야놀자(Yanolja) | 인터넷은행,,legacy_theme,높음
000370,한화손해보험,KOSPI,금융,손해보험,,,,손해보험,1,손해보험,,legacy_theme,높음
000400,롯데손해보험,KOSPI,금융,손해보험,,,,손해보험,1,손해보험,,legacy_theme,높음
000540,흥국화재,KOSPI,금융,손해보험,,,,손해보험,1,손해보험,,legacy_theme,높음
000545,흥국화재우,KOSPI,금융,손해보험,,,,손해보험,1,손해보험,,legacy_theme_inherited,중간
000810,삼성화재,KOSPI,금융,손해보험,,,,손해보험,3,밸류업(25년 기업가치 제고계획 발표) | 손해보험 | 코리아 밸류업 지수(Korea Value-up Index),밸류업(25년 기업가치 제고계획 발표) | 코리아 밸류업 지수(Korea Value-up Index),legacy_theme,높음
000815,삼성화재우,KOSPI,금융,손해보험,,,,손해보험,3,밸류업(25년 기업가치 제고계획 발표) | 손해보험 | 코리아 밸류업 지수(Korea Value-up Index),밸류업(25년 기업가치 제고계획 발표) | 코리아 밸류업 지수(Korea Value-up Index),legacy_theme_inherited,중간
001450,현대해상,KOSPI,금융,손해보험,,,,손해보험,1,손해보험,,legacy_theme,높음
005830,DB손해보험,KOSPI,금융,손해보험,,,,손해보험,3,밸류업(25년 기업가치 제고계획 발표) | 손해보험 | 코리아 밸류업 지수(Korea Value-up Index),밸류업(25년 기업가치 제고계획 발표) | 코리아 밸류업 지수(Korea Value-up Index),legacy_theme,높음
031210,서울보증보험,KOSPI,금융,손해보험,,,,손해보험,2,밸류업(25년 기업가치 제고계획 발표) | 손해보험,밸류업(25년 기업가치 제고계획 발표),legacy_theme,높음
244920,에이플러스에셋,KOSPI,금융,업종:손해보험,,,,손해보험,0,,,industry_fallback,중간
006220,제주은행,KOSPI,금융,은행,,,,은행,1,은행,,legacy_theme,높음
024110,기업은행,KOSPI,금융,은행,,,,은행,2,밸류업(24년 기업가치 제고계획 발표) | 은행,밸류업(24년 기업가치 제고계획 발표),legacy_theme,높음
055550,신한지주,KOSPI,금융,은행,STO(토큰증권 발행),지주사,,은행,6,STO(토큰증권 발행) | 밸류업(24년 기업가치 제고계획 발표) | 밸류업(25년 기업가치 제고계획 발표) | 은행 | 지주사 | 코리아 밸류업 지수(Korea Value-up Index),밸류업(24년 기업가치 제고계획 발표) | 밸류업(25년 기업가치 제고계획 발표) | 코리아 밸류업 지수(Korea Value-up Index),legacy_theme,높음
086790,하나금융지주,KOSPI,금융,은행,STO(토큰증권 발행),토스(toss),지주사,은행,6,STO(토큰증권 발행) | 밸류업(24년 기업가치 제고계획 발표) | 은행 | 지주사 | 코리아 밸류업 지수(Korea Value-up Index) | 토스(toss),밸류업(24년 기업가치 제고계획 발표) | 코리아 밸류업 지수(Korea Value-up Index),legacy_theme,높음
105560,KB금융,KOSPI,금융,은행,STO(토큰증권 발행),인터넷은행,카카오뱅크(kakao BANK),은행,7,STO(토큰증권 발행) | 밸류업(24년 기업가치 제고계획 발표) | 은행 | 인터넷은행 | 지주사 | 카카오뱅크(kakao BANK) | 코리아 밸류업 지수(Korea Value-up Index),밸류업(24년 기업가치 제고계획 발표) | 코리아 밸류업 지수(Korea Value-up Index),legacy_theme,높음
138930,BNK금융지주,KOSPI,금융,은행,지주사,,,은행,3,밸류업(24년 기업가치 제고계획 발표) | 은행 | 지주사,밸류업(24년 기업가치 제고계획 발표),legacy_theme,높음
139130,iM금융지주,KOSPI,금융,은행,지주사,,,은행,3,밸류업(24년 기업가치 제고계획 발표) | 은행 | 지주사,밸류업(24년 기업가치 제고계획 발표),legacy_theme,높음
175330,JB금융지주,KOSPI,금융,은행,지주사,,,은행,5,밸류업(24년 기업가치 제고계획 발표) | 밸류업(25년 기업가치 제고계획 발표) | 은행 | 지주사 | 코리아 밸류업 지수(Korea Value-up Index),밸류업(24년 기업가치 제고계획 발표) | 밸류업(25년 기업가치 제고계획 발표) | 코리아 밸류업 지수(Korea Value-up Index),legacy_theme,높음
279570,케이뱅크,KOSPI,금융,은행,인터넷은행,,,은행,3,2026 상반기 신규상장 | 은행 | 인터넷은행,2026 상반기 신규상장,legacy_theme,높음
316140,우리금융지주,KOSPI,금융,은행,지주사,,,은행,5,밸류업(24년 기업가치 제고계획 발표) | 밸류업(25년 기업가치 제고계획 발표) | 은행 | 지주사 | 코리아 밸류업 지수(Korea Value-up Index),밸류업(24년 기업가치 제고계획 발표) | 밸류업(25년 기업가치 제고계획 발표) | 코리아 밸류업 지수(Korea Value-up Index),legacy_theme,높음
323410,카카오뱅크,KOSPI,금융,은행,인터넷은행,카카오뱅크(kakao BANK),,은행,4,밸류업(24년 기업가치 제고계획 발표) | 은행 | 인터넷은행 | 카카오뱅크(kakao BANK),밸류업(24년 기업가치 제고계획 발표),legacy_theme,높음
001200,유진투자증권,KOSPI,금융,증권,STO(토큰증권 발행),,,증권,2,STO(토큰증권 발행) | 증권,,legacy_theme,높음
001270,부국증권,KOSPI,금융,증권,,,,증권,1,증권,,legacy_theme,높음
001275,부국증권우,KOSPI,금융,증권,,,,증권,1,증권,,legacy_theme_inherited,중간
001290,상상인증권,KOSPI,금융,증권,,,,증권,1,증권,,legacy_theme,높음
001500,현대차증권,KOSPI,금융,증권,,,,증권,2,밸류업(25년 기업가치 제고계획 발표) | 증권,밸류업(25년 기업가치 제고계획 발표),legacy_theme,높음
001510,SK증권,KOSPI,금융,증권,STO(토큰증권 발행),,,증권,2,STO(토큰증권 발행) | 증권,,legacy_theme,높음
001515,SK증권우,KOSPI,금융,증권,STO(토큰증권 발행),,,증권,2,STO(토큰증권 발행) | 증권,,legacy_theme_inherited,중간
001720,신영증권,KOSPI,금융,증권,,,,증권,1,증권,,legacy_theme,높음
001750,한양증권,KOSPI,금융,증권,,,,증권,1,증권,,legacy_theme,높음
001755,한양증권우,KOSPI,금융,증권,,,,증권,1,증권,,legacy_theme_inherited,중간
003460,유화증권,KOSPI,금융,증권,,,,증권,1,증권,,legacy_theme,높음
003465,유화증권우,KOSPI,금융,증권,,,,증권,1,증권,,legacy_theme_inherited,중간
003470,유안타증권,KOSPI,금융,증권,,,,증권,2,밸류업(24년 기업가치 제고계획 발표) | 증권,밸류업(24년 기업가치 제고계획 발표),legacy_theme,높음
003475,유안타증권우,KOSPI,금융,증권,,,,증권,2,밸류업(24년 기업가치 제고계획 발표) | 증권,밸류업(24년 기업가치 제고계획 발표),legacy_theme_inherited,중간
003530,한화투자증권,KOSPI,금융,증권,가상화폐(비트코인 등),STO(토큰증권 발행),야놀자(Yanolja),증권,6,STO(토큰증권 발행) | 가상화폐(비트코인 등) | 두나무(Dunamu) | 야놀자(Yanolja) | 증권 | 토스(toss),,legacy_theme,높음
003535,한화투자증권우,KOSPI,금융,증권,가상화폐(비트코인 등),STO(토큰증권 발행),야놀자(Yanolja),증권,6,STO(토큰증권 발행) | 가상화폐(비트코인 등) | 두나무(Dunamu) | 야놀자(Yanolja) | 증권 | 토스(toss),,legacy_theme_inherited,중간
003540,대신증권,KOSPI,금융,증권,,,,증권,2,밸류업(25년 기업가치 제고계획 발표) | 증권,밸류업(25년 기업가치 제고계획 발표),legacy_theme,높음
003545,대신증권우,KOSPI,금융,증권,,,,증권,2,밸류업(25년 기업가치 제고계획 발표) | 증권,밸류업(25년 기업가치 제고계획 발표),legacy_theme_inherited,중간
003547,대신증권2우B,KOSPI,금융,증권,,,,증권,2,밸류업(25년 기업가치 제고계획 발표) | 증권,밸류업(25년 기업가치 제고계획 발표),legacy_theme_inherited,중간
005940,NH투자증권,KOSPI,금융,증권,STO(토큰증권 발행),인터넷은행,,증권,3,STO(토큰증권 발행) | 인터넷은행 | 증권,,legacy_theme,높음
005945,NH투자증권우,KOSPI,금융,증권,STO(토큰증권 발행),인터넷은행,,증권,3,STO(토큰증권 발행) | 인터넷은행 | 증권,,legacy_theme_inherited,중간
006800,미래에셋증권,KOSPI,금융,증권,스페이스X(SpaceX),,,증권,4,밸류업(24년 기업가치 제고계획 발표) | 스페이스X(SpaceX) | 증권 | 코리아 밸류업 지수(Korea Value-up Index),밸류업(24년 기업가치 제고계획 발표) | 코리아 밸류업 지수(Korea Value-up Index),legacy_theme,높음
006805,미래에셋증권우,KOSPI,금융,증권,스페이스X(SpaceX),,,증권,4,밸류업(24년 기업가치 제고계획 발표) | 스페이스X(SpaceX) | 증권 | 코리아 밸류업 지수(Korea Value-up Index),밸류업(24년 기업가치 제고계획 발표) | 코리아 밸류업 지수(Korea Value-up Index),legacy_theme_inherited,중간
016360,삼성증권,KOSPI,금융,증권,,,,증권,2,증권 | 코리아 밸류업 지수(Korea Value-up Index),코리아 밸류업 지수(Korea Value-up Index),legacy_theme,높음
016610,DB증권,KOSPI,금융,증권,,,,증권,2,밸류업(24년 기업가치 제고계획 발표) | 증권,밸류업(24년 기업가치 제고계획 발표),legacy_theme,높음
030210,다올투자증권,KOSPI,금융,증권,,,,증권,1,증권,,legacy_theme,높음
030610,교보증권,KOSPI,금융,증권,STO(토큰증권 발행),,,증권,2,STO(토큰증권 발행) | 증권,,legacy_theme,높음
039490,키움증권,KOSPI,금융,증권,STO(토큰증권 발행),,,증권,4,STO(토큰증권 발행) | 밸류업(24년 기업가치 제고계획 발표) | 증권 | 코리아 밸류업 지수(Korea Value-up Index),밸류업(24년 기업가치 제고계획 발표) | 코리아 밸류업 지수(Korea Value-up Index),legacy_theme,높음
071050,한국금융지주,KOSPI,금융,증권,STO(토큰증권 발행),인터넷은행,카카오뱅크(kakao BANK),증권,7,STO(토큰증권 발행) | 밸류업(25년 기업가치 제고계획 발표) | 인터넷은행 | 증권 | 지주사 | 카카오뱅크(kakao BANK) | 코리아 밸류업 지수(Korea Value-up Index),밸류업(25년 기업가치 제고계획 발표) | 코리아 밸류업 지수(Korea Value-up Index),legacy_theme,높음
071055,한국금융지주우,KOSPI,금융,증권,STO(토큰증권 발행),인터넷은행,카카오뱅크(kakao BANK),증권,7,STO(토큰증권 발행) | 밸류업(25년 기업가치 제고계획 발표) | 인터넷은행 | 증권 | 지주사 | 카카오뱅크(kakao BANK) | 코리아 밸류업 지수(Korea Value-up Index),밸류업(25년 기업가치 제고계획 발표) | 코리아 밸류업 지수(Korea Value-up Index),legacy_theme_inherited,중간
026890,스틱인베스트먼트,KOSPI,금융,창투사,,,,창업투자,1,창투사,,legacy_theme,높음
071950,코아스,KOSPI,기타·이벤트,DMZ 평화공원,,,,가구,1,DMZ 평화공원,,legacy_theme,높음
035510,신세계 I&C,KOSPI,기타·이벤트,SI(시스템통합),,,,IT서비스,1,SI(시스템통합),,legacy_theme,높음
267850,아시아나IDT,KOSPI,기타·이벤트,SI(시스템통합),,,,IT서비스,1,SI(시스템통합),,legacy_theme,높음
101140,인바이오젠,KOSPI,기타·이벤트,가상화폐(비트코인 등),키오스크(KIOSK),,,전자장비와기기,5,가상화폐(비트코인 등) | 코로나19(진단/치료제/백신 개발 등) | 코로나19(진단키트) | 코로나19(치료제/백신 개발 등) | 키오스크(KIOSK),코로나19(진단/치료제/백신 개발 등) | 코로나19(진단키트) | 코로나19(치료제/백신 개발 등),legacy_theme,높음
009450,경동나비엔,KOSPI,기타·이벤트,겨울,스마트홈(홈네트워크),,,가정용기기와용품,3,겨울 | 스마트홈(홈네트워크) | 코리아 밸류업 지수(Korea Value-up Index),코리아 밸류업 지수(Korea Value-up Index),legacy_theme,높음
071320,지역난방공사,KOSPI,기타·이벤트,겨울,LNG(액화천연가스),,,복합유틸리티,3,LNG(액화천연가스) | 겨울 | 밸류업(24년 기업가치 제고계획 발표),밸류업(24년 기업가치 제고계획 발표),legacy_theme,높음
002200,한국수출포장,KOSPI,기타·이벤트,골판지 제조,제지,,,포장재,2,골판지 제조 | 제지,,legacy_theme,높음
002310,아세아제지,KOSPI,기타·이벤트,골판지 제조,제지,,,포장재,2,골판지 제조 | 제지,,legacy_theme,높음
006740,블루산업개발,KOSPI,기타·이벤트,골판지 제조,,,,종이와목재,1,골판지 제조,,legacy_theme,높음
011280,태림포장,KOSPI,기타·이벤트,골판지 제조,,,,포장재,1,골판지 제조,,legacy_theme,높음
014160,대영포장,KOSPI,기타·이벤트,골판지 제조,,,,포장재,1,골판지 제조,,legacy_theme,높음
016590,신대양제지,KOSPI,기타·이벤트,골판지 제조,,,,포장재,1,골판지 제조,,legacy_theme,높음
100220,비상교육,KOSPI,기타·이벤트,교육/온라인 교육,,,,교육서비스,1,교육/온라인 교육,,legacy_theme,높음
017800,현대엘리베이터,KOSPI,기타·이벤트,남북경협,,,,기계,3,남북경협 | 밸류업(24년 기업가치 제고계획 발표) | 코리아 밸류업 지수(Korea Value-up Index),밸류업(24년 기업가치 제고계획 발표) | 코리아 밸류업 지수(Korea Value-up Index),legacy_theme,높음
002020,코오롱,KOSPI,기타·이벤트,두나무(Dunamu),지주사,,,복합기업,2,두나무(Dunamu) | 지주사,,legacy_theme,높음
002025,코오롱우,KOSPI,기타·이벤트,두나무(Dunamu),지주사,,,복합기업,2,두나무(Dunamu) | 지주사,,legacy_theme_inherited,중간
089860,롯데렌탈,KOSPI,기타·이벤트,렌터카,,,,도로와철도운송,3,렌터카 | 밸류업(24년 기업가치 제고계획 발표) | 코리아 밸류업 지수(Korea Value-up Index),밸류업(24년 기업가치 제고계획 발표) | 코리아 밸류업 지수(Korea Value-up Index),legacy_theme,높음
009240,한샘,KOSPI,기타·이벤트,리모델링/인테리어,,,,가구,2,리모델링/인테리어 | 코리아 밸류업 지수(Korea Value-up Index),코리아 밸류업 지수(Korea Value-up Index),legacy_theme,높음
011090,에넥스,KOSPI,기타·이벤트,리모델링/인테리어,,,,가구,1,리모델링/인테리어,,legacy_theme,높음
004270,남성,KOSPI,기타·이벤트,리비안(RIVIAN),UAM(도심항공모빌리티),,,전자장비와기기,2,UAM(도심항공모빌리티) | 리비안(RIVIAN),,legacy_theme,높음
088260,이리츠코크렙,KOSPI,기타·이벤트,리츠/부동산,,,,부동산,1,리츠(REITs),,name_rule,높음
138040,메리츠금융지주,KOSPI,기타·이벤트,리츠/부동산,,,,증권,4,밸류업(24년 기업가치 제고계획 발표) | 밸류업(25년 기업가치 제고계획 발표) | 지주사 | 코리아 밸류업 지수(Korea Value-up Index),밸류업(24년 기업가치 제고계획 발표) | 밸류업(25년 기업가치 제고계획 발표) | 코리아 밸류업 지수(Korea Value-up Index),name_rule,높음
145270,케이탑리츠,KOSPI,기타·이벤트,리츠/부동산,,,,부동산,1,리츠(REITs),,name_rule,높음
181480,ACE 미국부동산리츠(합성 H),KOSPI,기타·이벤트,리츠/부동산,,,,기타,0,,,name_rule,높음
182480,TIGER 미국MSCI리츠(합성 H),KOSPI,기타·이벤트,리츠/부동산,,,,기타,0,,,name_rule,높음
293940,신한알파리츠,KOSPI,기타·이벤트,리츠/부동산,,,,부동산,1,리츠(REITs),,name_rule,높음
316300,ACE 싱가포르리츠,KOSPI,기타·이벤트,리츠/부동산,,,,기타,0,,,name_rule,높음
329200,TIGER 리츠부동산인프라,KOSPI,기타·이벤트,리츠/부동산,,,,기타,0,,,name_rule,높음
330590,롯데리츠,KOSPI,기타·이벤트,리츠/부동산,,,,부동산,2,리츠(REITs) | 밸류업(24년 기업가치 제고계획 발표),밸류업(24년 기업가치 제고계획 발표),name_rule,높음
334890,이지스밸류플러스리츠,KOSPI,기타·이벤트,리츠/부동산,,,,부동산,1,리츠(REITs),,name_rule,높음
338100,NH프라임리츠,KOSPI,기타·이벤트,리츠/부동산,,,,부동산,1,리츠(REITs),,name_rule,높음
341850,TIGER 리츠부동산인프라채권,KOSPI,기타·이벤트,리츠/부동산,,,,기타,0,,,name_rule,높음
348950,제이알글로벌리츠,KOSPI,기타·이벤트,리츠/부동산,,,,부동산,0,,,name_rule,높음
350520,이지스레지던스리츠,KOSPI,기타·이벤트,리츠/부동산,,,,부동산,1,리츠(REITs),,name_rule,높음
352540,KODEX 일본부동산리츠(H),KOSPI,기타·이벤트,리츠/부동산,,,,기타,0,,,name_rule,높음
352560,KODEX 미국부동산리츠(H),KOSPI,기타·이벤트,리츠/부동산,,,,기타,0,,,name_rule,높음
357120,코람코라이프인프라리츠,KOSPI,기타·이벤트,리츠/부동산,리츠(REITs),,,부동산,2,리츠(REITs) | 주유소,,name_rule,높음
357250,미래에셋맵스리츠,KOSPI,기타·이벤트,리츠/부동산,,,,부동산,1,리츠(REITs),,name_rule,높음
357430,마스턴프리미어리츠,KOSPI,기타·이벤트,리츠/부동산,,,,부동산,1,리츠(REITs),,name_rule,높음
365550,ESR켄달스퀘어리츠,KOSPI,기타·이벤트,리츠/부동산,리츠(REITs),,,부동산,2,리츠(REITs) | 쿠팡(coupang),,name_rule,높음
375270,RISE 글로벌데이터센터리츠(합성),KOSPI,기타·이벤트,리츠/부동산,,,,기타,0,,,name_rule,높음
377190,디앤디플랫폼리츠,KOSPI,기타·이벤트,리츠/부동산,,,,부동산,1,리츠(REITs),,name_rule,높음
395400,SK리츠,KOSPI,기타·이벤트,리츠/부동산,리츠(REITs),,,부동산,2,리츠(REITs) | 주유소,,name_rule,높음
396690,미래에셋글로벌리츠,KOSPI,기타·이벤트,리츠/부동산,,,,부동산,1,리츠(REITs),,name_rule,높음
400760,NH올원리츠,KOSPI,기타·이벤트,리츠/부동산,,,,부동산,1,리츠(REITs),,name_rule,높음
404990,신한서부티엔디리츠,KOSPI,기타·이벤트,리츠/부동산,,,,부동산,1,리츠(REITs),,name_rule,높음
417310,코람코더원리츠,KOSPI,기타·이벤트,리츠/부동산,,,,부동산,1,리츠(REITs),,name_rule,높음
429740,PLUS K리츠,KOSPI,기타·이벤트,리츠/부동산,,,,기타,0,,,name_rule,높음
432320,KB스타리츠,KOSPI,기타·이벤트,리츠/부동산,,,,부동산,1,리츠(REITs),,name_rule,높음
448730,삼성FN리츠,KOSPI,기타·이벤트,리츠/부동산,,,,부동산,1,리츠(REITs),,name_rule,높음
451800,한화리츠,KOSPI,기타·이벤트,리츠/부동산,,,,부동산,1,리츠(REITs),,name_rule,높음
476800,KODEX 한국부동산리츠인프라,KOSPI,기타·이벤트,리츠/부동산,,,,기타,0,,,name_rule,높음
481850,신한글로벌액티브리츠,KOSPI,기타·이벤트,리츠/부동산,,,,부동산,1,리츠(REITs),,name_rule,높음
610001,메리츠 인플레이션 국채 ETN,KOSPI,기타·이벤트,리츠/부동산,,,,기타,0,,,name_rule,높음
610003,메리츠 미국 인플레이션 국채 ETN(H),KOSPI,기타·이벤트,리츠/부동산,,,,기타,0,,,name_rule,높음
610007,메리츠 국채30년 ETN,KOSPI,기타·이벤트,리츠/부동산,,,,기타,0,,,name_rule,높음
610018,메리츠 국채10년 ETN,KOSPI,기타·이벤트,리츠/부동산,,,,기타,0,,,name_rule,높음
610020,메리츠 인버스 국채10년 ETN,KOSPI,기타·이벤트,리츠/부동산,,,,기타,0,,,name_rule,높음
610022,메리츠 미국채10년 ETN(H),KOSPI,기타·이벤트,리츠/부동산,,,,기타,0,,,name_rule,높음
610023,메리츠 레버리지 미국채10년 ETN(H),KOSPI,기타·이벤트,리츠/부동산,,,,기타,0,,,name_rule,높음
610024,메리츠 인버스 미국채10년 ETN(H),KOSPI,기타·이벤트,리츠/부동산,,,,기타,0,,,name_rule,높음
610025,메리츠 인버스 2X 미국채10년 ETN(H),KOSPI,기타·이벤트,리츠/부동산,,,,기타,0,,,name_rule,높음
610028,메리츠 레버리지 구리 선물 ETN(H),KOSPI,기타·이벤트,리츠/부동산,,,,기타,0,,,name_rule,높음
610029,메리츠 인버스 2X 구리 선물 ETN(H),KOSPI,기타·이벤트,리츠/부동산,,,,기타,0,,,name_rule,높음
610030,메리츠 S&P 유럽탄소배출권 선물 ETN(H),KOSPI,기타·이벤트,리츠/부동산,,,,기타,0,,,name_rule,높음
610034,메리츠 대표 농산물 선물 ETN(H),KOSPI,기타·이벤트,리츠/부동산,,,,기타,0,,,name_rule,높음
610035,메리츠 레버리지 대표 농산물 선물 ETN(H),KOSPI,기타·이벤트,리츠/부동산,,,,기타,0,,,name_rule,높음
610036,메리츠 인버스 2X 대표 농산물 선물 ETN(H),KOSPI,기타·이벤트,리츠/부동산,,,,기타,0,,,name_rule,높음
610037,메리츠 미국채30년 ETN(H),KOSPI,기타·이벤트,리츠/부동산,,,,기타,0,,,name_rule,높음
610038,메리츠 레버리지 미국채30년 ETN(H),KOSPI,기타·이벤트,리츠/부동산,,,,기타,0,,,name_rule,높음
610039,메리츠 인버스 미국채30년 ETN(H),KOSPI,기타·이벤트,리츠/부동산,,,,기타,0,,,name_rule,높음
610040,메리츠 인버스 2X 미국채30년 ETN(H),KOSPI,기타·이벤트,리츠/부동산,,,,기타,0,,,name_rule,높음
610045,메리츠 국채3년 ETN,KOSPI,기타·이벤트,리츠/부동산,,,,기타,0,,,name_rule,높음
610047,메리츠 인버스 국채3년 ETN,KOSPI,기타·이벤트,리츠/부동산,,,,기타,0,,,name_rule,높음
610049,메리츠 국채5년 ETN,KOSPI,기타·이벤트,리츠/부동산,,,,기타,0,,,name_rule,높음
610051,메리츠 인버스 국채5년 ETN,KOSPI,기타·이벤트,리츠/부동산,,,,기타,0,,,name_rule,높음
610055,메리츠 3X 레버리지 국채3년 ETN,KOSPI,기타·이벤트,리츠/부동산,,,,기타,0,,,name_rule,높음
610056,메리츠 인버스 3X 국채3년 ETN,KOSPI,기타·이벤트,리츠/부동산,,,,기타,0,,,name_rule,높음
610057,메리츠 3X 레버리지 국채5년 ETN,KOSPI,기타·이벤트,리츠/부동산,,,,기타,0,,,name_rule,높음
610058,메리츠 인버스 3X 국채5년 ETN,KOSPI,기타·이벤트,리츠/부동산,,,,기타,0,,,name_rule,높음
610059,메리츠 3X 레버리지 국채10년 ETN,KOSPI,기타·이벤트,리츠/부동산,,,,기타,0,,,name_rule,높음
610060,메리츠 인버스 3X 국채10년 ETN,KOSPI,기타·이벤트,리츠/부동산,,,,기타,0,,,name_rule,높음
610061,메리츠 3X 레버리지 국채30년 ETN,KOSPI,기타·이벤트,리츠/부동산,,,,기타,0,,,name_rule,높음
610062,메리츠 인버스 3X 국채30년 ETN,KOSPI,기타·이벤트,리츠/부동산,,,,기타,0,,,name_rule,높음
610063,메리츠 KIS CD금리투자 ETN,KOSPI,기타·이벤트,리츠/부동산,,,,기타,0,,,name_rule,높음
610064,메리츠 KAP 통안채 6개월 ETN,KOSPI,기타·이벤트,리츠/부동산,,,,기타,0,,,name_rule,높음
610066,메리츠 KAP 통안채 3개월 ETN,KOSPI,기타·이벤트,리츠/부동산,,,,기타,0,,,name_rule,높음
610068,메리츠 KAP 일본 엔화 ETN,KOSPI,기타·이벤트,리츠/부동산,,,,기타,0,,,name_rule,높음
610069,메리츠 KAP 레버리지 일본 엔화 ETN,KOSPI,기타·이벤트,리츠/부동산,,,,기타,0,,,name_rule,높음
610070,메리츠 KAP 인버스 2X 일본 엔화 ETN,KOSPI,기타·이벤트,리츠/부동산,,,,기타,0,,,name_rule,높음
610071,메리츠 KAP 중국 위안화 ETN,KOSPI,기타·이벤트,리츠/부동산,,,,기타,0,,,name_rule,높음
610072,메리츠 KAP 레버리지 중국 위안화 ETN,KOSPI,기타·이벤트,리츠/부동산,,,,기타,0,,,name_rule,높음
610073,메리츠 KAP 인버스 2X 중국 위안화 ETN,KOSPI,기타·이벤트,리츠/부동산,,,,기타,0,,,name_rule,높음
610074,메리츠 미국채10년 ETN,KOSPI,기타·이벤트,리츠/부동산,,,,기타,0,,,name_rule,높음
610075,메리츠 3X 레버리지 미국채10년 ETN,KOSPI,기타·이벤트,리츠/부동산,,,,기타,0,,,name_rule,높음
610076,메리츠 인버스 3X 미국채10년 ETN,KOSPI,기타·이벤트,리츠/부동산,,,,기타,0,,,name_rule,높음
610077,메리츠 미국채30년 ETN,KOSPI,기타·이벤트,리츠/부동산,,,,기타,0,,,name_rule,높음
610078,메리츠 3X 레버리지 미국채30년 ETN,KOSPI,기타·이벤트,리츠/부동산,,,,기타,0,,,name_rule,높음
610079,메리츠 인버스 3X 미국채30년 ETN,KOSPI,기타·이벤트,리츠/부동산,,,,기타,0,,,name_rule,높음
610080,메리츠 멕시코 페소화 ETN,KOSPI,기타·이벤트,리츠/부동산,,,,기타,0,,,name_rule,높음
610081,메리츠 레버리지 멕시코 페소화 ETN,KOSPI,기타·이벤트,리츠/부동산,,,,기타,0,,,name_rule,높음
610082,메리츠 인도 루피화 ETN,KOSPI,기타·이벤트,리츠/부동산,,,,기타,0,,,name_rule,높음
610083,메리츠 레버리지 인도 루피화 ETN,KOSPI,기타·이벤트,리츠/부동산,,,,기타,0,,,name_rule,높음
610084,메리츠 미국채30년 스트립 ETN(H),KOSPI,기타·이벤트,리츠/부동산,,,,기타,0,,,name_rule,높음
610085,메리츠 레버리지 미국채30년 스트립 ETN(H),KOSPI,기타·이벤트,리츠/부동산,,,,기타,0,,,name_rule,높음
610086,메리츠 인버스2X 미국채30년 스트립 ETN(H),KOSPI,기타·이벤트,리츠/부동산,,,,기타,0,,,name_rule,높음
610087,메리츠 WTI원유 선물 ETN(H),KOSPI,기타·이벤트,리츠/부동산,,,,기타,0,,,name_rule,높음
610088,메리츠 레버리지 WTI원유 선물 ETN(H),KOSPI,기타·이벤트,리츠/부동산,,,,기타,0,,,name_rule,높음
610089,메리츠 인버스 2X WTI원유 선물 ETN(H),KOSPI,기타·이벤트,리츠/부동산,,,,기타,0,,,name_rule,높음
610090,메리츠 일본 국채 10년 ETN,KOSPI,기타·이벤트,리츠/부동산,,,,기타,0,,,name_rule,높음
610091,메리츠 3X 레버리지 일본 국채 10년 ETN,KOSPI,기타·이벤트,리츠/부동산,,,,기타,0,,,name_rule,높음
610092,메리츠 인버스 일본 국채 10년 ETN,KOSPI,기타·이벤트,리츠/부동산,,,,기타,0,,,name_rule,높음
610093,메리츠 인버스 3X 일본 국채 10년 ETN,KOSPI,기타·이벤트,리츠/부동산,,,,기타,0,,,name_rule,높음
610094,메리츠 천연가스 선물 ETN(H),KOSPI,기타·이벤트,리츠/부동산,,,,기타,0,,,name_rule,높음
610095,메리츠 레버리지 천연가스 선물 ETN(H),KOSPI,기타·이벤트,리츠/부동산,,,,기타,0,,,name_rule,높음
610096,메리츠 인버스 2X 천연가스 선물 ETN(H),KOSPI,기타·이벤트,리츠/부동산,,,,기타,0,,,name_rule,높음
610097,메리츠 미국채30년스트립 커버드콜 ETN(H),KOSPI,기타·이벤트,리츠/부동산,,,,기타,0,,,name_rule,높음
610098,메리츠 미국채30년 풋라이트 ETN(H),KOSPI,기타·이벤트,리츠/부동산,,,,기타,0,,,name_rule,높음
610099,메리츠 은 선물 ETN(H),KOSPI,기타·이벤트,리츠/부동산,,,,기타,0,,,name_rule,높음
610100,메리츠 레버리지 은 선물 ETN(H),KOSPI,기타·이벤트,리츠/부동산,,,,기타,0,,,name_rule,높음
610101,메리츠 인버스 2X 은 선물 ETN(H),KOSPI,기타·이벤트,리츠/부동산,,,,기타,0,,,name_rule,높음
610102,메리츠 솔랙티브 금 선물 ETN(H),KOSPI,기타·이벤트,리츠/부동산,,,,기타,0,,,name_rule,높음
610103,메리츠 솔랙티브 레버리지 금 선물 ETN(H),KOSPI,기타·이벤트,리츠/부동산,,,,기타,0,,,name_rule,높음
610104,메리츠 솔랙티브 인버스 2X 금 선물 ETN(H),KOSPI,기타·이벤트,리츠/부동산,,,,기타,0,,,name_rule,높음
610105,메리츠 레버리지 국채30년 ETN B,KOSPI,기타·이벤트,리츠/부동산,,,,기타,0,,,name_rule,높음
610106,메리츠 인버스 국채30년 ETN B,KOSPI,기타·이벤트,리츠/부동산,,,,기타,0,,,name_rule,높음
610111,메리츠 일본 국채 30년 ETN(H),KOSPI,기타·이벤트,리츠/부동산,,,,기타,0,,,name_rule,높음
610112,메리츠 3X 레버리지 일본 국채 30년 ETN(H),KOSPI,기타·이벤트,리츠/부동산,,,,기타,0,,,name_rule,높음
063160,종근당바이오,KOSPI,기타·이벤트,마이크로바이옴,건강기능식품,,,제약,2,건강기능식품 | 마이크로바이옴,,legacy_theme,높음
126560,현대퓨처넷,KOSPI,기타·이벤트,밸류업(25년 기업가치 제고계획 발표),,,,화장품,1,밸류업(25년 기업가치 제고계획 발표),밸류업(25년 기업가치 제고계획 발표),legacy_theme,높음
012750,에스원,KOSPI,기타·이벤트,보안주(물리),보안주(정보),스마트홈(홈네트워크),,상업서비스와공급품,4,보안주(물리) | 보안주(정보) | 스마트홈(홈네트워크) | 코리아 밸류업 지수(Korea Value-up Index),코리아 밸류업 지수(Korea Value-up Index),legacy_theme,높음
000650,천일고속,KOSPI,기타·이벤트,부동산 보유 자산주,,,,도로와철도운송,2,부동산 보유 자산주 | 서울고속버스터미널 재개발 수혜,서울고속버스터미널 재개발 수혜,legacy_theme,높음
029530,신도리코,KOSPI,기타·이벤트,부동산 보유 자산주,,,,사무용전자제품,1,부동산 보유 자산주,,legacy_theme,높음
084670,동양고속,KOSPI,기타·이벤트,부동산 보유 자산주,,,,도로와철도운송,2,부동산 보유 자산주 | 서울고속버스터미널 재개발 수혜,서울고속버스터미널 재개발 수혜,legacy_theme,높음
029780,삼성카드,KOSPI,기타·이벤트,삼성페이,,,,카드,1,삼성페이,,legacy_theme,높음
034310,NICE,KOSPI,기타·이벤트,애플페이,지주사,,,IT서비스,2,애플페이 | 지주사,,legacy_theme,높음
007120,미래아이앤지,KOSPI,기타·이벤트,업종:IT서비스,,,,IT서비스,0,,,industry_fallback,중간
013890,지누스,KOSPI,기타·이벤트,업종:가구,,,,가구,0,,,industry_fallback,중간
016800,퍼시스,KOSPI,기타·이벤트,업종:가구,,,,가구,0,,,industry_fallback,중간
134790,시디즈,KOSPI,기타·이벤트,업종:가구,,,,가구,0,,,industry_fallback,중간
015590,DKME,KOSPI,기타·이벤트,업종:기계,,,,기계,0,,,industry_fallback,중간
049800,우진플라임,KOSPI,기타·이벤트,업종:기계,,,,기계,0,,,industry_fallback,중간
074610,이엔플러스,KOSPI,기타·이벤트,업종:기계,,,,기계,0,,,industry_fallback,중간
092440,기신정기,KOSPI,기타·이벤트,업종:기계,,,,기계,0,,,industry_fallback,중간
069500,KODEX 200,KOSPI,기타·이벤트,업종:기타,,,,기타,0,,,industry_fallback,중간
069660,KIWOOM 200,KOSPI,기타·이벤트,업종:기타,,,,기타,0,,,industry_fallback,중간
091160,KODEX 반도체,KOSPI,기타·이벤트,업종:기타,,,,기타,0,,,industry_fallback,중간
091170,KODEX 은행,KOSPI,기타·이벤트,업종:기타,,,,기타,0,,,industry_fallback,중간
091180,KODEX 자동차,KOSPI,기타·이벤트,업종:기타,,,,기타,0,,,industry_fallback,중간
091220,TIGER 은행,KOSPI,기타·이벤트,업종:기타,,,,기타,0,,,industry_fallback,중간
091230,TIGER 반도체,KOSPI,기타·이벤트,업종:기타,,,,기타,0,,,industry_fallback,중간
099140,KODEX 차이나H,KOSPI,기타·이벤트,업종:기타,,,,기타,0,,,industry_fallback,중간
100910,KIWOOM KRX100,KOSPI,기타·이벤트,업종:기타,,,,기타,0,,,industry_fallback,중간
101280,KODEX 일본TOPIX100,KOSPI,기타·이벤트,업종:기타,,,,기타,0,,,industry_fallback,중간
102110,TIGER 200,KOSPI,기타·이벤트,업종:기타,,,,기타,0,,,industry_fallback,중간
102780,KODEX 삼성그룹,KOSPI,기타·이벤트,업종:기타,,,,기타,0,,,industry_fallback,중간
102960,KODEX 기계장비,KOSPI,기타·이벤트,업종:기타,,,,기타,0,,,industry_fallback,중간
102970,KODEX 증권,KOSPI,기타·이벤트,업종:기타,,,,기타,0,,,industry_fallback,중간
104520,KIWOOM 블루칩,KOSPI,기타·이벤트,업종:기타,,,,기타,0,,,industry_fallback,중간
104530,KIWOOM 코리아고배당,KOSPI,기타·이벤트,업종:기타,,,,기타,0,,,industry_fallback,중간
105010,TIGER 라틴35,KOSPI,기타·이벤트,업종:기타,,,,기타,0,,,industry_fallback,중간
105190,ACE 200,KOSPI,기타·이벤트,업종:기타,,,,기타,0,,,industry_fallback,중간
105780,RISE 5대그룹주,KOSPI,기타·이벤트,업종:기타,,,,기타,0,,,industry_fallback,중간
108450,ACE 삼성그룹섹터가중,KOSPI,기타·이벤트,업종:기타,,,,기타,0,,,industry_fallback,중간
108590,TREX 200,KOSPI,기타·이벤트,업종:기타,,,,기타,0,,,industry_fallback,중간
114100,RISE 국고채3년,KOSPI,기타·이벤트,업종:기타,,,,기타,0,,,industry_fallback,중간
114260,KODEX 국고채3년,KOSPI,기타·이벤트,업종:기타,,,,기타,0,,,industry_fallback,중간
114460,ACE 국고채3년,KOSPI,기타·이벤트,업종:기타,,,,기타,0,,,industry_fallback,중간
114470,KIWOOM 국고채3년,KOSPI,기타·이벤트,업종:기타,,,,기타,0,,,industry_fallback,중간
114800,KODEX 인버스,KOSPI,기타·이벤트,업종:기타,,,,기타,0,,,industry_fallback,중간
114820,TIGER 국채3년,KOSPI,기타·이벤트,업종:기타,,,,기타,0,,,industry_fallback,중간
117460,KODEX 에너지화학,KOSPI,기타·이벤트,업종:기타,,,,기타,0,,,industry_fallback,중간
117680,KODEX 철강,KOSPI,기타·이벤트,업종:기타,,,,기타,0,,,industry_fallback,중간
117690,TIGER 차이나항셍30,KOSPI,기타·이벤트,업종:기타,,,,기타,0,,,industry_fallback,중간
117700,KODEX 건설,KOSPI,기타·이벤트,업종:기타,,,,기타,0,,,industry_fallback,중간
122090,PLUS 코스피50,KOSPI,기타·이벤트,업종:기타,,,,기타,0,,,industry_fallback,중간
122260,KIWOOM 통안채1년,KOSPI,기타·이벤트,업종:기타,,,,기타,0,,,industry_fallback,중간
122630,KODEX 레버리지,KOSPI,기타·이벤트,업종:기타,,,,기타,0,,,industry_fallback,중간
123310,TIGER 인버스,KOSPI,기타·이벤트,업종:기타,,,,기타,0,,,industry_fallback,중간
123320,TIGER 레버리지,KOSPI,기타·이벤트,업종:기타,,,,기타,0,,,industry_fallback,중간
130680,TIGER 원유선물Enhanced(H),KOSPI,기타·이벤트,업종:기타,,,,기타,0,,,industry_fallback,중간
130730,KIWOOM 단기자금,KOSPI,기타·이벤트,업종:기타,,,,기타,0,,,industry_fallback,중간
131890,ACE 삼성그룹동일가중,KOSPI,기타·이벤트,업종:기타,,,,기타,0,,,industry_fallback,중간
132030,KODEX 골드선물(H),KOSPI,기타·이벤트,업종:기타,,,,기타,0,,,industry_fallback,중간
133690,TIGER 미국나스닥100,KOSPI,기타·이벤트,업종:기타,,,,기타,0,,,industry_fallback,중간
136340,RISE 중기우량회사채,KOSPI,기타·이벤트,업종:기타,,,,기타,0,,,industry_fallback,중간
137610,TIGER 농산물선물Enhanced(H),KOSPI,기타·이벤트,업종:기타,,,,기타,0,,,industry_fallback,중간
138230,KIWOOM 미국달러선물,KOSPI,기타·이벤트,업종:기타,,,,기타,0,,,industry_fallback,중간
138520,TIGER 삼성그룹,KOSPI,기타·이벤트,업종:기타,,,,기타,0,,,industry_fallback,중간
138530,TIGER LG그룹플러스,KOSPI,기타·이벤트,업종:기타,,,,기타,0,,,industry_fallback,중간
138540,TIGER 현대차그룹플러스,KOSPI,기타·이벤트,업종:기타,,,,기타,0,,,industry_fallback,중간
138910,KODEX 구리선물(H),KOSPI,기타·이벤트,업종:기타,,,,기타,0,,,industry_fallback,중간
138920,KODEX 콩선물(H),KOSPI,기타·이벤트,업종:기타,,,,기타,0,,,industry_fallback,중간
139220,TIGER 200 건설,KOSPI,기타·이벤트,업종:기타,,,,기타,0,,,industry_fallback,중간
139230,TIGER 200 중공업,KOSPI,기타·이벤트,업종:기타,,,,기타,0,,,industry_fallback,중간
139240,TIGER 200 철강소재,KOSPI,기타·이벤트,업종:기타,,,,기타,0,,,industry_fallback,중간
139250,TIGER 200 에너지화학,KOSPI,기타·이벤트,업종:기타,,,,기타,0,,,industry_fallback,중간
139260,TIGER 200 IT,KOSPI,기타·이벤트,업종:기타,,,,기타,0,,,industry_fallback,중간
139270,TIGER 200 금융,KOSPI,기타·이벤트,업종:기타,,,,기타,0,,,industry_fallback,중간
139280,TIGER 경기방어,KOSPI,기타·이벤트,업종:기타,,,,기타,0,,,industry_fallback,중간
139290,TIGER 200 경기소비재,KOSPI,기타·이벤트,업종:기타,,,,기타,0,,,industry_fallback,중간
139320,TIGER 금은선물(H),KOSPI,기타·이벤트,업종:기타,,,,기타,0,,,industry_fallback,중간
139660,KIWOOM 미국달러선물인버스,KOSPI,기타·이벤트,업종:기타,,,,기타,0,,,industry_fallback,중간
140570,RISE 수출주,KOSPI,기타·이벤트,업종:기타,,,,기타,0,,,industry_fallback,중간
140580,RISE 우량업종대표주,KOSPI,기타·이벤트,업종:기타,,,,기타,0,,,industry_fallback,중간
140700,KODEX 보험,KOSPI,기타·이벤트,업종:기타,,,,기타,0,,,industry_fallback,중간
140710,KODEX 운송,KOSPI,기타·이벤트,업종:기타,,,,기타,0,,,industry_fallback,중간
140950,파워 코스피100,KOSPI,기타·이벤트,업종:기타,,,,기타,0,,,industry_fallback,중간
143850,TIGER 미국S&P500선물(H),KOSPI,기타·이벤트,업종:기타,,,,기타,0,,,industry_fallback,중간
143860,TIGER 헬스케어,KOSPI,기타·이벤트,업종:기타,,,,기타,0,,,industry_fallback,중간
144600,KODEX 은선물(H),KOSPI,기타·이벤트,업종:기타,,,,기타,0,,,industry_fallback,중간
145670,ACE 인버스,KOSPI,기타·이벤트,업종:기타,,,,기타,0,,,industry_fallback,중간
145850,TREX 펀더멘탈 200,KOSPI,기타·이벤트,업종:기타,,,,기타,0,,,industry_fallback,중간
147970,TIGER 모멘텀,KOSPI,기타·이벤트,업종:기타,,,,기타,0,,,industry_fallback,중간
148020,RISE 200,KOSPI,기타·이벤트,업종:기타,,,,기타,0,,,industry_fallback,중간
148070,KIWOOM 국고채10년,KOSPI,기타·이벤트,업종:기타,,,,기타,0,,,industry_fallback,중간
150460,TIGER 중국소비테마,KOSPI,기타·이벤트,업종:기타,,,,기타,0,,,industry_fallback,중간
152100,PLUS 200,KOSPI,기타·이벤트,업종:기타,,,,기타,0,,,industry_fallback,중간
152380,KODEX 국채선물10년,KOSPI,기타·이벤트,업종:기타,,,,기타,0,,,industry_fallback,중간
152500,ACE 레버리지,KOSPI,기타·이벤트,업종:기타,,,,기타,0,,,industry_fallback,중간
152870,파워 200,KOSPI,기타·이벤트,업종:기타,,,,기타,0,,,industry_fallback,중간
153130,KODEX 단기채권,KOSPI,기타·이벤트,업종:기타,,,,기타,0,,,industry_fallback,중간
153270,KIWOOM 코스피100,KOSPI,기타·이벤트,업종:기타,,,,기타,0,,,industry_fallback,중간
156080,KODEX MSCI Korea,KOSPI,기타·이벤트,업종:기타,,,,기타,0,,,industry_fallback,중간
157450,TIGER 단기통안채,KOSPI,기타·이벤트,업종:기타,,,,기타,0,,,industry_fallback,중간
157490,TIGER 소프트웨어,KOSPI,기타·이벤트,업종:기타,,,,기타,0,,,industry_fallback,중간
157500,TIGER 증권,KOSPI,기타·이벤트,업종:기타,,,,기타,0,,,industry_fallback,중간
159800,마이티 코스피100,KOSPI,기타·이벤트,업종:기타,,,,기타,0,,,industry_fallback,중간
160580,TIGER 구리실물,KOSPI,기타·이벤트,업종:기타,,,,기타,0,,,industry_fallback,중간
161510,PLUS 고배당주,KOSPI,기타·이벤트,업종:기타,,,,기타,0,,,industry_fallback,중간
166400,TIGER 200커버드콜OTM,KOSPI,기타·이벤트,업종:기타,,,,기타,0,,,industry_fallback,중간
167860,KIWOOM 국고채10년레버리지,KOSPI,기타·이벤트,업종:기타,,,,기타,0,,,industry_fallback,중간
168580,ACE 중국본토CSI300,KOSPI,기타·이벤트,업종:기타,,,,기타,0,,,industry_fallback,중간
169950,KODEX 차이나A50,KOSPI,기타·이벤트,업종:기타,,,,기타,0,,,industry_fallback,중간
174350,TIGER 로우볼,KOSPI,기타·이벤트,업종:기타,,,,기타,0,,,industry_fallback,중간
174360,RISE 중국본토대형주CSI100,KOSPI,기타·이벤트,업종:기타,,,,기타,0,,,industry_fallback,중간
176950,KODEX 국채선물10년인버스,KOSPI,기타·이벤트,업종:기타,,,,기타,0,,,industry_fallback,중간
182490,TIGER 단기선진하이일드(합성 H),KOSPI,기타·이벤트,업종:기타,,,,기타,0,,,industry_fallback,중간
183700,RISE 200채권혼합50,KOSPI,기타·이벤트,업종:기타,,,,기타,0,,,industry_fallback,중간
183710,RISE 주식혼합,KOSPI,기타·이벤트,업종:기타,,,,기타,0,,,industry_fallback,중간
185680,KODEX 미국S&P바이오(합성),KOSPI,기타·이벤트,업종:기타,,,,기타,0,,,industry_fallback,중간
189400,PLUS 글로벌MSCI(합성 H),KOSPI,기타·이벤트,업종:기타,,,,기타,0,,,industry_fallback,중간
190620,ACE 단기통안채,KOSPI,기타·이벤트,업종:기타,,,,기타,0,,,industry_fallback,중간
192090,TIGER 차이나CSI300,KOSPI,기타·이벤트,업종:기타,,,,기타,0,,,industry_fallback,중간
192720,파워 고배당저변동성,KOSPI,기타·이벤트,업종:기타,,,,기타,0,,,industry_fallback,중간
195920,TIGER 일본TOPIX(합성 H),KOSPI,기타·이벤트,업종:기타,,,,기타,0,,,industry_fallback,중간
195930,TIGER 유로스탁스50(합성 H),KOSPI,기타·이벤트,업종:기타,,,,기타,0,,,industry_fallback,중간
195970,PLUS 선진국MSCI(합성 H),KOSPI,기타·이벤트,업종:기타,,,,기타,0,,,industry_fallback,중간
195980,PLUS 신흥국MSCI(합성 H),KOSPI,기타·이벤트,업종:기타,,,,기타,0,,,industry_fallback,중간
196030,ACE 일본TOPIX레버리지(H),KOSPI,기타·이벤트,업종:기타,,,,기타,0,,,industry_fallback,중간
196230,RISE 단기통안채,KOSPI,기타·이벤트,업종:기타,,,,기타,0,,,industry_fallback,중간
200030,KODEX 미국S&P500산업재(합성),KOSPI,기타·이벤트,업종:기타,,,,기타,0,,,industry_fallback,중간
200250,KIWOOM 인도Nifty50(합성),KOSPI,기타·이벤트,업종:기타,,,,기타,0,,,industry_fallback,중간
203780,TIGER 미국나스닥바이오,KOSPI,기타·이벤트,업종:기타,,,,기타,0,,,industry_fallback,중간
204450,KODEX 차이나H레버리지(H),KOSPI,기타·이벤트,업종:기타,,,,기타,0,,,industry_fallback,중간
204480,TIGER 차이나CSI300레버리지(합성),KOSPI,기타·이벤트,업종:기타,,,,기타,0,,,industry_fallback,중간
205720,ACE 일본TOPIX인버스(합성 H),KOSPI,기타·이벤트,업종:기타,,,,기타,0,,,industry_fallback,중간
210780,TIGER 코스피고배당,KOSPI,기타·이벤트,업종:기타,,,,기타,0,,,industry_fallback,중간
211560,TIGER 배당성장,KOSPI,기타·이벤트,업종:기타,,,,기타,0,,,industry_fallback,중간
211900,KODEX 코리아배당성장,KOSPI,기타·이벤트,업종:기타,,,,기타,0,,,industry_fallback,중간
213610,KODEX 삼성그룹밸류,KOSPI,기타·이벤트,업종:기타,,,,기타,0,,,industry_fallback,중간
213630,PLUS 미국다우존스고배당주(합성 H),KOSPI,기타·이벤트,업종:기타,,,,기타,0,,,industry_fallback,중간
214980,KODEX 단기채권PLUS,KOSPI,기타·이벤트,업종:기타,,,,기타,0,,,industry_fallback,중간
215620,HK S&P코리아로우볼,KOSPI,기타·이벤트,업종:기타,,,,기타,0,,,industry_fallback,중간
217770,TIGER 원유선물인버스(H),KOSPI,기타·이벤트,업종:기타,,,,기타,0,,,industry_fallback,중간
217780,TIGER 차이나CSI300인버스(합성),KOSPI,기타·이벤트,업종:기타,,,,기타,0,,,industry_fallback,중간
218420,KODEX 미국S&P500에너지(합성),KOSPI,기타·이벤트,업종:기타,,,,기타,0,,,industry_fallback,중간
219390,RISE 미국S&P원유생산기업(합성 H),KOSPI,기타·이벤트,업종:기타,,,,기타,0,,,industry_fallback,중간
219480,KODEX 미국S&P500선물(H),KOSPI,기타·이벤트,업종:기타,,,,기타,0,,,industry_fallback,중간
219900,ACE 중국본토CSI300레버리지(합성),KOSPI,기타·이벤트,업종:기타,,,,기타,0,,,industry_fallback,중간
220130,SOL 차이나강소기업CSI500(합성 H),KOSPI,기타·이벤트,업종:기타,,,,기타,0,,,industry_fallback,중간
223190,KODEX 200가치저변동,KOSPI,기타·이벤트,업종:기타,,,,기타,0,,,industry_fallback,중간
225030,TIGER 미국S&P500선물인버스(H),KOSPI,기타·이벤트,업종:기타,,,,기타,0,,,industry_fallback,중간
225040,TIGER 미국S&P500레버리지(합성 H),KOSPI,기타·이벤트,업종:기타,,,,기타,0,,,industry_fallback,중간
225050,TIGER 유로스탁스레버리지(합성 H),KOSPI,기타·이벤트,업종:기타,,,,기타,0,,,industry_fallback,중간
225060,TIGER 이머징마켓MSCI레버리지(합성 H),KOSPI,기타·이벤트,업종:기타,,,,기타,0,,,industry_fallback,중간
225130,ACE 골드선물 레버리지(합성 H),KOSPI,기타·이벤트,업종:기타,,,,기타,0,,,industry_fallback,중간
225800,KIWOOM 미국달러선물레버리지,KOSPI,기타·이벤트,업종:기타,,,,기타,0,,,industry_fallback,중간
226380,ACE Fn성장소비주도주,KOSPI,기타·이벤트,업종:기타,,,,기타,0,,,industry_fallback,중간
226490,KODEX 코스피,KOSPI,기타·이벤트,업종:기타,,,,기타,0,,,industry_fallback,중간
226980,KODEX 200 중소형,KOSPI,기타·이벤트,업종:기타,,,,기타,0,,,industry_fallback,중간
227540,TIGER 200 헬스케어,KOSPI,기타·이벤트,업종:기타,,,,기타,0,,,industry_fallback,중간
227550,TIGER 200 산업재,KOSPI,기타·이벤트,업종:기타,,,,기타,0,,,industry_fallback,중간
227560,TIGER 200 생활소비재,KOSPI,기타·이벤트,업종:기타,,,,기타,0,,,industry_fallback,중간
227570,TIGER 우량가치,KOSPI,기타·이벤트,업종:기타,,,,기타,0,,,industry_fallback,중간
227830,PLUS 코스피,KOSPI,기타·이벤트,업종:기타,,,,기타,0,,,industry_fallback,중간
228790,TIGER 화장품,KOSPI,기타·이벤트,업종:기타,,,,기타,0,,,industry_fallback,중간
228800,TIGER 여행레저,KOSPI,기타·이벤트,업종:기타,,,,기타,0,,,industry_fallback,중간
228810,TIGER 미디어컨텐츠,KOSPI,기타·이벤트,업종:기타,,,,기타,0,,,industry_fallback,중간
228820,TIGER KTOP30,KOSPI,기타·이벤트,업종:기타,,,,기타,0,,,industry_fallback,중간
229200,KODEX 코스닥150,KOSPI,기타·이벤트,업종:기타,,,,기타,0,,,industry_fallback,중간
229720,KODEX KTOP30,KOSPI,기타·이벤트,업종:기타,,,,기타,0,,,industry_fallback,중간
230480,KIWOOM 미국달러선물인버스2X,KOSPI,기타·이벤트,업종:기타,,,,기타,0,,,industry_fallback,중간
232080,TIGER 코스닥150,KOSPI,기타·이벤트,업종:기타,,,,기타,0,,,industry_fallback,중간
233160,TIGER 코스닥150 레버리지,KOSPI,기타·이벤트,업종:기타,,,,기타,0,,,industry_fallback,중간
233740,KODEX 코스닥150레버리지,KOSPI,기타·이벤트,업종:기타,,,,기타,0,,,industry_fallback,중간
234310,RISE V&S셀렉트밸류,KOSPI,기타·이벤트,업종:기타,,,,기타,0,,,industry_fallback,중간
236350,TIGER 인도니프티50레버리지(합성),KOSPI,기타·이벤트,업종:기타,,,,기타,0,,,industry_fallback,중간
237350,KODEX 코스피100,KOSPI,기타·이벤트,업종:기타,,,,기타,0,,,industry_fallback,중간
237370,KODEX 코리아배당성장채권혼합,KOSPI,기타·이벤트,업종:기타,,,,기타,0,,,industry_fallback,중간
237440,TIGER 경기방어채권혼합,KOSPI,기타·이벤트,업종:기타,,,,기타,0,,,industry_fallback,중간
238670,PLUS 스마트베타Quality채권혼합,KOSPI,기타·이벤트,업종:기타,,,,기타,0,,,industry_fallback,중간
238720,ACE 일본Nikkei225(H),KOSPI,기타·이벤트,업종:기타,,,,기타,0,,,industry_fallback,중간
239660,PLUS 우량회사채50,KOSPI,기타·이벤트,업종:기타,,,,기타,0,,,industry_fallback,중간
241180,TIGER 일본니케이225,KOSPI,기타·이벤트,업종:기타,,,,기타,0,,,industry_fallback,중간
241390,RISE V&S셀렉트밸류채권혼합,KOSPI,기타·이벤트,업종:기타,,,,기타,0,,,industry_fallback,중간
243880,TIGER 200IT레버리지,KOSPI,기타·이벤트,업종:기타,,,,기타,0,,,industry_fallback,중간
243890,TIGER 200에너지화학레버리지,KOSPI,기타·이벤트,업종:기타,,,,기타,0,,,industry_fallback,중간
244580,KODEX 바이오,KOSPI,기타·이벤트,업종:기타,,,,기타,0,,,industry_fallback,중간
244620,KODEX 모멘텀Plus,KOSPI,기타·이벤트,업종:기타,,,,기타,0,,,industry_fallback,중간
244660,KODEX 퀄리티Plus,KOSPI,기타·이벤트,업종:기타,,,,기타,0,,,industry_fallback,중간
244670,KODEX 밸류Plus,KOSPI,기타·이벤트,업종:기타,,,,기타,0,,,industry_fallback,중간
245340,TIGER 미국다우존스30,KOSPI,기타·이벤트,업종:기타,,,,기타,0,,,industry_fallback,중간
245350,TIGER 유로스탁스배당30,KOSPI,기타·이벤트,업종:기타,,,,기타,0,,,industry_fallback,중간
245360,TIGER 차이나HSCEI,KOSPI,기타·이벤트,업종:기타,,,,기타,0,,,industry_fallback,중간
245710,ACE 베트남VN30(합성),KOSPI,기타·이벤트,업종:기타,,,,기타,0,,,industry_fallback,중간
248270,TIGER S&P글로벌헬스케어(합성),KOSPI,기타·이벤트,업종:기타,,,,기타,0,,,industry_fallback,중간
250730,RISE 차이나HSCEI(H),KOSPI,기타·이벤트,업종:기타,,,,기타,0,,,industry_fallback,중간
250780,TIGER 코스닥150선물인버스,KOSPI,기타·이벤트,업종:기타,,,,기타,0,,,industry_fallback,중간
251340,KODEX 코스닥150선물인버스,KOSPI,기타·이벤트,업종:기타,,,,기타,0,,,industry_fallback,중간
251350,KODEX MSCI선진국,KOSPI,기타·이벤트,업종:기타,,,,기타,0,,,industry_fallback,중간
251590,PLUS 고배당저변동50,KOSPI,기타·이벤트,업종:기타,,,,기타,0,,,industry_fallback,중간
251600,PLUS 고배당주채권혼합,KOSPI,기타·이벤트,업종:기타,,,,기타,0,,,industry_fallback,중간
252000,TIGER 200동일가중,KOSPI,기타·이벤트,업종:기타,,,,기타,0,,,industry_fallback,중간
252400,RISE 200선물레버리지,KOSPI,기타·이벤트,업종:기타,,,,기타,0,,,industry_fallback,중간
252410,RISE 200선물인버스,KOSPI,기타·이벤트,업종:기타,,,,기타,0,,,industry_fallback,중간
252420,RISE 200선물인버스2X,KOSPI,기타·이벤트,업종:기타,,,,기타,0,,,industry_fallback,중간
252650,KODEX 200동일가중,KOSPI,기타·이벤트,업종:기타,,,,기타,0,,,industry_fallback,중간
252670,KODEX 200선물인버스2X,KOSPI,기타·이벤트,업종:기타,,,,기타,0,,,industry_fallback,중간
252710,TIGER 200선물인버스2X,KOSPI,기타·이벤트,업종:기타,,,,기타,0,,,industry_fallback,중간
253150,PLUS 200선물레버리지,KOSPI,기타·이벤트,업종:기타,,,,기타,0,,,industry_fallback,중간
253160,PLUS 200선물인버스2X,KOSPI,기타·이벤트,업종:기타,,,,기타,0,,,industry_fallback,중간
253230,KIWOOM 200선물인버스2X,KOSPI,기타·이벤트,업종:기타,,,,기타,0,,,industry_fallback,중간
253240,KIWOOM 200선물인버스,KOSPI,기타·이벤트,업종:기타,,,,기타,0,,,industry_fallback,중간
253250,KIWOOM 200선물레버리지,KOSPI,기타·이벤트,업종:기타,,,,기타,0,,,industry_fallback,중간
253280,RISE 헬스케어,KOSPI,기타·이벤트,업종:기타,,,,기타,0,,,industry_fallback,중간
253290,RISE 헬스케어채권혼합,KOSPI,기타·이벤트,업종:기타,,,,기타,0,,,industry_fallback,중간
256440,ACE MSCI인도네시아(합성),KOSPI,기타·이벤트,업종:기타,,,,기타,0,,,industry_fallback,중간
256450,PLUS 심천차이넥스트(합성),KOSPI,기타·이벤트,업종:기타,,,,기타,0,,,industry_fallback,중간
256750,KODEX 차이나심천ChiNext(합성),KOSPI,기타·이벤트,업종:기타,,,,기타,0,,,industry_fallback,중간
261060,TIGER 코스닥150IT,KOSPI,기타·이벤트,업종:기타,,,,기타,0,,,industry_fallback,중간
261070,TIGER 코스닥150바이오테크,KOSPI,기타·이벤트,업종:기타,,,,기타,0,,,industry_fallback,중간
261110,TIGER 미국달러선물레버리지,KOSPI,기타·이벤트,업종:기타,,,,기타,0,,,industry_fallback,중간
261120,TIGER 미국달러선물인버스2X,KOSPI,기타·이벤트,업종:기타,,,,기타,0,,,industry_fallback,중간
261140,TIGER 우선주,KOSPI,기타·이벤트,업종:기타,,,,기타,0,,,industry_fallback,중간
261220,KODEX WTI원유선물(H),KOSPI,기타·이벤트,업종:기타,,,,기타,0,,,industry_fallback,중간
261240,KODEX 미국달러선물,KOSPI,기타·이벤트,업종:기타,,,,기타,0,,,industry_fallback,중간
261250,KODEX 미국달러선물레버리지,KOSPI,기타·이벤트,업종:기타,,,,기타,0,,,industry_fallback,중간
261260,KODEX 미국달러선물인버스2X,KOSPI,기타·이벤트,업종:기타,,,,기타,0,,,industry_fallback,중간
261270,KODEX 미국달러선물인버스,KOSPI,기타·이벤트,업종:기타,,,,기타,0,,,industry_fallback,중간
261920,ACE MSCI필리핀(합성),KOSPI,기타·이벤트,업종:기타,,,,기타,0,,,industry_fallback,중간
265690,ACE 러시아MSCI(합성),KOSPI,기타·이벤트,업종:기타,,,,기타,0,,,industry_fallback,중간
266160,RISE 고배당,KOSPI,기타·이벤트,업종:기타,,,,기타,0,,,industry_fallback,중간
266360,KODEX K콘텐츠,KOSPI,기타·이벤트,업종:기타,,,,기타,0,,,industry_fallback,중간
266370,KODEX IT,KOSPI,기타·이벤트,업종:기타,,,,기타,0,,,industry_fallback,중간
266390,KODEX 경기소비재,KOSPI,기타·이벤트,업종:기타,,,,기타,0,,,industry_fallback,중간
266410,KODEX 필수소비재,KOSPI,기타·이벤트,업종:기타,,,,기타,0,,,industry_fallback,중간
266420,KODEX 헬스케어,KOSPI,기타·이벤트,업종:기타,,,,기타,0,,,industry_fallback,중간
266550,PLUS 중형주저변동50,KOSPI,기타·이벤트,업종:기타,,,,기타,0,,,industry_fallback,중간
267440,RISE 미국장기국채선물(H),KOSPI,기타·이벤트,업종:기타,,,,기타,0,,,industry_fallback,중간
267450,RISE 미국장기국채선물인버스(H),KOSPI,기타·이벤트,업종:기타,,,,기타,0,,,industry_fallback,중간
267490,RISE 미국장기국채선물레버리지(합성 H),KOSPI,기타·이벤트,업종:기타,,,,기타,0,,,industry_fallback,중간
267770,TIGER 200선물레버리지,KOSPI,기타·이벤트,업종:기타,,,,기타,0,,,industry_fallback,중간
269370,TIGER S&P글로벌인프라(합성),KOSPI,기타·이벤트,업종:기타,,,,기타,0,,,industry_fallback,중간
269420,KODEX S&P글로벌인프라(합성),KOSPI,기타·이벤트,업종:기타,,,,기타,0,,,industry_fallback,중간
269530,PLUS S&P글로벌인프라,KOSPI,기타·이벤트,업종:기타,,,,기타,0,,,industry_fallback,중간
269540,PLUS 미국S&P500(H),KOSPI,기타·이벤트,업종:기타,,,,기타,0,,,industry_fallback,중간
270800,RISE KQ고배당,KOSPI,기타·이벤트,업종:기타,,,,기타,0,,,industry_fallback,중간
270810,RISE 코스닥150,KOSPI,기타·이벤트,업종:기타,,,,기타,0,,,industry_fallback,중간
271050,KODEX WTI원유선물인버스(H),KOSPI,기타·이벤트,업종:기타,,,,기타,0,,,industry_fallback,중간
271060,KODEX 3대농산물선물(H),KOSPI,기타·이벤트,업종:기타,,,,기타,0,,,industry_fallback,중간
272560,RISE 단기국공채액티브,KOSPI,기타·이벤트,업종:기타,,,,기타,0,,,industry_fallback,중간
272570,RISE 중장기국공채액티브,KOSPI,기타·이벤트,업종:기타,,,,기타,0,,,industry_fallback,중간
272580,TIGER 단기채권액티브,KOSPI,기타·이벤트,업종:기타,,,,기타,0,,,industry_fallback,중간
272910,ACE 중장기국공채액티브,KOSPI,기타·이벤트,업종:기타,,,,기타,0,,,industry_fallback,중간
273130,KODEX 종합채권(AA-이상)액티브,KOSPI,기타·이벤트,업종:기타,,,,기타,0,,,industry_fallback,중간
273140,KODEX 단기변동금리부채권액티브,KOSPI,기타·이벤트,업종:기타,,,,기타,0,,,industry_fallback,중간
275280,KODEX 모멘텀주,KOSPI,기타·이벤트,업종:기타,,,,기타,0,,,industry_fallback,중간
275290,KODEX 가치주,KOSPI,기타·이벤트,업종:기타,,,,기타,0,,,industry_fallback,중간
275300,KODEX 우량주,KOSPI,기타·이벤트,업종:기타,,,,기타,0,,,industry_fallback,중간
275750,RISE 코스닥150선물인버스,KOSPI,기타·이벤트,업종:기타,,,,기타,0,,,industry_fallback,중간
275980,TIGER 글로벌4차산업혁신기술(합성 H),KOSPI,기타·이벤트,업종:기타,,,,기타,0,,,industry_fallback,중간
276000,TIGER 글로벌자원생산기업(합성 H),KOSPI,기타·이벤트,업종:기타,,,,기타,0,,,industry_fallback,중간
276650,RISE 글로벌테크놀로지(합성 H),KOSPI,기타·이벤트,업종:기타,,,,기타,0,,,industry_fallback,중간
276970,KODEX 미국S&P500배당귀족커버드콜(합성 H),KOSPI,기타·이벤트,업종:기타,,,,기타,0,,,industry_fallback,중간
276990,KODEX 글로벌로봇(합성),KOSPI,기타·이벤트,업종:기타,,,,기타,0,,,industry_fallback,중간
277540,ACE 아시아TOP50,KOSPI,기타·이벤트,업종:기타,,,,기타,0,,,industry_fallback,중간
277630,TIGER 코스피,KOSPI,기타·이벤트,업종:기타,,,,기타,0,,,industry_fallback,중간
277640,TIGER 코스피대형주,KOSPI,기타·이벤트,업종:기타,,,,기타,0,,,industry_fallback,중간
277650,TIGER 코스피중형주,KOSPI,기타·이벤트,업종:기타,,,,기타,0,,,industry_fallback,중간
278240,RISE 코스닥150선물레버리지,KOSPI,기타·이벤트,업종:기타,,,,기타,0,,,industry_fallback,중간
278530,KODEX 200TR,KOSPI,기타·이벤트,업종:기타,,,,기타,0,,,industry_fallback,중간
278540,KODEX MSCI Korea TR,KOSPI,기타·이벤트,업종:기타,,,,기타,0,,,industry_fallback,중간
278620,PLUS 단기채권액티브,KOSPI,기타·이벤트,업종:기타,,,,기타,0,,,industry_fallback,중간
279530,KODEX 고배당주,KOSPI,기타·이벤트,업종:기타,,,,기타,0,,,industry_fallback,중간
279540,KODEX 최소변동성,KOSPI,기타·이벤트,업종:기타,,,,기타,0,,,industry_fallback,중간
280320,ACE 미국IT인터넷(합성 H),KOSPI,기타·이벤트,업종:기타,,,,기타,0,,,industry_fallback,중간
280920,PLUS 주도업종,KOSPI,기타·이벤트,업종:기타,,,,기타,0,,,industry_fallback,중간
280930,KODEX 미국러셀2000(H),KOSPI,기타·이벤트,업종:기타,,,,기타,0,,,industry_fallback,중간
280940,KODEX 골드선물인버스(H),KOSPI,기타·이벤트,업종:기타,,,,기타,0,,,industry_fallback,중간
281990,RISE 중소형고배당,KOSPI,기타·이벤트,업종:기타,,,,기타,0,,,industry_fallback,중간
282000,RISE 국고채3년선물인버스,KOSPI,기타·이벤트,업종:기타,,,,기타,0,,,industry_fallback,중간
283580,KODEX 차이나CSI300,KOSPI,기타·이벤트,업종:기타,,,,기타,0,,,industry_fallback,중간
284430,KODEX 200미국채혼합50,KOSPI,기타·이벤트,업종:기타,,,,기타,0,,,industry_fallback,중간
284980,RISE 200금융,KOSPI,기타·이벤트,업종:기타,,,,기타,0,,,industry_fallback,중간
285690,FOCUS ESG리더스,KOSPI,기타·이벤트,업종:기타,,,,기타,0,,,industry_fallback,중간
287180,PLUS 미국나스닥테크,KOSPI,기타·이벤트,업종:기타,,,,기타,0,,,industry_fallback,중간
289040,KODEX MSCI KOREA ESG유니버설,KOSPI,기타·이벤트,업종:기타,,,,기타,0,,,industry_fallback,중간
289250,TIGER MSCI KOREA ESG유니버설,KOSPI,기타·이벤트,업종:기타,,,,기타,0,,,industry_fallback,중간
289260,TIGER MSCI KOREA ESG리더스,KOSPI,기타·이벤트,업종:기타,,,,기타,0,,,industry_fallback,중간
289480,TIGER 200커버드콜,KOSPI,기타·이벤트,업종:기타,,,,기타,0,,,industry_fallback,중간
289670,PLUS 국채선물10년,KOSPI,기타·이벤트,업종:기타,,,,기타,0,,,industry_fallback,중간
290080,RISE 200고배당커버드콜ATM,KOSPI,기타·이벤트,업종:기타,,,,기타,0,,,industry_fallback,중간
290130,RISE ESG사회책임투자,KOSPI,기타·이벤트,업종:기타,,,,기타,0,,,industry_fallback,중간
291130,ACE MSCI멕시코(합성),KOSPI,기타·이벤트,업종:기타,,,,기타,0,,,industry_fallback,중간
291620,KIWOOM 코스닥150선물인버스,KOSPI,기타·이벤트,업종:기타,,,,기타,0,,,industry_fallback,중간
291630,KIWOOM 코스닥150선물레버리지,KOSPI,기타·이벤트,업종:기타,,,,기타,0,,,industry_fallback,중간
291680,RISE 차이나H선물인버스(H),KOSPI,기타·이벤트,업종:기타,,,,기타,0,,,industry_fallback,중간
291890,KODEX MSCI EM선물(H),KOSPI,기타·이벤트,업종:기타,,,,기타,0,,,industry_fallback,중간
292050,RISE KRX300,KOSPI,기타·이벤트,업종:기타,,,,기타,0,,,industry_fallback,중간
292150,TIGER 코리아TOP10,KOSPI,기타·이벤트,업종:기타,,,,기타,0,,,industry_fallback,중간
292160,TIGER KRX300,KOSPI,기타·이벤트,업종:기타,,,,기타,0,,,industry_fallback,중간
292190,KODEX KRX300,KOSPI,기타·이벤트,업종:기타,,,,기타,0,,,industry_fallback,중간
292500,SOL KRX300,KOSPI,기타·이벤트,업종:기타,,,,기타,0,,,industry_fallback,중간
292560,TIGER 일본엔선물,KOSPI,기타·이벤트,업종:기타,,,,기타,0,,,industry_fallback,중간
292770,KODEX 국채선물3년인버스,KOSPI,기타·이벤트,업종:기타,,,,기타,0,,,industry_fallback,중간
293180,HANARO 200,KOSPI,기타·이벤트,업종:기타,,,,기타,0,,,industry_fallback,중간
294400,KIWOOM 200TR,KOSPI,기타·이벤트,업종:기타,,,,기타,0,,,industry_fallback,중간
295000,RISE 국채선물10년,KOSPI,기타·이벤트,업종:기타,,,,기타,0,,,industry_fallback,중간
295020,RISE 국채선물10년인버스,KOSPI,기타·이벤트,업종:기타,,,,기타,0,,,industry_fallback,중간
295040,SOL 200TR,KOSPI,기타·이벤트,업종:기타,,,,기타,0,,,industry_fallback,중간
298340,PLUS 국채선물3년,KOSPI,기타·이벤트,업종:기타,,,,기타,0,,,industry_fallback,중간
298770,KODEX 한국대만IT프리미어,KOSPI,기타·이벤트,업종:기타,,,,기타,0,,,industry_fallback,중간
300610,TIGER K게임,KOSPI,기타·이벤트,업종:기타,,,,기타,0,,,industry_fallback,중간
300640,RISE 게임테마,KOSPI,기타·이벤트,업종:기타,,,,기타,0,,,industry_fallback,중간
300950,KODEX 게임산업,KOSPI,기타·이벤트,업종:기타,,,,기타,0,,,industry_fallback,중간
301400,PLUS 코스닥150,KOSPI,기타·이벤트,업종:기타,,,,기타,0,,,industry_fallback,중간
302190,TIGER 중장기국채,KOSPI,기타·이벤트,업종:기타,,,,기타,0,,,industry_fallback,중간
302450,RISE 코스피,KOSPI,기타·이벤트,업종:기타,,,,기타,0,,,industry_fallback,중간
304660,KODEX 미국30년국채울트라선물(H),KOSPI,기타·이벤트,업종:기타,,,,기타,0,,,industry_fallback,중간
304670,KODEX 미국30년국채울트라선물인버스(H),KOSPI,기타·이벤트,업종:기타,,,,기타,0,,,industry_fallback,중간
304760,HANARO KRX300,KOSPI,기타·이벤트,업종:기타,,,,기타,0,,,industry_fallback,중간
304770,HANARO 코스닥150,KOSPI,기타·이벤트,업종:기타,,,,기타,0,,,industry_fallback,중간
304780,HANARO 200선물레버리지,KOSPI,기타·이벤트,업종:기타,,,,기타,0,,,industry_fallback,중간
304940,KODEX 미국나스닥100선물(H),KOSPI,기타·이벤트,업종:기타,,,,기타,0,,,industry_fallback,중간
305050,ACE 코스피,KOSPI,기타·이벤트,업종:기타,,,,기타,0,,,industry_fallback,중간
305080,TIGER 미국채10년선물,KOSPI,기타·이벤트,업종:기타,,,,기타,0,,,industry_fallback,중간
305540,TIGER 2차전지테마,KOSPI,기타·이벤트,업종:기타,,,,기타,0,,,industry_fallback,중간
305720,KODEX 2차전지산업,KOSPI,기타·이벤트,업종:기타,,,,기타,0,,,industry_fallback,중간
306520,HANARO 200선물인버스,KOSPI,기타·이벤트,업종:기타,,,,기타,0,,,industry_fallback,중간
306530,HANARO 코스닥150선물레버리지,KOSPI,기타·이벤트,업종:기타,,,,기타,0,,,industry_fallback,중간
306950,KODEX KRX300레버리지,KOSPI,기타·이벤트,업종:기타,,,,기타,0,,,industry_fallback,중간
307510,TIGER 의료기기,KOSPI,기타·이벤트,업종:기타,,,,기타,0,,,industry_fallback,중간
307520,TIGER 지주회사,KOSPI,기타·이벤트,업종:기타,,,,기타,0,,,industry_fallback,중간
308620,KODEX 미국10년국채선물,KOSPI,기타·이벤트,업종:기타,,,,기타,0,,,industry_fallback,중간
309230,ACE 미국WideMoat동일가중,KOSPI,기타·이벤트,업종:기타,,,,기타,0,,,industry_fallback,중간
310080,RISE 중국MSCI China(H),KOSPI,기타·이벤트,업종:기타,,,,기타,0,,,industry_fallback,중간
310960,TIGER 200TR,KOSPI,기타·이벤트,업종:기타,,,,기타,0,,,industry_fallback,중간
310970,TIGER MSCI Korea TR,KOSPI,기타·이벤트,업종:기타,,,,기타,0,,,industry_fallback,중간
314250,KODEX 미국빅테크10(H),KOSPI,기타·이벤트,업종:기타,,,,기타,0,,,industry_fallback,중간
314700,HANARO 농업융복합산업,KOSPI,기타·이벤트,업종:기타,,,,기타,0,,,industry_fallback,중간
315270,TIGER 200커뮤니케이션서비스,KOSPI,기타·이벤트,업종:기타,,,,기타,0,,,industry_fallback,중간
315930,KODEX Top5PlusTR,KOSPI,기타·이벤트,업종:기타,,,,기타,0,,,industry_fallback,중간
315960,RISE 대형고배당10TR,KOSPI,기타·이벤트,업종:기타,,,,기타,0,,,industry_fallback,중간
316670,KIWOOM 코스닥150,KOSPI,기타·이벤트,업종:기타,,,,기타,0,,,industry_fallback,중간
319640,TIGER 골드선물(H),KOSPI,기타·이벤트,업종:기타,,,,기타,0,,,industry_fallback,중간
321410,KODEX 멀티에셋하이인컴(H),KOSPI,기타·이벤트,업종:기타,,,,기타,0,,,industry_fallback,중간
322400,HANARO e커머스,KOSPI,기타·이벤트,업종:기타,,,,기타,0,,,industry_fallback,중간
322410,HANARO K고배당,KOSPI,기타·이벤트,업종:기타,,,,기타,0,,,industry_fallback,중간
325010,KODEX 성장주,KOSPI,기타·이벤트,업종:기타,,,,기타,0,,,industry_fallback,중간
325020,KODEX 배당가치,KOSPI,기타·이벤트,업종:기타,,,,기타,0,,,industry_fallback,중간
326230,RISE 내수주플러스,KOSPI,기타·이벤트,업종:기타,,,,기타,0,,,industry_fallback,중간
326240,RISE IT플러스,KOSPI,기타·이벤트,업종:기타,,,,기타,0,,,industry_fallback,중간
328370,PLUS 코스피TR,KOSPI,기타·이벤트,업종:기타,,,,기타,0,,,industry_fallback,중간
329650,KODEX TRF3070,KOSPI,기타·이벤트,업종:기타,,,,기타,0,,,industry_fallback,중간
329660,KODEX TRF5050,KOSPI,기타·이벤트,업종:기타,,,,기타,0,,,industry_fallback,중간
329670,KODEX TRF7030,KOSPI,기타·이벤트,업종:기타,,,,기타,0,,,industry_fallback,중간
329750,TIGER 미국달러단기채권액티브,KOSPI,기타·이벤트,업종:기타,,,,기타,0,,,industry_fallback,중간
332500,ACE 200TR,KOSPI,기타·이벤트,업종:기타,,,,기타,0,,,industry_fallback,중간
332610,PLUS 미국단기회사채(AAA~A),KOSPI,기타·이벤트,업종:기타,,,,기타,0,,,industry_fallback,중간
332620,PLUS 미국장기우량회사채,KOSPI,기타·이벤트,업종:기타,,,,기타,0,,,industry_fallback,중간
332930,HANARO 200TR,KOSPI,기타·이벤트,업종:기타,,,,기타,0,,,industry_fallback,중간
332940,HANARO MSCI Korea TR,KOSPI,기타·이벤트,업종:기타,,,,기타,0,,,industry_fallback,중간
334690,RISE 팔라듐선물(H),KOSPI,기타·이벤트,업종:기타,,,,기타,0,,,industry_fallback,중간
334700,RISE 팔라듐선물인버스(H),KOSPI,기타·이벤트,업종:기타,,,,기타,0,,,industry_fallback,중간
336160,RISE 금융채액티브,KOSPI,기타·이벤트,업종:기타,,,,기타,0,,,industry_fallback,중간
337120,KODEX 멀티팩터,KOSPI,기타·이벤트,업종:기타,,,,기타,0,,,industry_fallback,중간
337140,KODEX 코스피대형주,KOSPI,기타·이벤트,업종:기타,,,,기타,0,,,industry_fallback,중간
337150,KODEX 200exTOP,KOSPI,기타·이벤트,업종:기타,,,,기타,0,,,industry_fallback,중간
337160,KODEX 200ESG,KOSPI,기타·이벤트,업종:기타,,,,기타,0,,,industry_fallback,중간
354240,RISE 미국고정배당우선증권,KOSPI,기타·이벤트,업종:기타,,,,기타,0,,,industry_fallback,중간
354350,HANARO 글로벌럭셔리S&P(합성),KOSPI,기타·이벤트,업종:기타,,,,기타,0,,,industry_fallback,중간
354500,ACE 코스닥150,KOSPI,기타·이벤트,업종:기타,,,,기타,0,,,industry_fallback,중간
356540,ACE 종합채권(AA-이상)액티브,KOSPI,기타·이벤트,업종:기타,,,,기타,0,,,industry_fallback,중간
357870,TIGER CD금리투자KIS(합성),KOSPI,기타·이벤트,업종:기타,,,,기타,0,,,industry_fallback,중간
359210,KODEX 코스피TR,KOSPI,기타·이벤트,업종:기타,,,,기타,0,,,industry_fallback,중간
360140,KODEX 200롱코스닥150숏선물,KOSPI,기타·이벤트,업종:기타,,,,기타,0,,,industry_fallback,중간
360150,KODEX 코스닥150롱코스피200숏선물,KOSPI,기타·이벤트,업종:기타,,,,기타,0,,,industry_fallback,중간
360200,ACE 미국S&P500,KOSPI,기타·이벤트,업종:기타,,,,기타,0,,,industry_fallback,중간
360750,TIGER 미국S&P500,KOSPI,기타·이벤트,업종:기타,,,,기타,0,,,industry_fallback,중간
361580,RISE 200TR,KOSPI,기타·이벤트,업종:기타,,,,기타,0,,,industry_fallback,중간
363510,SOL KIS단기통안채,KOSPI,기타·이벤트,업종:기타,,,,기타,0,,,industry_fallback,중간
363570,KODEX 장기종합채권(AA-이상)액티브,KOSPI,기타·이벤트,업종:기타,,,,기타,0,,,industry_fallback,중간
363580,KODEX 200IT TR,KOSPI,기타·이벤트,업종:기타,,,,기타,0,,,industry_fallback,중간
364690,KODEX 혁신기술테마액티브,KOSPI,기타·이벤트,업종:기타,,,,기타,0,,,industry_fallback,중간
364960,TIGER BBIG,KOSPI,기타·이벤트,업종:기타,,,,기타,0,,,industry_fallback,중간
364970,TIGER 바이오TOP10,KOSPI,기타·이벤트,업종:기타,,,,기타,0,,,industry_fallback,중간
364980,TIGER 2차전지TOP10,KOSPI,기타·이벤트,업종:기타,,,,기타,0,,,industry_fallback,중간
364990,TIGER 게임TOP10,KOSPI,기타·이벤트,업종:기타,,,,기타,0,,,industry_fallback,중간
365000,TIGER 인터넷TOP10,KOSPI,기타·이벤트,업종:기타,,,,기타,0,,,industry_fallback,중간
365040,TIGER AI코리아그로스액티브,KOSPI,기타·이벤트,업종:기타,,,,기타,0,,,industry_fallback,중간
365780,ACE 국고채10년,KOSPI,기타·이벤트,업종:기타,,,,기타,0,,,industry_fallback,중간
367380,ACE 미국나스닥100,KOSPI,기타·이벤트,업종:기타,,,,기타,0,,,industry_fallback,중간
367740,HANARO Fn5G산업,KOSPI,기타·이벤트,업종:기타,,,,기타,0,,,industry_fallback,중간
367760,RISE 네트워크인프라,KOSPI,기타·이벤트,업종:기타,,,,기타,0,,,industry_fallback,중간
367770,RISE 수소경제테마,KOSPI,기타·이벤트,업종:기타,,,,기타,0,,,industry_fallback,중간
368190,HANARO Fn K-뉴딜디지털플러스,KOSPI,기타·이벤트,업종:기타,,,,기타,0,,,industry_fallback,중간
368590,RISE 미국나스닥100,KOSPI,기타·이벤트,업종:기타,,,,기타,0,,,industry_fallback,중간
368680,KODEX K-뉴딜디지털플러스,KOSPI,기타·이벤트,업종:기타,,,,기타,0,,,industry_fallback,중간
371150,RISE 차이나항셍테크,KOSPI,기타·이벤트,업종:기타,,,,기타,0,,,industry_fallback,중간
371160,TIGER 차이나항셍테크,KOSPI,기타·이벤트,업종:기타,,,,기타,0,,,industry_fallback,중간
371450,TIGER 글로벌클라우드컴퓨팅INDXX,KOSPI,기타·이벤트,업종:기타,,,,기타,0,,,industry_fallback,중간
371460,TIGER 차이나전기차SOLACTIVE,KOSPI,기타·이벤트,업종:기타,,,,기타,0,,,industry_fallback,중간
371470,TIGER 차이나바이오테크SOLACTIVE,KOSPI,기타·이벤트,업종:기타,,,,기타,0,,,industry_fallback,중간
371870,ACE 차이나항셍테크,KOSPI,기타·이벤트,업종:기타,,,,기타,0,,,industry_fallback,중간
372330,KODEX 차이나항셍테크,KOSPI,기타·이벤트,업종:기타,,,,기타,0,,,industry_fallback,중간
373490,KODEX 코리아혁신성장액티브,KOSPI,기타·이벤트,업종:기타,,,,기타,0,,,industry_fallback,중간
373790,KIWOOM 미국방어배당성장나스닥,KOSPI,기타·이벤트,업종:기타,,,,기타,0,,,industry_fallback,중간
375760,HANARO 탄소효율그린뉴딜,KOSPI,기타·이벤트,업종:기타,,,,기타,0,,,industry_fallback,중간
375770,KODEX 탄소효율그린뉴딜,KOSPI,기타·이벤트,업종:기타,,,,기타,0,,,industry_fallback,중간
376410,TIGER 탄소효율그린뉴딜,KOSPI,기타·이벤트,업종:기타,,,,기타,0,,,industry_fallback,중간
377990,TIGER Fn신재생에너지,KOSPI,기타·이벤트,업종:기타,,,,기타,0,,,industry_fallback,중간
379780,RISE 미국S&P500,KOSPI,기타·이벤트,업종:기타,,,,기타,0,,,industry_fallback,중간
379790,RISE 유로스탁스50(H),KOSPI,기타·이벤트,업종:기타,,,,기타,0,,,industry_fallback,중간
379800,KODEX 미국S&P500,KOSPI,기타·이벤트,업종:기타,,,,기타,0,,,industry_fallback,중간
379810,KODEX 미국나스닥100,KOSPI,기타·이벤트,업종:기타,,,,기타,0,,,industry_fallback,중간
380340,ACE 코리아AI테크핵심산업,KOSPI,기타·이벤트,업종:기타,,,,기타,0,,,industry_fallback,중간
381170,TIGER 미국테크TOP10 INDXX,KOSPI,기타·이벤트,업종:기타,,,,기타,0,,,industry_fallback,중간
381180,TIGER 미국필라델피아반도체나스닥,KOSPI,기타·이벤트,업종:기타,,,,기타,0,,,industry_fallback,중간
381560,HANARO Fn전기&수소차,KOSPI,기타·이벤트,업종:기타,,,,기타,0,,,industry_fallback,중간
381570,HANARO Fn친환경에너지,KOSPI,기타·이벤트,업종:기타,,,,기타,0,,,industry_fallback,중간
385510,KODEX 신재생에너지액티브,KOSPI,기타·이벤트,업종:기타,,,,기타,0,,,industry_fallback,중간
385520,KODEX 자율주행액티브,KOSPI,기타·이벤트,업종:기타,,,,기타,0,,,industry_fallback,중간
385540,RISE 종합채권(A-이상)액티브,KOSPI,기타·이벤트,업종:기타,,,,기타,0,,,industry_fallback,중간
385550,RISE 단기채권알파액티브,KOSPI,기타·이벤트,업종:기타,,,,기타,0,,,industry_fallback,중간
385560,RISE KIS국고채30년Enhanced,KOSPI,기타·이벤트,업종:기타,,,,기타,0,,,industry_fallback,중간
385590,ACE ESG액티브,KOSPI,기타·이벤트,업종:기타,,,,기타,0,,,industry_fallback,중간
385600,ACE 2차전지&친환경차액티브,KOSPI,기타·이벤트,업종:기타,,,,기타,0,,,industry_fallback,중간
385710,TIME K이노베이션액티브,KOSPI,기타·이벤트,업종:기타,,,,기타,0,,,industry_fallback,중간
385720,TIME 코스피액티브,KOSPI,기타·이벤트,업종:기타,,,,기타,0,,,industry_fallback,중간
387270,TIGER 글로벌이노베이션액티브,KOSPI,기타·이벤트,업종:기타,,,,기타,0,,,industry_fallback,중간
387280,TIGER 퓨처모빌리티액티브,KOSPI,기타·이벤트,업종:기타,,,,기타,0,,,industry_fallback,중간
388280,RISE K엔터&여행레저,KOSPI,기타·이벤트,업종:기타,,,,기타,0,,,industry_fallback,중간
388420,RISE 비메모리반도체액티브,KOSPI,기타·이벤트,업종:기타,,,,기타,0,,,industry_fallback,중간
390390,KODEX 미국반도체,KOSPI,기타·이벤트,업종:기타,,,,기타,0,,,industry_fallback,중간
390400,KODEX 미국스마트모빌리티S&P,KOSPI,기타·이벤트,업종:기타,,,,기타,0,,,industry_fallback,중간
391600,ACE 미국친환경그린테마,KOSPI,기타·이벤트,업종:기타,,,,기타,0,,,industry_fallback,중간
391670,HK 베스트일레븐액티브,KOSPI,기타·이벤트,업종:기타,,,,기타,0,,,industry_fallback,중간
394660,TIGER 글로벌자율주행&전기차SOLACTIVE,KOSPI,기타·이벤트,업종:기타,,,,기타,0,,,industry_fallback,중간
394670,TIGER 글로벌리튬&2차전지SOLACTIVE(합성),KOSPI,기타·이벤트,업종:기타,,,,기타,0,,,industry_fallback,중간
395150,KODEX 웹툰&드라마,KOSPI,기타·이벤트,업종:기타,,,,기타,0,,,industry_fallback,중간
395160,KODEX AI반도체TOP2플러스,KOSPI,기타·이벤트,업종:기타,,,,기타,0,,,industry_fallback,중간
395170,KODEX Top10동일가중,KOSPI,기타·이벤트,업종:기타,,,,기타,0,,,industry_fallback,중간
395270,HANARO Fn K-반도체,KOSPI,기타·이벤트,업종:기타,,,,기타,0,,,industry_fallback,중간
395280,HANARO Fn K-게임,KOSPI,기타·이벤트,업종:기타,,,,기타,0,,,industry_fallback,중간
395290,HANARO Fn K-POP&미디어,KOSPI,기타·이벤트,업종:기타,,,,기타,0,,,industry_fallback,중간
395750,PLUS ESG가치주액티브,KOSPI,기타·이벤트,업종:기타,,,,기타,0,,,industry_fallback,중간
395760,PLUS ESG성장주액티브,KOSPI,기타·이벤트,업종:기타,,,,기타,0,,,industry_fallback,중간
396500,TIGER 반도체TOP10,KOSPI,기타·이벤트,업종:기타,,,,기타,0,,,industry_fallback,중간
396510,TIGER 차이나클린에너지SOLACTIVE,KOSPI,기타·이벤트,업종:기타,,,,기타,0,,,industry_fallback,중간
396520,TIGER 차이나반도체FACTSET,KOSPI,기타·이벤트,업종:기타,,,,기타,0,,,industry_fallback,중간
399110,SOL 미국S&P500ESG,KOSPI,기타·이벤트,업종:기타,,,,기타,0,,,industry_fallback,중간
399580,RISE 글로벌클린에너지,KOSPI,기타·이벤트,업종:기타,,,,기타,0,,,industry_fallback,중간
400570,KODEX 유럽탄소배출권선물ICE(H),KOSPI,기타·이벤트,업종:기타,,,,기타,0,,,industry_fallback,중간
400580,SOL 유럽탄소배출권선물S&P(H),KOSPI,기타·이벤트,업종:기타,,,,기타,0,,,industry_fallback,중간
400590,SOL 글로벌탄소배출권선물ICE(합성),KOSPI,기타·이벤트,업종:기타,,,,기타,0,,,industry_fallback,중간
400970,TIGER Fn메타버스,KOSPI,기타·이벤트,업종:기타,,,,기타,0,,,industry_fallback,중간
401170,RISE 메타버스,KOSPI,기타·이벤트,업종:기타,,,,기타,0,,,industry_fallback,중간
401470,KODEX 메타버스액티브,KOSPI,기타·이벤트,업종:기타,,,,기타,0,,,industry_fallback,중간
401590,HANARO 글로벌탄소배출권선물ICE(합성),KOSPI,기타·이벤트,업종:기타,,,,기타,0,,,industry_fallback,중간
402460,HANARO Fn K-메타버스MZ,KOSPI,기타·이벤트,업종:기타,,,,기타,0,,,industry_fallback,중간
402970,ACE 미국배당다우존스,KOSPI,기타·이벤트,업종:기타,,,,기타,0,,,industry_fallback,중간
403790,MIDAS 코스피액티브,KOSPI,기타·이벤트,업종:기타,,,,기타,0,,,industry_fallback,중간
404120,TIME K신재생에너지액티브,KOSPI,기타·이벤트,업종:기타,,,,기타,0,,,industry_fallback,중간
404260,KODEX 기후변화솔루션,KOSPI,기타·이벤트,업종:기타,,,,기타,0,,,industry_fallback,중간
404540,TIGER KRX기후변화솔루션,KOSPI,기타·이벤트,업종:기타,,,,기타,0,,,industry_fallback,중간
404650,SOL KRX기후변화솔루션,KOSPI,기타·이벤트,업종:기타,,,,기타,0,,,industry_fallback,중간
407300,HANARO Fn골프테마,KOSPI,기타·이벤트,업종:기타,,,,기타,0,,,industry_fallback,중간
407310,HANARO 200 TOP10,KOSPI,기타·이벤트,업종:기타,,,,기타,0,,,industry_fallback,중간
407820,에셋플러스 코리아플랫폼액티브,KOSPI,기타·이벤트,업종:기타,,,,기타,0,,,industry_fallback,중간
407830,에셋플러스 글로벌플랫폼액티브,KOSPI,기타·이벤트,업종:기타,,,,기타,0,,,industry_fallback,중간
409810,KODEX 미국나스닥100선물인버스(H),KOSPI,기타·이벤트,업종:기타,,,,기타,0,,,industry_fallback,중간
409820,KODEX 미국나스닥100레버리지(합성 H),KOSPI,기타·이벤트,업종:기타,,,,기타,0,,,industry_fallback,중간
410870,TIME K컬처액티브,KOSPI,기타·이벤트,업종:기타,,,,기타,0,,,industry_fallback,중간
411060,ACE KRX금현물,KOSPI,기타·이벤트,업종:기타,,,,기타,0,,,industry_fallback,중간
411420,KODEX 미국나스닥AI테크액티브,KOSPI,기타·이벤트,업종:기타,,,,기타,0,,,industry_fallback,중간
411540,SOL 200 Top10,KOSPI,기타·이벤트,업종:기타,,,,기타,0,,,industry_fallback,중간
411860,KIWOOM 독일DAX,KOSPI,기타·이벤트,업종:기타,,,,기타,0,,,industry_fallback,중간
412560,TIGER BBIG레버리지,KOSPI,기타·이벤트,업종:기타,,,,기타,0,,,industry_fallback,중간
412570,TIGER 2차전지TOP10레버리지,KOSPI,기타·이벤트,업종:기타,,,,기타,0,,,industry_fallback,중간
412770,TIGER 글로벌AI플랫폼액티브,KOSPI,기타·이벤트,업종:기타,,,,기타,0,,,industry_fallback,중간
413220,SOL 차이나태양광CSI(합성),KOSPI,기타·이벤트,업종:기타,,,,기타,0,,,industry_fallback,중간
413930,WON AI ESG액티브,KOSPI,기타·이벤트,업종:기타,,,,기타,0,,,industry_fallback,중간
414270,ACE 글로벌자율주행액티브,KOSPI,기타·이벤트,업종:기타,,,,기타,0,,,industry_fallback,중간
414780,TIGER 차이나과창판STAR50(합성),KOSPI,기타·이벤트,업종:기타,,,,기타,0,,,industry_fallback,중간
415340,KODEX 차이나과창판STAR50(합성),KOSPI,기타·이벤트,업종:기타,,,,기타,0,,,industry_fallback,중간
415760,SOL 차이나육성산업액티브(합성),KOSPI,기타·이벤트,업종:기타,,,,기타,0,,,industry_fallback,중간
415920,PLUS 글로벌희토류&전략자원생산기업,KOSPI,기타·이벤트,업종:기타,,,,기타,0,,,industry_fallback,중간
416090,ACE 중국과창판STAR50,KOSPI,기타·이벤트,업종:기타,,,,기타,0,,,industry_fallback,중간
417450,RISE 글로벌수소경제,KOSPI,기타·이벤트,업종:기타,,,,기타,0,,,industry_fallback,중간
417630,TIGER KEDI혁신기업ESG30,KOSPI,기타·이벤트,업종:기타,,,,기타,0,,,industry_fallback,중간
418660,TIGER 미국나스닥100레버리지(합성),KOSPI,기타·이벤트,업종:기타,,,,기타,0,,,industry_fallback,중간
418670,TIGER 글로벌AI사이버보안,KOSPI,기타·이벤트,업종:기타,,,,기타,0,,,industry_fallback,중간
419420,KODEX 미국클린에너지나스닥,KOSPI,기타·이벤트,업종:기타,,,,기타,0,,,industry_fallback,중간
419430,KODEX 차이나2차전지MSCI(합성),KOSPI,기타·이벤트,업종:기타,,,,기타,0,,,industry_fallback,중간
419650,PLUS 글로벌수소&차세대연료전지,KOSPI,기타·이벤트,업종:기타,,,,기타,0,,,industry_fallback,중간
419890,KIWOOM 단기채권ESG액티브,KOSPI,기타·이벤트,업종:기타,,,,기타,0,,,industry_fallback,중간
421320,PLUS 우주항공,KOSPI,기타·이벤트,업종:기타,,,,기타,0,,,industry_fallback,중간
422420,RISE 2차전지액티브,KOSPI,기타·이벤트,업종:기타,,,,기타,0,,,industry_fallback,중간
423160,KODEX KOFR금리액티브(합성),KOSPI,기타·이벤트,업종:기타,,,,기타,0,,,industry_fallback,중간
423170,SOL 글로벌AI반도체탑픽액티브,KOSPI,기타·이벤트,업종:기타,,,,기타,0,,,industry_fallback,중간
423920,TIGER 미국필라델피아반도체레버리지(합성),KOSPI,기타·이벤트,업종:기타,,,,기타,0,,,industry_fallback,중간
426020,TIME 미국S&P500액티브,KOSPI,기타·이벤트,업종:기타,,,,기타,0,,,industry_fallback,중간
426030,TIME 미국나스닥100액티브,KOSPI,기타·이벤트,업종:기타,,,,기타,0,,,industry_fallback,중간
426150,WON 대한민국국고채액티브,KOSPI,기타·이벤트,업종:기타,,,,기타,0,,,industry_fallback,중간
427120,RISE AI플랫폼,KOSPI,기타·이벤트,업종:기타,,,,기타,0,,,industry_fallback,중간
428510,KODEX 차이나AI테크액티브,KOSPI,기타·이벤트,업종:기타,,,,기타,0,,,industry_fallback,중간
428560,KODEX 미국ETF산업Top10 Indxx,KOSPI,기타·이벤트,업종:기타,,,,기타,0,,,industry_fallback,중간
429000,TIGER 미국S&P500배당귀족,KOSPI,기타·이벤트,업종:기타,,,,기타,0,,,industry_fallback,중간
429010,TIGER 미국나스닥넥스트100,KOSPI,기타·이벤트,업종:기타,,,,기타,0,,,industry_fallback,중간
429760,PLUS 미국S&P500,KOSPI,기타·이벤트,업종:기타,,,,기타,0,,,industry_fallback,중간
429980,SOL 한국형글로벌전기차&2차전지액티브,KOSPI,기타·이벤트,업종:기타,,,,기타,0,,,industry_fallback,중간
430500,KIWOOM 물가채KIS,KOSPI,기타·이벤트,업종:기타,,,,기타,0,,,industry_fallback,중간
432600,RISE 국채선물3년,KOSPI,기타·이벤트,업종:기타,,,,기타,0,,,industry_fallback,중간
432840,HANARO 미국S&P500,KOSPI,기타·이벤트,업종:기타,,,,기타,0,,,industry_fallback,중간
433220,에셋플러스 글로벌대장장이액티브,KOSPI,기타·이벤트,업종:기타,,,,기타,0,,,industry_fallback,중간
433250,UNICORN R&D 액티브,KOSPI,기타·이벤트,업종:기타,,,,기타,0,,,industry_fallback,중간
433330,SOL 미국S&P500,KOSPI,기타·이벤트,업종:기타,,,,기타,0,,,industry_fallback,중간
433500,ACE 원자력TOP10,KOSPI,기타·이벤트,업종:기타,,,,기타,0,,,industry_fallback,중간
433880,PLUS TDF2060액티브 적격,KOSPI,기타·이벤트,업종:기타,,,,기타,0,,,industry_fallback,중간
433970,KODEX TDF2030액티브 적격,KOSPI,기타·이벤트,업종:기타,,,,기타,0,,,industry_fallback,중간
433980,KODEX TDF2040액티브 적격,KOSPI,기타·이벤트,업종:기타,,,,기타,0,,,industry_fallback,중간
434060,KODEX TDF2050액티브 적격,KOSPI,기타·이벤트,업종:기타,,,,기타,0,,,industry_fallback,중간
434730,HANARO 원자력iSelect,KOSPI,기타·이벤트,업종:기타,,,,기타,0,,,industry_fallback,중간
434960,DAISHIN K200,KOSPI,기타·이벤트,업종:기타,,,,기타,0,,,industry_fallback,중간
435040,ACE 글로벌브랜드TOP10,KOSPI,기타·이벤트,업종:기타,,,,기타,0,,,industry_fallback,중간
435420,TIGER 미국나스닥100채권혼합50,KOSPI,기타·이벤트,업종:기타,,,,기타,0,,,industry_fallback,중간
435530,KIWOOM TDF2030액티브 적격,KOSPI,기타·이벤트,업종:기타,,,,기타,0,,,industry_fallback,중간
435540,KIWOOM TDF2040액티브 적격,KOSPI,기타·이벤트,업종:기타,,,,기타,0,,,industry_fallback,중간
435550,KIWOOM TDF2050액티브 적격,KOSPI,기타·이벤트,업종:기타,,,,기타,0,,,industry_fallback,중간
436140,SOL 종합채권(AA-이상)액티브,KOSPI,기타·이벤트,업종:기타,,,,기타,0,,,industry_fallback,중간
437070,KODEX 아시아달러채권ESG플러스액티브,KOSPI,기타·이벤트,업종:기타,,,,기타,0,,,industry_fallback,중간
437080,KODEX 미국종합채권ESG액티브(H),KOSPI,기타·이벤트,업종:기타,,,,기타,0,,,industry_fallback,중간
437350,RISE 미국단기투자등급회사채액티브,KOSPI,기타·이벤트,업종:기타,,,,기타,0,,,industry_fallback,중간
437370,RISE 글로벌농업경제,KOSPI,기타·이벤트,업종:기타,,,,기타,0,,,industry_fallback,중간
438080,ACE 미국S&P500미국채혼합50액티브,KOSPI,기타·이벤트,업종:기타,,,,기타,0,,,industry_fallback,중간
438100,ACE 미국나스닥100미국채혼합50액티브,KOSPI,기타·이벤트,업종:기타,,,,기타,0,,,industry_fallback,중간
438320,TIGER 차이나항셍테크레버리지(합성 H),KOSPI,기타·이벤트,업종:기타,,,,기타,0,,,industry_fallback,중간
438330,TIGER 우량회사채액티브,KOSPI,기타·이벤트,업종:기타,,,,기타,0,,,industry_fallback,중간
438560,SOL 국고채3년,KOSPI,기타·이벤트,업종:기타,,,,기타,0,,,industry_fallback,중간
438570,SOL 국고채10년,KOSPI,기타·이벤트,업종:기타,,,,기타,0,,,industry_fallback,중간
438740,MIDAS 중소형액티브,KOSPI,기타·이벤트,업종:기타,,,,기타,0,,,industry_fallback,중간
438900,HANARO Fn K-푸드,KOSPI,기타·이벤트,업종:기타,,,,기타,0,,,industry_fallback,중간
439860,KODEX ESG종합채권(A-이상)액티브,KOSPI,기타·이벤트,업종:기타,,,,기타,0,,,industry_fallback,중간
439870,KODEX 국고채30년액티브,KOSPI,기타·이벤트,업종:기타,,,,기타,0,,,industry_fallback,중간
440340,TIGER 글로벌멀티에셋TIF액티브,KOSPI,기타·이벤트,업종:기타,,,,기타,0,,,industry_fallback,중간
440640,ACE 단기채권알파액티브,KOSPI,기타·이벤트,업종:기타,,,,기타,0,,,industry_fallback,중간
440650,ACE 미국달러단기채권액티브,KOSPI,기타·이벤트,업종:기타,,,,기타,0,,,industry_fallback,중간
440910,WON 미국우주항공방산,KOSPI,기타·이벤트,업종:기타,,,,기타,0,,,industry_fallback,중간
441540,HANARO Fn조선해운,KOSPI,기타·이벤트,업종:기타,,,,기타,0,,,industry_fallback,중간
441640,KODEX 미국배당커버드콜액티브,KOSPI,기타·이벤트,업종:기타,,,,기타,0,,,industry_fallback,중간
441680,TIGER 미국나스닥100커버드콜(합성),KOSPI,기타·이벤트,업종:기타,,,,기타,0,,,industry_fallback,중간
441800,TIME Korea플러스배당액티브,KOSPI,기타·이벤트,업종:기타,,,,기타,0,,,industry_fallback,중간
442090,에셋플러스 코리아대장장이액티브,KOSPI,기타·이벤트,업종:기타,,,,기타,0,,,industry_fallback,중간
442260,마이티 다이나믹퀀트액티브,KOSPI,기타·이벤트,업종:기타,,,,기타,0,,,industry_fallback,중간
442320,RISE 글로벌원자력,KOSPI,기타·이벤트,업종:기타,,,,기타,0,,,industry_fallback,중간
442550,RISE TDF2030액티브 적격,KOSPI,기타·이벤트,업종:기타,,,,기타,0,,,industry_fallback,중간
442560,RISE TDF2040액티브 적격,KOSPI,기타·이벤트,업종:기타,,,,기타,0,,,industry_fallback,중간
442570,RISE TDF2050액티브 적격,KOSPI,기타·이벤트,업종:기타,,,,기타,0,,,industry_fallback,중간
442580,PLUS 글로벌HBM반도체,KOSPI,기타·이벤트,업종:기타,,,,기타,0,,,industry_fallback,중간
444200,SOL 코리아메가테크액티브,KOSPI,기타·이벤트,업종:기타,,,,기타,0,,,industry_fallback,중간
444490,WON 미국S&P500,KOSPI,기타·이벤트,업종:기타,,,,기타,0,,,industry_fallback,중간
445150,KODEX 친환경조선해운액티브,KOSPI,기타·이벤트,업종:기타,,,,기타,0,,,industry_fallback,중간
445290,KODEX 로봇액티브,KOSPI,기타·이벤트,업종:기타,,,,기타,0,,,industry_fallback,중간
445690,BNK 주주가치액티브,KOSPI,기타·이벤트,업종:기타,,,,기타,0,,,industry_fallback,중간
445910,TIGER MKF배당귀족,KOSPI,기타·이벤트,업종:기타,,,,기타,0,,,industry_fallback,중간
446690,KODEX 아시아AI반도체exChina액티브,KOSPI,기타·이벤트,업종:기타,,,,기타,0,,,industry_fallback,중간
446700,RISE 배터리 리사이클링,KOSPI,기타·이벤트,업종:기타,,,,기타,0,,,industry_fallback,중간
446720,SOL 미국배당다우존스,KOSPI,기타·이벤트,업종:기타,,,,기타,0,,,industry_fallback,중간
446770,ACE 글로벌반도체TOP4 Plus,KOSPI,기타·이벤트,업종:기타,,,,기타,0,,,industry_fallback,중간
447430,ACE 주주환원가치주액티브,KOSPI,기타·이벤트,업종:기타,,,,기타,0,,,industry_fallback,중간
447620,SOL 미국TOP5채권혼합50,KOSPI,기타·이벤트,업종:기타,,,,기타,0,,,industry_fallback,중간
447660,PLUS 애플채권혼합,KOSPI,기타·이벤트,업종:기타,,,,기타,0,,,industry_fallback,중간
447770,TIGER 테슬라채권혼합Fn,KOSPI,기타·이벤트,업종:기타,,,,기타,0,,,industry_fallback,중간
448100,WON 200,KOSPI,기타·이벤트,업종:기타,,,,기타,0,,,industry_fallback,중간
448290,TIGER 미국S&P500(H),KOSPI,기타·이벤트,업종:기타,,,,기타,0,,,industry_fallback,중간
448300,TIGER 미국나스닥100(H),KOSPI,기타·이벤트,업종:기타,,,,기타,0,,,industry_fallback,중간
448330,KODEX 삼성전자채권혼합,KOSPI,기타·이벤트,업종:기타,,,,기타,0,,,industry_fallback,중간
448490,HANARO 32-10 국고채액티브,KOSPI,기타·이벤트,업종:기타,,,,기타,0,,,industry_fallback,중간
448540,ACE 엔비디아채권혼합,KOSPI,기타·이벤트,업종:기타,,,,기타,0,,,industry_fallback,중간
448570,FOCUS AI코리아액티브,KOSPI,기타·이벤트,업종:기타,,,,기타,0,,,industry_fallback,중간
448630,RISE 삼성그룹Top3채권혼합,KOSPI,기타·이벤트,업종:기타,,,,기타,0,,,industry_fallback,중간
449170,TIGER KOFR금리액티브(합성),KOSPI,기타·이벤트,업종:기타,,,,기타,0,,,industry_fallback,중간
449180,KODEX 미국S&P500(H),KOSPI,기타·이벤트,업종:기타,,,,기타,0,,,industry_fallback,중간
449190,KODEX 미국나스닥100(H),KOSPI,기타·이벤트,업종:기타,,,,기타,0,,,industry_fallback,중간
449450,PLUS K방산,KOSPI,기타·이벤트,업종:기타,,,,기타,0,,,industry_fallback,중간
449580,RISE 테슬라애플아마존채권혼합,KOSPI,기타·이벤트,업종:기타,,,,기타,0,,,industry_fallback,중간
449680,TIGER 한중전기차(합성),KOSPI,기타·이벤트,업종:기타,,,,기타,0,,,industry_fallback,중간
449690,TIGER 한중반도체(합성),KOSPI,기타·이벤트,업종:기타,,,,기타,0,,,industry_fallback,중간
449770,KIWOOM 미국S&P500,KOSPI,기타·이벤트,업종:기타,,,,기타,0,,,industry_fallback,중간
449780,KIWOOM 미국S&P500(H),KOSPI,기타·이벤트,업종:기타,,,,기타,0,,,industry_fallback,중간
450180,KODEX 한중전기차(합성),KOSPI,기타·이벤트,업종:기타,,,,기타,0,,,industry_fallback,중간
450190,KODEX 한중반도체(합성),KOSPI,기타·이벤트,업종:기타,,,,기타,0,,,industry_fallback,중간
450910,SOL 코스닥150,KOSPI,기타·이벤트,업종:기타,,,,기타,0,,,industry_fallback,중간
451000,PLUS 종합채권(AA-이상)액티브,KOSPI,기타·이벤트,업종:기타,,,,기타,0,,,industry_fallback,중간
451060,1Q 200액티브,KOSPI,기타·이벤트,업종:기타,,,,기타,0,,,industry_fallback,중간
451150,에셋플러스 글로벌영에이지액티브,KOSPI,기타·이벤트,업종:기타,,,,기타,0,,,industry_fallback,중간
451530,TIGER 국고채30년스트립액티브,KOSPI,기타·이벤트,업종:기타,,,,기타,0,,,industry_fallback,중간
451540,TIGER 종합채권(AA-이상)액티브,KOSPI,기타·이벤트,업종:기타,,,,기타,0,,,industry_fallback,중간
451600,PLUS 국고채30년액티브,KOSPI,기타·이벤트,업종:기타,,,,기타,0,,,industry_fallback,중간
451670,RISE 국채30년레버리지(합성),KOSPI,기타·이벤트,업종:기타,,,,기타,0,,,industry_fallback,중간
452250,ACE 미국30년국채선물레버리지(합성 H),KOSPI,기타·이벤트,업종:기타,,,,기타,0,,,industry_fallback,중간
452360,SOL 미국배당다우존스(H),KOSPI,기타·이벤트,업종:기타,,,,기타,0,,,industry_fallback,중간
453010,PLUS KOFR금리,KOSPI,기타·이벤트,업종:기타,,,,기타,0,,,industry_fallback,중간
453060,HANARO KOFR금리액티브(합성),KOSPI,기타·이벤트,업종:기타,,,,기타,0,,,industry_fallback,중간
453080,KIWOOM 미국나스닥100(H),KOSPI,기타·이벤트,업종:기타,,,,기타,0,,,industry_fallback,중간
453330,RISE 미국S&P500(H),KOSPI,기타·이벤트,업종:기타,,,,기타,0,,,industry_fallback,중간
453630,KODEX 미국S&P500필수소비재,KOSPI,기타·이벤트,업종:기타,,,,기타,0,,,industry_fallback,중간
453640,KODEX 미국S&P500헬스케어,KOSPI,기타·이벤트,업종:기타,,,,기타,0,,,industry_fallback,중간
453650,KODEX 미국S&P500금융,KOSPI,기타·이벤트,업종:기타,,,,기타,0,,,industry_fallback,중간
453660,KODEX 미국S&P500경기소비재,KOSPI,기타·이벤트,업종:기타,,,,기타,0,,,industry_fallback,중간
453810,KODEX 인도Nifty50,KOSPI,기타·이벤트,업종:기타,,,,기타,0,,,industry_fallback,중간
453820,KODEX 인도Nifty50레버리지(합성),KOSPI,기타·이벤트,업종:기타,,,,기타,0,,,industry_fallback,중간
453850,ACE 미국30년국채액티브(H),KOSPI,기타·이벤트,업종:기타,,,,기타,0,,,industry_fallback,중간
453870,TIGER 인도니프티50,KOSPI,기타·이벤트,업종:기타,,,,기타,0,,,industry_fallback,중간
453950,TIGER TSMC파운드리밸류체인,KOSPI,기타·이벤트,업종:기타,,,,기타,0,,,industry_fallback,중간
454180,KIWOOM 차이나내수소비TOP CSI,KOSPI,기타·이벤트,업종:기타,,,,기타,0,,,industry_fallback,중간
454320,HANARO CAPEX설비투자iSelect,KOSPI,기타·이벤트,업종:기타,,,,기타,0,,,industry_fallback,중간
454780,KIWOOM 종합채권(AA-이상)액티브,KOSPI,기타·이벤트,업종:기타,,,,기타,0,,,industry_fallback,중간
455030,KODEX 미국달러SOFR금리액티브(합성),KOSPI,기타·이벤트,업종:기타,,,,기타,0,,,industry_fallback,중간
455660,ACE 미국하이일드액티브(H),KOSPI,기타·이벤트,업종:기타,,,,기타,0,,,industry_fallback,중간
455850,SOL AI반도체소부장,KOSPI,기타·이벤트,업종:기타,,,,기타,0,,,industry_fallback,중간
455860,SOL 2차전지소부장Fn,KOSPI,기타·이벤트,업종:기타,,,,기타,0,,,industry_fallback,중간
455890,RISE 머니마켓액티브,KOSPI,기타·이벤트,업종:기타,,,,기타,0,,,industry_fallback,중간
455960,RISE 미국달러SOFR금리액티브(합성),KOSPI,기타·이벤트,업종:기타,,,,기타,0,,,industry_fallback,중간
456200,PLUS 미국달러SOFR금리액티브(합성),KOSPI,기타·이벤트,업종:기타,,,,기타,0,,,industry_fallback,중간
456250,KODEX 유럽명품TOP10 STOXX,KOSPI,기타·이벤트,업종:기타,,,,기타,0,,,industry_fallback,중간
456600,TIME 글로벌AI인공지능액티브,KOSPI,기타·이벤트,업종:기타,,,,기타,0,,,industry_fallback,중간
456610,TIGER 미국달러SOFR금리액티브(합성),KOSPI,기타·이벤트,업종:기타,,,,기타,0,,,industry_fallback,중간
456680,TIGER 차이나전기차레버리지(합성),KOSPI,기타·이벤트,업종:기타,,,,기타,0,,,industry_fallback,중간
456880,ACE 미국달러SOFR금리(합성),KOSPI,기타·이벤트,업종:기타,,,,기타,0,,,industry_fallback,중간
457480,ACE 테슬라밸류체인액티브,KOSPI,기타·이벤트,업종:기타,,,,기타,0,,,industry_fallback,중간
457690,KODEX 33-06 국고채액티브,KOSPI,기타·이벤트,업종:기타,,,,기타,0,,,industry_fallback,중간
457700,KODEX 53-09 국고채액티브,KOSPI,기타·이벤트,업종:기타,,,,기타,0,,,industry_fallback,중간
457930,BNK 미래전략기술액티브,KOSPI,기타·이벤트,업종:기타,,,,기타,0,,,industry_fallback,중간
457990,PLUS 태양광&ESS,KOSPI,기타·이벤트,업종:기타,,,,기타,0,,,industry_fallback,중간
458030,WON 국공채머니마켓액티브,KOSPI,기타·이벤트,업종:기타,,,,기타,0,,,industry_fallback,중간
458210,KIWOOM CD금리액티브(합성),KOSPI,기타·이벤트,업종:기타,,,,기타,0,,,industry_fallback,중간
458250,TIGER 미국30년국채스트립액티브(합성 H),KOSPI,기타·이벤트,업종:기타,,,,기타,0,,,industry_fallback,중간
458260,TIGER 미국투자등급회사채액티브(H),KOSPI,기타·이벤트,업종:기타,,,,기타,0,,,industry_fallback,중간
458730,TIGER 미국배당다우존스,KOSPI,기타·이벤트,업종:기타,,,,기타,0,,,industry_fallback,중간
458750,TIGER 미국배당다우존스타겟커버드콜1호,KOSPI,기타·이벤트,업종:기타,,,,기타,0,,,industry_fallback,중간
458760,TIGER 미국배당다우존스타겟커버드콜2호,KOSPI,기타·이벤트,업종:기타,,,,기타,0,,,industry_fallback,중간
459560,KODEX 테슬라밸류체인FactSet,KOSPI,기타·이벤트,업종:기타,,,,기타,0,,,industry_fallback,중간
459580,KODEX CD금리액티브(합성),KOSPI,기타·이벤트,업종:기타,,,,기타,0,,,industry_fallback,중간
459750,RISE 글로벌주식분산액티브,KOSPI,기타·이벤트,업종:기타,,,,기타,0,,,industry_fallback,중간
459790,KIWOOM 미국성장기업30액티브,KOSPI,기타·이벤트,업종:기타,,,,기타,0,,,industry_fallback,중간
460270,KIWOOM 미국달러SOFR금리액티브(합성),KOSPI,기타·이벤트,업종:기타,,,,기타,0,,,industry_fallback,중간
460660,RISE 미국S&P배당킹,KOSPI,기타·이벤트,업종:기타,,,,기타,0,,,industry_fallback,중간
460960,ACE 글로벌인컴TOP10,KOSPI,기타·이벤트,업종:기타,,,,기타,0,,,industry_fallback,중간
461340,HANARO 글로벌생성형AI액티브,KOSPI,기타·이벤트,업종:기타,,,,기타,0,,,industry_fallback,중간
461450,KODEX 코스닥글로벌,KOSPI,기타·이벤트,업종:기타,,,,기타,0,,,industry_fallback,중간
461460,PLUS 국고채10년액티브,KOSPI,기타·이벤트,업종:기타,,,,기타,0,,,industry_fallback,중간
461490,RISE 글로벌자산배분액티브,KOSPI,기타·이벤트,업종:기타,,,,기타,0,,,industry_fallback,중간
461500,HANARO 종합채권(AA-이상)액티브,KOSPI,기타·이벤트,업종:기타,,,,기타,0,,,industry_fallback,중간
461580,TIGER 코스닥글로벌,KOSPI,기타·이벤트,업종:기타,,,,기타,0,,,industry_fallback,중간
461600,SOL 미국30년국채액티브(H),KOSPI,기타·이벤트,업종:기타,,,,기타,0,,,industry_fallback,중간
461900,PLUS 미국테크TOP10,KOSPI,기타·이벤트,업종:기타,,,,기타,0,,,industry_fallback,중간
461910,PLUS 미국테크TOP10레버리지(합성),KOSPI,기타·이벤트,업종:기타,,,,기타,0,,,industry_fallback,중간
461950,KODEX 2차전지핵심소재10,KOSPI,기타·이벤트,업종:기타,,,,기타,0,,,industry_fallback,중간
462010,TIGER 2차전지소재Fn,KOSPI,기타·이벤트,업종:기타,,,,기타,0,,,industry_fallback,중간
462330,KODEX 2차전지산업레버리지,KOSPI,기타·이벤트,업종:기타,,,,기타,0,,,industry_fallback,중간
462340,에셋플러스 글로벌다이나믹시니어액티브,KOSPI,기타·이벤트,업종:기타,,,,기타,0,,,industry_fallback,중간
462900,KoAct 바이오헬스케어액티브,KOSPI,기타·이벤트,업종:기타,,,,기타,0,,,industry_fallback,중간
463050,TIME K바이오액티브,KOSPI,기타·이벤트,업종:기타,,,,기타,0,,,industry_fallback,중간
463250,TIGER K방산&우주,KOSPI,기타·이벤트,업종:기타,,,,기타,0,,,industry_fallback,중간
463290,1Q 단기금융채액티브,KOSPI,기타·이벤트,업종:기타,,,,기타,0,,,industry_fallback,중간
463300,RISE 중국본토CSI300,KOSPI,기타·이벤트,업종:기타,,,,기타,0,,,industry_fallback,중간
463640,KODEX 미국S&P500유틸리티,KOSPI,기타·이벤트,업종:기타,,,,기타,0,,,industry_fallback,중간
463680,KODEX 미국S&P500테크놀로지,KOSPI,기타·이벤트,업종:기타,,,,기타,0,,,industry_fallback,중간
463690,KODEX 미국S&P500커뮤니케이션,KOSPI,기타·이벤트,업종:기타,,,,기타,0,,,industry_fallback,중간
464240,KIWOOM 26-09회사채(AA-이상)액티브,KOSPI,기타·이벤트,업종:기타,,,,기타,0,,,industry_fallback,중간
464310,TIGER 글로벌AI&로보틱스 INDXX,KOSPI,기타·이벤트,업종:기타,,,,기타,0,,,industry_fallback,중간
464470,PLUS 미국채30년액티브,KOSPI,기타·이벤트,업종:기타,,,,기타,0,,,industry_fallback,중간
464600,SOL 자동차소부장Fn,KOSPI,기타·이벤트,업종:기타,,,,기타,0,,,industry_fallback,중간
464610,SOL 의료기기소부장Fn,KOSPI,기타·이벤트,업종:기타,,,,기타,0,,,industry_fallback,중간
464920,PLUS 일본반도체소부장,KOSPI,기타·이벤트,업종:기타,,,,기타,0,,,industry_fallback,중간
464930,TIGER 글로벌혁신블루칩TOP10,KOSPI,기타·이벤트,업종:기타,,,,기타,0,,,industry_fallback,중간
465330,RISE 2차전지TOP10,KOSPI,기타·이벤트,업종:기타,,,,기타,0,,,industry_fallback,중간
465350,RISE 2차전지TOP10인버스(합성),KOSPI,기타·이벤트,업종:기타,,,,기타,0,,,industry_fallback,중간
465580,ACE 미국빅테크TOP7 Plus,KOSPI,기타·이벤트,업종:기타,,,,기타,0,,,industry_fallback,중간
465610,ACE 미국빅테크TOP7 Plus레버리지(합성),KOSPI,기타·이벤트,업종:기타,,,,기타,0,,,industry_fallback,중간
465620,ACE 미국빅테크TOP7 Plus인버스(합성),KOSPI,기타·이벤트,업종:기타,,,,기타,0,,,industry_fallback,중간
465660,TIGER 일본반도체FACTSET,KOSPI,기타·이벤트,업종:기타,,,,기타,0,,,industry_fallback,중간
465670,TIGER 미국캐시카우100,KOSPI,기타·이벤트,업종:기타,,,,기타,0,,,industry_fallback,중간
465780,마이티 26-09 특수채(AAA)액티브,KOSPI,기타·이벤트,업종:기타,,,,기타,0,,,industry_fallback,중간
466810,BNK 2차전지양극재,KOSPI,기타·이벤트,업종:기타,,,,기타,0,,,industry_fallback,중간
466920,SOL 조선TOP3플러스,KOSPI,기타·이벤트,업종:기타,,,,기타,0,,,industry_fallback,중간
466930,SOL 자동차TOP3플러스,KOSPI,기타·이벤트,업종:기타,,,,기타,0,,,industry_fallback,중간
466940,TIGER 은행고배당플러스TOP10,KOSPI,기타·이벤트,업종:기타,,,,기타,0,,,industry_fallback,중간
466950,TIGER 글로벌AI액티브,KOSPI,기타·이벤트,업종:기타,,,,기타,0,,,industry_fallback,중간
468370,KODEX iShares미국인플레이션국채액티브,KOSPI,기타·이벤트,업종:기타,,,,기타,0,,,industry_fallback,중간
468380,KODEX iShares미국하이일드액티브,KOSPI,기타·이벤트,업종:기타,,,,기타,0,,,industry_fallback,중간
468630,KODEX iShares미국투자등급회사채액티브,KOSPI,기타·이벤트,업종:기타,,,,기타,0,,,industry_fallback,중간
469050,RISE 미국반도체NYSE(H),KOSPI,기타·이벤트,업종:기타,,,,기타,0,,,industry_fallback,중간
469060,RISE 미국반도체NYSE,KOSPI,기타·이벤트,업종:기타,,,,기타,0,,,industry_fallback,중간
469070,RISE AI&로봇,KOSPI,기타·이벤트,업종:기타,,,,기타,0,,,industry_fallback,중간
469150,ACE AI반도체TOP3+,KOSPI,기타·이벤트,업종:기타,,,,기타,0,,,industry_fallback,중간
469160,ACE 일본반도체,KOSPI,기타·이벤트,업종:기타,,,,기타,0,,,industry_fallback,중간
469170,ACE 포스코그룹포커스,KOSPI,기타·이벤트,업종:기타,,,,기타,0,,,industry_fallback,중간
469530,RISE 미국달러선물인버스,KOSPI,기타·이벤트,업종:기타,,,,기타,0,,,industry_fallback,중간
469790,KIWOOM 코리아테크TOP10,KOSPI,기타·이벤트,업종:기타,,,,기타,0,,,industry_fallback,중간
469830,SOL 초단기채권액티브,KOSPI,기타·이벤트,업종:기타,,,,기타,0,,,industry_fallback,중간
470310,UNICORN 생성형AI강소기업액티브,KOSPI,기타·이벤트,업종:기타,,,,기타,0,,,industry_fallback,중간
471040,KoAct 글로벌AI&로봇액티브,KOSPI,기타·이벤트,업종:기타,,,,기타,0,,,industry_fallback,중간
471230,KODEX 국고채10년액티브,KOSPI,기타·이벤트,업종:기타,,,,기타,0,,,industry_fallback,중간
471460,KIWOOM 국고채30년액티브,KOSPI,기타·이벤트,업종:기타,,,,기타,0,,,industry_fallback,중간
471760,TIGER AI반도체핵심공정,KOSPI,기타·이벤트,업종:기타,,,,기타,0,,,industry_fallback,중간
471780,TIGER 코리아테크액티브,KOSPI,기타·이벤트,업종:기타,,,,기타,0,,,industry_fallback,중간
471990,KODEX AI반도체핵심장비,KOSPI,기타·이벤트,업종:기타,,,,기타,0,,,industry_fallback,중간
472150,TIGER 배당커버드콜액티브,KOSPI,기타·이벤트,업종:기타,,,,기타,0,,,industry_fallback,중간
472160,TIGER 미국테크TOP10 INDXX(H),KOSPI,기타·이벤트,업종:기타,,,,기타,0,,,industry_fallback,중간
472170,TIGER 미국테크TOP10채권혼합,KOSPI,기타·이벤트,업종:기타,,,,기타,0,,,industry_fallback,중간
472720,TRUSTON 주주가치액티브,KOSPI,기타·이벤트,업종:기타,,,,기타,0,,,industry_fallback,중간
472830,RISE 미국30년국채커버드콜(합성),KOSPI,기타·이벤트,업종:기타,,,,기타,0,,,industry_fallback,중간
472840,IBK 200,KOSPI,기타·이벤트,업종:기타,,,,기타,0,,,industry_fallback,중간
472870,RISE 미국30년국채엔화노출(합성 H),KOSPI,기타·이벤트,업종:기타,,,,기타,0,,,industry_fallback,중간
472920,HK 종합채권(AA-이상)액티브,KOSPI,기타·이벤트,업종:기타,,,,기타,0,,,industry_fallback,중간
473290,KODEX 26-12 회사채(AA-이상)액티브,KOSPI,기타·이벤트,업종:기타,,,,기타,0,,,industry_fallback,중간
473330,SOL 미국30년국채커버드콜(합성),KOSPI,기타·이벤트,업종:기타,,,,기타,0,,,industry_fallback,중간
473440,ACE 11월만기자동연장회사채AA-이상액티브,KOSPI,기타·이벤트,업종:기타,,,,기타,0,,,industry_fallback,중간
473460,KODEX 미국서학개미,KOSPI,기타·이벤트,업종:기타,,,,기타,0,,,industry_fallback,중간
473490,KIWOOM 글로벌AI반도체,KOSPI,기타·이벤트,업종:기타,,,,기타,0,,,industry_fallback,중간
473590,ACE 미국주식베스트셀러,KOSPI,기타·이벤트,업종:기타,,,,기타,0,,,industry_fallback,중간
473640,HANARO 글로벌금채굴기업,KOSPI,기타·이벤트,업종:기타,,,,기타,0,,,industry_fallback,중간
474220,TIGER 미국테크TOP10타겟커버드콜,KOSPI,기타·이벤트,업종:기타,,,,기타,0,,,industry_fallback,중간
474390,SOL 국고채30년액티브,KOSPI,기타·이벤트,업종:기타,,,,기타,0,,,industry_fallback,중간
474590,WON 반도체밸류체인액티브,KOSPI,기타·이벤트,업종:기타,,,,기타,0,,,industry_fallback,중간
474800,KIWOOM 미국원유에너지기업,KOSPI,기타·이벤트,업종:기타,,,,기타,0,,,industry_fallback,중간
474920,에셋플러스 차이나일등기업포커스10액티브,KOSPI,기타·이벤트,업종:기타,,,,기타,0,,,industry_fallback,중간
475050,ACE KPOP포커스,KOSPI,기타·이벤트,업종:기타,,,,기타,0,,,industry_fallback,중간
475070,KoAct 글로벌친환경전력인프라액티브,KOSPI,기타·이벤트,업종:기타,,,,기타,0,,,industry_fallback,중간
475080,KODEX 테슬라커버드콜채권혼합액티브,KOSPI,기타·이벤트,업종:기타,,,,기타,0,,,industry_fallback,중간
475260,ACE 2월만기자동연장회사채AA-이상액티브,KOSPI,기타·이벤트,업종:기타,,,,기타,0,,,industry_fallback,중간
475270,ACE 5월만기자동연장회사채AA-이상액티브,KOSPI,기타·이벤트,업종:기타,,,,기타,0,,,industry_fallback,중간
475280,ACE 8월만기자동연장회사채AA-이상액티브,KOSPI,기타·이벤트,업종:기타,,,,기타,0,,,industry_fallback,중간
475300,SOL 반도체전공정,KOSPI,기타·이벤트,업종:기타,,,,기타,0,,,industry_fallback,중간
475310,SOL 반도체후공정,KOSPI,기타·이벤트,업종:기타,,,,기타,0,,,industry_fallback,중간
475350,RISE 버크셔포트폴리오TOP10,KOSPI,기타·이벤트,업종:기타,,,,기타,0,,,industry_fallback,중간
475380,RISE 글로벌리얼티인컴,KOSPI,기타·이벤트,업종:기타,,,,기타,0,,,industry_fallback,중간
475630,TIGER CD1년금리액티브(합성),KOSPI,기타·이벤트,업종:기타,,,,기타,0,,,industry_fallback,중간
475720,RISE 200위클리커버드콜,KOSPI,기타·이벤트,업종:기타,,,,기타,0,,,industry_fallback,중간
476000,UNICORN 포스트IPO액티브,KOSPI,기타·이벤트,업종:기타,,,,기타,0,,,industry_fallback,중간
476030,SOL 미국나스닥100,KOSPI,기타·이벤트,업종:기타,,,,기타,0,,,industry_fallback,중간
476070,KODEX 글로벌비만치료제TOP2 Plus,KOSPI,기타·이벤트,업종:기타,,,,기타,0,,,industry_fallback,중간
476260,HANARO 반도체핵심공정주도주,KOSPI,기타·이벤트,업종:기타,,,,기타,0,,,industry_fallback,중간
476310,RISE 글로벌비만산업TOP2+,KOSPI,기타·이벤트,업종:기타,,,,기타,0,,,industry_fallback,중간
476450,KIWOOM 머니마켓액티브,KOSPI,기타·이벤트,업종:기타,,,,기타,0,,,industry_fallback,중간
476550,TIGER 미국30년국채커버드콜액티브(H),KOSPI,기타·이벤트,업종:기타,,,,기타,0,,,industry_fallback,중간
476690,TIGER 글로벌비만치료제TOP2Plus,KOSPI,기타·이벤트,업종:기타,,,,기타,0,,,industry_fallback,중간
476750,ACE 미국30년국채엔화노출액티브(H),KOSPI,기타·이벤트,업종:기타,,,,기타,0,,,industry_fallback,중간
476760,ACE 미국30년국채액티브,KOSPI,기타·이벤트,업종:기타,,,,기타,0,,,industry_fallback,중간
476850,KoAct 배당성장액티브,KOSPI,기타·이벤트,업종:기타,,,,기타,0,,,industry_fallback,중간
477050,PLUS 머니마켓액티브,KOSPI,기타·이벤트,업종:기타,,,,기타,0,,,industry_fallback,중간
477080,RISE CD금리액티브(합성),KOSPI,기타·이벤트,업종:기타,,,,기타,0,,,industry_fallback,중간
477490,에셋플러스 글로벌일등기업포커스10액티브,KOSPI,기타·이벤트,업종:기타,,,,기타,0,,,industry_fallback,중간
477730,KODEX 인도타타그룹,KOSPI,기타·이벤트,업종:기타,,,,기타,0,,,industry_fallback,중간
478150,TIME 글로벌우주테크&방산액티브,KOSPI,기타·이벤트,업종:기타,,,,기타,0,,,industry_fallback,중간
479080,1Q 머니마켓액티브,KOSPI,기타·이벤트,업종:기타,,,,기타,0,,,industry_fallback,중간
479520,RISE KOFR금리액티브(합성),KOSPI,기타·이벤트,업종:기타,,,,기타,0,,,industry_fallback,중간
479620,SOL 미국AI반도체칩메이커,KOSPI,기타·이벤트,업종:기타,,,,기타,0,,,industry_fallback,중간
479730,TIGER 인도빌리언컨슈머,KOSPI,기타·이벤트,업종:기타,,,,기타,0,,,industry_fallback,중간
479850,HANARO K-뷰티,KOSPI,기타·이벤트,업종:기타,,,,기타,0,,,industry_fallback,중간
480020,ACE 미국빅테크7+데일리타겟커버드콜(합성),KOSPI,기타·이벤트,업종:기타,,,,기타,0,,,industry_fallback,중간
480030,ACE 미국500데일리타겟커버드콜(합성),KOSPI,기타·이벤트,업종:기타,,,,기타,0,,,industry_fallback,중간
480040,ACE 미국반도체데일리타겟커버드콜(합성),KOSPI,기타·이벤트,업종:기타,,,,기타,0,,,industry_fallback,중간
480260,TIGER 27-04회사채(A+이상)액티브,KOSPI,기타·이벤트,업종:기타,,,,기타,0,,,industry_fallback,중간
480310,TIGER 글로벌온디바이스AI,KOSPI,기타·이벤트,업종:기타,,,,기타,0,,,industry_fallback,중간
480460,WON 한국부동산TOP3플러스,KOSPI,기타·이벤트,업종:기타,,,,기타,0,,,industry_fallback,중간
481050,KODEX CD1년금리플러스액티브(합성),KOSPI,기타·이벤트,업종:기타,,,,기타,0,,,industry_fallback,중간
481060,KODEX 미국30년국채타겟커버드콜(합성 H),KOSPI,기타·이벤트,업종:기타,,,,기타,0,,,industry_fallback,중간
481180,SOL 미국AI소프트웨어,KOSPI,기타·이벤트,업종:기타,,,,기타,0,,,industry_fallback,중간
481190,SOL 미국테크TOP10,KOSPI,기타·이벤트,업종:기타,,,,기타,0,,,industry_fallback,중간
481340,RISE 미국30년국채액티브,KOSPI,기타·이벤트,업종:기타,,,,기타,0,,,industry_fallback,중간
481430,RISE 국고채10년액티브,KOSPI,기타·이벤트,업종:기타,,,,기타,0,,,industry_fallback,중간
482030,KoAct 반도체&2차전지핵심소재액티브,KOSPI,기타·이벤트,업종:기타,,,,기타,0,,,industry_fallback,중간
482730,TIGER 미국S&P500타겟데일리커버드콜,KOSPI,기타·이벤트,업종:기타,,,,기타,0,,,industry_fallback,중간
483020,KIWOOM 의료AI,KOSPI,기타·이벤트,업종:기타,,,,기타,0,,,industry_fallback,중간
483030,KIWOOM 미국블록버스터바이오테크의약품+,KOSPI,기타·이벤트,업종:기타,,,,기타,0,,,industry_fallback,중간
483280,KODEX 미국AI테크TOP10타겟커버드콜,KOSPI,기타·이벤트,업종:기타,,,,기타,0,,,industry_fallback,중간
483290,KODEX 미국배당다우존스타겟커버드콜,KOSPI,기타·이벤트,업종:기타,,,,기타,0,,,industry_fallback,중간
483320,ACE 엔비디아밸류체인액티브,KOSPI,기타·이벤트,업종:기타,,,,기타,0,,,industry_fallback,중간
483330,ACE 마이크로소프트밸류체인액티브,KOSPI,기타·이벤트,업종:기타,,,,기타,0,,,industry_fallback,중간
483340,ACE 구글밸류체인액티브,KOSPI,기타·이벤트,업종:기타,,,,기타,0,,,industry_fallback,중간
483570,KCGI 미국S&P500 TOP10,KOSPI,기타·이벤트,업종:기타,,,,기타,0,,,industry_fallback,중간
484790,KODEX 미국30년국채액티브(H),KOSPI,기타·이벤트,업종:기타,,,,기타,0,,,industry_fallback,중간
484880,SOL 금융지주플러스고배당,KOSPI,기타·이벤트,업종:기타,,,,기타,0,,,industry_fallback,중간
484890,SOL 머니마켓액티브,KOSPI,기타·이벤트,업종:기타,,,,기타,0,,,industry_fallback,중간
485540,KODEX 미국AI테크TOP10,KOSPI,기타·이벤트,업종:기타,,,,기타,0,,,industry_fallback,중간
485690,RISE 미국AI밸류체인TOP3Plus,KOSPI,기타·이벤트,업종:기타,,,,기타,0,,,industry_fallback,중간
485810,TIME 글로벌바이오액티브,KOSPI,기타·이벤트,업종:기타,,,,기타,0,,,industry_fallback,중간
486240,DAISHIN AI반도체&인프라액티브,KOSPI,기타·이벤트,업종:기타,,,,기타,0,,,industry_fallback,중간
486290,TIGER 미국나스닥100타겟데일리커버드콜,KOSPI,기타·이벤트,업종:기타,,,,기타,0,,,industry_fallback,중간
486450,SOL 미국AI전력인프라,KOSPI,기타·이벤트,업종:기타,,,,기타,0,,,industry_fallback,중간
486830,HANARO 머니마켓액티브,KOSPI,기타·이벤트,업종:기타,,,,기타,0,,,industry_fallback,중간
487130,KoAct AI인프라액티브,KOSPI,기타·이벤트,업종:기타,,,,기타,0,,,industry_fallback,중간
487230,KODEX 미국AI전력핵심인프라,KOSPI,기타·이벤트,업종:기타,,,,기타,0,,,industry_fallback,중간
487240,KODEX AI전력핵심설비,KOSPI,기타·이벤트,업종:기타,,,,기타,0,,,industry_fallback,중간
487340,ACE 머니마켓액티브,KOSPI,기타·이벤트,업종:기타,,,,기타,0,,,industry_fallback,중간
487750,BNK 온디바이스AI,KOSPI,기타·이벤트,업종:기타,,,,기타,0,,,industry_fallback,중간
487910,ACE 인도컨슈머파워액티브,KOSPI,기타·이벤트,업종:기타,,,,기타,0,,,industry_fallback,중간
487920,ACE 인도시장대표BIG5그룹액티브,KOSPI,기타·이벤트,업종:기타,,,,기타,0,,,industry_fallback,중간
487950,KODEX 대만테크고배당다우존스,KOSPI,기타·이벤트,업종:기타,,,,기타,0,,,industry_fallback,중간
488080,TIGER 반도체TOP10레버리지,KOSPI,기타·이벤트,업종:기타,,,,기타,0,,,industry_fallback,중간
488200,KIWOOM K-2차전지북미공급망,KOSPI,기타·이벤트,업종:기타,,,,기타,0,,,industry_fallback,중간
488210,KIWOOM K-반도체북미공급망,KOSPI,기타·이벤트,업종:기타,,,,기타,0,,,industry_fallback,중간
488290,MIDAS 일본테크액티브,KOSPI,기타·이벤트,업종:기타,,,,기타,0,,,industry_fallback,중간
488480,RISE 일본섹터TOP4Plus,KOSPI,기타·이벤트,업종:기타,,,,기타,0,,,industry_fallback,중간
488500,TIGER 미국S&P500동일가중,KOSPI,기타·이벤트,업종:기타,,,,기타,0,,,industry_fallback,중간
488720,WON 종합채권(AA-이상)액티브,KOSPI,기타·이벤트,업종:기타,,,,기타,0,,,industry_fallback,중간
488770,KODEX 머니마켓액티브,KOSPI,기타·이벤트,업종:기타,,,,기타,0,,,industry_fallback,중간
488980,SOL 26-12 회사채(AA-이상)액티브,KOSPI,기타·이벤트,업종:기타,,,,기타,0,,,industry_fallback,중간
489000,PLUS 일본엔화초단기국채(합성),KOSPI,기타·이벤트,업종:기타,,,,기타,0,,,industry_fallback,중간
489030,PLUS 고배당주위클리커버드콜,KOSPI,기타·이벤트,업종:기타,,,,기타,0,,,industry_fallback,중간
489250,KODEX 미국배당다우존스,KOSPI,기타·이벤트,업종:기타,,,,기타,0,,,industry_fallback,중간
489290,WON 미국빌리어네어,KOSPI,기타·이벤트,업종:기타,,,,기타,0,,,industry_fallback,중간
489860,KIWOOM 글로벌전력GRID인프라,KOSPI,기타·이벤트,업종:기타,,,,기타,0,,,industry_fallback,중간
490090,TIGER 미국AI빅테크10,KOSPI,기타·이벤트,업종:기타,,,,기타,0,,,industry_fallback,중간
490330,KoAct 미국치매&뇌질환치료제액티브,KOSPI,기타·이벤트,업종:기타,,,,기타,0,,,industry_fallback,중간
490480,SOL K방산,KOSPI,기타·이벤트,업종:기타,,,,기타,0,,,industry_fallback,중간
490490,SOL 미국배당미국채혼합50,KOSPI,기타·이벤트,업종:기타,,,,기타,0,,,industry_fallback,중간
490590,RISE 미국AI밸류체인데일리고정커버드콜,KOSPI,기타·이벤트,업종:기타,,,,기타,0,,,industry_fallback,중간
490600,RISE 미국배당100데일리고정커버드콜,KOSPI,기타·이벤트,업종:기타,,,,기타,0,,,industry_fallback,중간
491010,TIGER 글로벌AI전력인프라액티브,KOSPI,기타·이벤트,업종:기타,,,,기타,0,,,industry_fallback,중간
491090,KODEX 미국테크TOP3플러스,KOSPI,기타·이벤트,업종:기타,,,,기타,0,,,industry_fallback,중간
491220,PLUS 200TR,KOSPI,기타·이벤트,업종:기타,,,,기타,0,,,industry_fallback,중간
491230,PLUS 국공채머니마켓액티브,KOSPI,기타·이벤트,업종:기타,,,,기타,0,,,industry_fallback,중간
491510,파워 K-주주가치액티브,KOSPI,기타·이벤트,업종:기타,,,,기타,0,,,industry_fallback,중간
491610,1Q CD금리액티브(합성),KOSPI,기타·이벤트,업종:기타,,,,기타,0,,,industry_fallback,중간
491620,RISE 미국테크100데일리고정커버드콜,KOSPI,기타·이벤트,업종:기타,,,,기타,0,,,industry_fallback,중간
491630,RISE 미국반도체인버스(합성 H),KOSPI,기타·이벤트,업종:기타,,,,기타,0,,,industry_fallback,중간
491700,HK 200,KOSPI,기타·이벤트,업종:기타,,,,기타,0,,,industry_fallback,중간
491820,HANARO 전력설비투자,KOSPI,기타·이벤트,업종:기타,,,,기타,0,,,industry_fallback,중간
491830,TIGER 미국AI반도체팹리스,KOSPI,기타·이벤트,업종:기타,,,,기타,0,,,industry_fallback,중간
492500,1Q 현대차그룹채권(A+이상)&국고통안,KOSPI,기타·이벤트,업종:기타,,,,기타,0,,,industry_fallback,중간
493420,SOL 미국배당다우존스2호,KOSPI,기타·이벤트,업종:기타,,,,기타,0,,,industry_fallback,중간
493810,TIGER 미국AI빅테크10타겟데일리커버드콜,KOSPI,기타·이벤트,업종:기타,,,,기타,0,,,industry_fallback,중간
494180,TIME 글로벌소비트렌드액티브,KOSPI,기타·이벤트,업종:기타,,,,기타,0,,,industry_fallback,중간
494210,SOL 미국500타겟데일리커버드콜액티브,KOSPI,기타·이벤트,업종:기타,,,,기타,0,,,industry_fallback,중간
494220,UNICORN SK하이닉스밸류체인액티브,KOSPI,기타·이벤트,업종:기타,,,,기타,0,,,industry_fallback,중간
494300,KODEX 미국나스닥100데일리커버드콜OTM,KOSPI,기타·이벤트,업종:기타,,,,기타,0,,,industry_fallback,중간
494310,KODEX 반도체레버리지,KOSPI,기타·이벤트,업종:기타,,,,기타,0,,,industry_fallback,중간
494330,ACE 라이프자산주주가치액티브,KOSPI,기타·이벤트,업종:기타,,,,기타,0,,,industry_fallback,중간
494340,ACE 글로벌AI맞춤형반도체,KOSPI,기타·이벤트,업종:기타,,,,기타,0,,,industry_fallback,중간
494410,PLUS 미국S&P500성장주,KOSPI,기타·이벤트,업종:기타,,,,기타,0,,,industry_fallback,중간
494420,PLUS 미국배당증가성장주데일리커버드콜,KOSPI,기타·이벤트,업종:기타,,,,기타,0,,,industry_fallback,중간
494670,TIGER 조선TOP10,KOSPI,기타·이벤트,업종:기타,,,,기타,0,,,industry_fallback,중간
494840,TIGER 미국방산TOP10,KOSPI,기타·이벤트,업종:기타,,,,기타,0,,,industry_fallback,중간
494890,KODEX 200액티브,KOSPI,기타·이벤트,업종:기타,,,,기타,0,,,industry_fallback,중간
495040,PLUS 코리아밸류업,KOSPI,기타·이벤트,업종:기타,,,,기타,0,,,industry_fallback,중간
495050,RISE 코리아밸류업,KOSPI,기타·이벤트,업종:기타,,,,기타,0,,,industry_fallback,중간
495060,TIME 코리아밸류업액티브,KOSPI,기타·이벤트,업종:기타,,,,기타,0,,,industry_fallback,중간
495230,KoAct 코리아밸류업액티브,KOSPI,기타·이벤트,업종:기타,,,,기타,0,,,industry_fallback,중간
495330,1Q 코리아밸류업,KOSPI,기타·이벤트,업종:기타,,,,기타,0,,,industry_fallback,중간
495550,SOL 코리아밸류업TR,KOSPI,기타·이벤트,업종:기타,,,,기타,0,,,industry_fallback,중간
495750,HANARO 코리아밸류업,KOSPI,기타·이벤트,업종:기타,,,,기타,0,,,industry_fallback,중간
495850,KODEX 코리아밸류업,KOSPI,기타·이벤트,업종:기타,,,,기타,0,,,industry_fallback,중간
495940,RISE 미국AI테크액티브,KOSPI,기타·이벤트,업종:기타,,,,기타,0,,,industry_fallback,중간
496020,WON 전단채플러스액티브,KOSPI,기타·이벤트,업종:기타,,,,기타,0,,,industry_fallback,중간
496080,TIGER 코리아밸류업,KOSPI,기타·이벤트,업종:기타,,,,기타,0,,,industry_fallback,중간
496090,KIWOOM 코리아밸류업,KOSPI,기타·이벤트,업종:기타,,,,기타,0,,,industry_fallback,중간
496120,ACE 코리아밸류업,KOSPI,기타·이벤트,업종:기타,,,,기타,0,,,industry_fallback,중간
496130,TRUSTON 코리아밸류업액티브,KOSPI,기타·이벤트,업종:기타,,,,기타,0,,,industry_fallback,중간
496770,PLUS 글로벌방산,KOSPI,기타·이벤트,업종:기타,,,,기타,0,,,industry_fallback,중간
497510,ACE 글로벌빅파마,KOSPI,기타·이벤트,업종:기타,,,,기타,0,,,industry_fallback,중간
497520,ACE 일라이릴리밸류체인,KOSPI,기타·이벤트,업종:기타,,,,기타,0,,,industry_fallback,중간
497570,TIGER 미국필라델피아AI반도체나스닥,KOSPI,기타·이벤트,업종:기타,,,,기타,0,,,industry_fallback,중간
497780,KoAct 미국천연가스인프라액티브,KOSPI,기타·이벤트,업종:기타,,,,기타,0,,,industry_fallback,중간
497880,SOL CD금리&머니마켓액티브,KOSPI,기타·이벤트,업종:기타,,,,기타,0,,,industry_fallback,중간
498050,HANARO 바이오코리아액티브,KOSPI,기타·이벤트,업종:기타,,,,기타,0,,,industry_fallback,중간
498180,파워 종합채권(AA-이상)액티브,KOSPI,기타·이벤트,업종:기타,,,,기타,0,,,industry_fallback,중간
498270,KIWOOM 미국양자컴퓨팅,KOSPI,기타·이벤트,업종:기타,,,,기타,0,,,industry_fallback,중간
498400,KODEX 200타겟위클리커버드콜,KOSPI,기타·이벤트,업종:기타,,,,기타,0,,,industry_fallback,중간
498410,KODEX 금융고배당TOP10타겟위클리커버드콜,KOSPI,기타·이벤트,업종:기타,,,,기타,0,,,industry_fallback,중간
498610,RISE 인도디지털성장,KOSPI,기타·이벤트,업종:기타,,,,기타,0,,,industry_fallback,중간
498860,RISE 코리아금융고배당,KOSPI,기타·이벤트,업종:기타,,,,기타,0,,,industry_fallback,중간
499150,SOL 미국S&P500엔화노출(H),KOSPI,기타·이벤트,업종:기타,,,,기타,0,,,industry_fallback,중간
499660,TIGER CD금리플러스액티브(합성),KOSPI,기타·이벤트,업종:기타,,,,기타,0,,,industry_fallback,중간
500023,신한 콩 선물 ETN(H),KOSPI,기타·이벤트,업종:기타,,,,기타,0,,,industry_fallback,중간
500024,신한 인버스 콩 선물 ETN(H),KOSPI,기타·이벤트,업종:기타,,,,기타,0,,,industry_fallback,중간
500029,신한 레버리지 은 선물 ETN(H),KOSPI,기타·이벤트,업종:기타,,,,기타,0,,,industry_fallback,중간
500030,신한 인버스 2X 은 선물 ETN(H),KOSPI,기타·이벤트,업종:기타,,,,기타,0,,,industry_fallback,중간
500035,신한 레버리지 미국달러 선물 ETN,KOSPI,기타·이벤트,업종:기타,,,,기타,0,,,industry_fallback,중간
500036,신한 인버스 2X 미국달러 선물 ETN,KOSPI,기타·이벤트,업종:기타,,,,기타,0,,,industry_fallback,중간
500037,신한 레버리지 금 선물 ETN,KOSPI,기타·이벤트,업종:기타,,,,기타,0,,,industry_fallback,중간
500038,신한 인버스 2X 금 선물 ETN,KOSPI,기타·이벤트,업종:기타,,,,기타,0,,,industry_fallback,중간
500040,신한 레버리지 구리 선물 ETN,KOSPI,기타·이벤트,업종:기타,,,,기타,0,,,industry_fallback,중간
500041,신한 인버스 2X 구리 선물 ETN,KOSPI,기타·이벤트,업종:기타,,,,기타,0,,,industry_fallback,중간
500050,신한 레버리지 S&P500 선물 ETN,KOSPI,기타·이벤트,업종:기타,,,,기타,0,,,industry_fallback,중간
500051,신한 인버스 2X S&P500 선물 ETN,KOSPI,기타·이벤트,업종:기타,,,,기타,0,,,industry_fallback,중간
500061,신한 인버스 코스피 200 선물 ETN,KOSPI,기타·이벤트,업종:기타,,,,기타,0,,,industry_fallback,중간
500063,신한 인버스 코스닥 150 선물 ETN,KOSPI,기타·이벤트,업종:기타,,,,기타,0,,,industry_fallback,중간
500067,신한 레버리지 10년 국채선물 ETN,KOSPI,기타·이벤트,업종:기타,,,,기타,0,,,industry_fallback,중간
500068,신한 인버스 2X 10년 국채선물 ETN,KOSPI,기타·이벤트,업종:기타,,,,기타,0,,,industry_fallback,중간
500069,신한 레버리지 코스피 200 선물 ETN,KOSPI,기타·이벤트,업종:기타,,,,기타,0,,,industry_fallback,중간
500071,신한 레버리지 코스닥 150 선물 ETN,KOSPI,기타·이벤트,업종:기타,,,,기타,0,,,industry_fallback,중간
500072,신한 인버스 2X 코스닥 150 선물 ETN,KOSPI,기타·이벤트,업종:기타,,,,기타,0,,,industry_fallback,중간
500085,신한 코스피 200 TR ETN,KOSPI,기타·이벤트,업종:기타,,,,기타,0,,,industry_fallback,중간
500086,신한 코스닥 150 TR ETN,KOSPI,기타·이벤트,업종:기타,,,,기타,0,,,industry_fallback,중간
500091,신한 33-12 국고채 플러스 ETN,KOSPI,기타·이벤트,업종:기타,,,,기타,0,,,industry_fallback,중간
500093,신한 블룸버그 레버리지 WTI원유선물 ETN B,KOSPI,기타·이벤트,업종:기타,,,,기타,0,,,industry_fallback,중간
500094,신한 블룸버그 인버스2X WTI원유선물 ETN B,KOSPI,기타·이벤트,업종:기타,,,,기타,0,,,industry_fallback,중간
500095,신한 S&P500 VIX S/T 선물 ETN E,KOSPI,기타·이벤트,업종:기타,,,,기타,0,,,industry_fallback,중간
500096,신한 인버스2X 천연가스 선물 ETN B,KOSPI,기타·이벤트,업종:기타,,,,기타,0,,,industry_fallback,중간
500097,신한 레버리지 Russell 2000 ETN B,KOSPI,기타·이벤트,업종:기타,,,,기타,0,,,industry_fallback,중간
500098,신한 인버스 2X Russell 2000 ETN B,KOSPI,기타·이벤트,업종:기타,,,,기타,0,,,industry_fallback,중간
500099,신한 WTI원유 선물 ETN,KOSPI,기타·이벤트,업종:기타,,,,기타,0,,,industry_fallback,중간
500100,신한 금 선물 ETN,KOSPI,기타·이벤트,업종:기타,,,,기타,0,,,industry_fallback,중간
500101,신한 블룸버그 천연가스 선물 ETN,KOSPI,기타·이벤트,업종:기타,,,,기타,0,,,industry_fallback,중간
500102,신한 블룸버그 2X 천연가스 선물 ETN B,KOSPI,기타·이벤트,업종:기타,,,,기타,0,,,industry_fallback,중간
510027,대신 인버스 2X 코스닥 150 선물 ETN,KOSPI,기타·이벤트,업종:기타,,,,기타,0,,,industry_fallback,중간
510043,대신 인버스 천연가스 선물 ETN(H) B,KOSPI,기타·이벤트,업종:기타,,,,기타,0,,,industry_fallback,중간
510044,대신 레버리지 미국달러 선물 ETN,KOSPI,기타·이벤트,업종:기타,,,,기타,0,,,industry_fallback,중간
510045,대신 인버스 2X 미국달러 선물 ETN,KOSPI,기타·이벤트,업종:기타,,,,기타,0,,,industry_fallback,중간
520037,미래에셋 코스피200 선물 ETN,KOSPI,기타·이벤트,업종:기타,,,,기타,0,,,industry_fallback,중간
520038,미래에셋 인버스 코스피200 선물 ETN,KOSPI,기타·이벤트,업종:기타,,,,기타,0,,,industry_fallback,중간
520039,미래에셋 코스닥150 선물 ETN,KOSPI,기타·이벤트,업종:기타,,,,기타,0,,,industry_fallback,중간
520040,미래에셋 인버스 코스닥150 선물 ETN,KOSPI,기타·이벤트,업종:기타,,,,기타,0,,,industry_fallback,중간
520046,미래에셋 레버리지 옥수수 선물 ETN,KOSPI,기타·이벤트,업종:기타,,,,기타,0,,,industry_fallback,중간
520047,미래에셋 인버스 2X 옥수수 선물 ETN,KOSPI,기타·이벤트,업종:기타,,,,기타,0,,,industry_fallback,중간
520054,미래에셋 레버리지 코스피200 선물 ETN,KOSPI,기타·이벤트,업종:기타,,,,기타,0,,,industry_fallback,중간
520056,미래에셋 레버리지 코스닥150 선물 ETN,KOSPI,기타·이벤트,업종:기타,,,,기타,0,,,industry_fallback,중간
520057,미래에셋 인버스 2X 코스닥150 선물 ETN,KOSPI,기타·이벤트,업종:기타,,,,기타,0,,,industry_fallback,중간
520064,미래에셋 2X 미국채울트라30년 선물 ETN,KOSPI,기타·이벤트,업종:기타,,,,기타,0,,,industry_fallback,중간
520065,미래에셋 -2X 미국채울트라30년 선물 ETN,KOSPI,기타·이벤트,업종:기타,,,,기타,0,,,industry_fallback,중간
520066,미래에셋 KRX금현물 Auto-KO-C 2810-01 ETN,KOSPI,기타·이벤트,업종:기타,,,,기타,0,,,industry_fallback,중간
520072,미래에셋 미국 AI TOP3 ETN,KOSPI,기타·이벤트,업종:기타,,,,기타,0,,,industry_fallback,중간
520073,미래에셋 레버리지 미국 AI TOP3 ETN,KOSPI,기타·이벤트,업종:기타,,,,기타,0,,,industry_fallback,중간
520074,미래에셋 미국 방위산업 TOP3 ETN,KOSPI,기타·이벤트,업종:기타,,,,기타,0,,,industry_fallback,중간
520075,미래에셋 레버리지 미국 방위산업 TOP3 ETN,KOSPI,기타·이벤트,업종:기타,,,,기타,0,,,industry_fallback,중간
520076,미래에셋 1.5X 천연가스 선물 ETN,KOSPI,기타·이벤트,업종:기타,,,,기타,0,,,industry_fallback,중간
520077,미래에셋 -1.5X 천연가스 선물 ETN,KOSPI,기타·이벤트,업종:기타,,,,기타,0,,,industry_fallback,중간
520078,미래에셋 미국 제약 TOP3 ETN,KOSPI,기타·이벤트,업종:기타,,,,기타,0,,,industry_fallback,중간
520079,미래에셋 레버리지 미국 제약 TOP3 ETN,KOSPI,기타·이벤트,업종:기타,,,,기타,0,,,industry_fallback,중간
520080,미래에셋 미국 테크&반도체 TOP3 ETN,KOSPI,기타·이벤트,업종:기타,,,,기타,0,,,industry_fallback,중간
520081,미래에셋 2X 미국 테크&반도체 TOP3 ETN,KOSPI,기타·이벤트,업종:기타,,,,기타,0,,,industry_fallback,중간
520082,미래에셋 미국 자율주행대표기업 ETN,KOSPI,기타·이벤트,업종:기타,,,,기타,0,,,industry_fallback,중간
520083,미래에셋 2X 미국 자율주행대표기업 ETN,KOSPI,기타·이벤트,업종:기타,,,,기타,0,,,industry_fallback,중간
520084,미래에셋 -2X 미국 자율주행대표기업 ETN,KOSPI,기타·이벤트,업종:기타,,,,기타,0,,,industry_fallback,중간
520085,미래에셋 -2X 미국 AI TOP3 ETN,KOSPI,기타·이벤트,업종:기타,,,,기타,0,,,industry_fallback,중간
520086,미래에셋-0.5X S&P500 VIX S/T선물 ETN(H)B,KOSPI,기타·이벤트,업종:기타,,,,기타,0,,,industry_fallback,중간
520087,미래에셋 레버리지 KRX 금현물 ETN,KOSPI,기타·이벤트,업종:기타,,,,기타,0,,,industry_fallback,중간
520088,미래에셋 S&P500 VIX S/T 선물 ETN(H),KOSPI,기타·이벤트,업종:기타,,,,기타,0,,,industry_fallback,중간
520089,미래에셋 CAPE 실러 US Core Sector ETN,KOSPI,기타·이벤트,업종:기타,,,,기타,0,,,industry_fallback,중간
520090,미래에셋 천연가스 선물 ETN B,KOSPI,기타·이벤트,업종:기타,,,,기타,0,,,industry_fallback,중간
520091,미래에셋 인버스 천연가스 선물 ETN B,KOSPI,기타·이벤트,업종:기타,,,,기타,0,,,industry_fallback,중간
520092,미래에셋 레버리지 은 선물 ETN B,KOSPI,기타·이벤트,업종:기타,,,,기타,0,,,industry_fallback,중간
520093,미래에셋 인버스 2X 은 선물 ETN B,KOSPI,기타·이벤트,업종:기타,,,,기타,0,,,industry_fallback,중간
520094,미래에셋 CD금리 플러스 ETN,KOSPI,기타·이벤트,업종:기타,,,,기타,0,,,industry_fallback,중간
520095,미래에셋 레버리지 WTI원유 선물 ETN,KOSPI,기타·이벤트,업종:기타,,,,기타,0,,,industry_fallback,중간
520096,미래에셋 인버스 2X WTI원유 선물 ETN,KOSPI,기타·이벤트,업종:기타,,,,기타,0,,,industry_fallback,중간
520097,미래에셋 1.5X S&P500 VIX S/T선물 ETN,KOSPI,기타·이벤트,업종:기타,,,,기타,0,,,industry_fallback,중간
520098,미래에셋 레버리지 반도체 ETN,KOSPI,기타·이벤트,업종:기타,,,,기타,0,,,industry_fallback,중간
520099,미래에셋 인버스 2X 반도체 ETN,KOSPI,기타·이벤트,업종:기타,,,,기타,0,,,industry_fallback,중간
520100,미래에셋 레버리지 삼성전자 단일종목 ETN,KOSPI,기타·이벤트,업종:기타,,,,기타,0,,,industry_fallback,중간
520101,미래에셋 레버리지 SK하이닉스 단일종목ETN,KOSPI,기타·이벤트,업종:기타,,,,기타,0,,,industry_fallback,중간
520102,미래에셋 인버스 2X 코스피200 선물 ETN B,KOSPI,기타·이벤트,업종:기타,,,,기타,0,,,industry_fallback,중간
530031,삼성 레버리지 WTI원유 선물 ETN,KOSPI,기타·이벤트,업종:기타,,,,기타,0,,,industry_fallback,중간
530055,삼성 레버리지 금 선물 ETN(H),KOSPI,기타·이벤트,업종:기타,,,,기타,0,,,industry_fallback,중간
530056,삼성 인버스 2X 금 선물 ETN(H),KOSPI,기타·이벤트,업종:기타,,,,기타,0,,,industry_fallback,중간
530060,삼성 코스피 양매도 5% OTM ETN,KOSPI,기타·이벤트,업종:기타,,,,기타,0,,,industry_fallback,중간
530061,삼성 레버리지 은 선물 ETN(H),KOSPI,기타·이벤트,업종:기타,,,,기타,0,,,industry_fallback,중간
530062,삼성 인버스 2X 은 선물 ETN(H),KOSPI,기타·이벤트,업종:기타,,,,기타,0,,,industry_fallback,중간
530063,삼성 레버리지 구리 선물 ETN(H),KOSPI,기타·이벤트,업종:기타,,,,기타,0,,,industry_fallback,중간
530064,삼성 인버스 2X 구리 선물 ETN(H),KOSPI,기타·이벤트,업종:기타,,,,기타,0,,,industry_fallback,중간
530067,삼성 KRX 금현물 ETN,KOSPI,기타·이벤트,업종:기타,,,,기타,0,,,industry_fallback,중간
530092,삼성 인버스 코스피 200 선물 ETN,KOSPI,기타·이벤트,업종:기타,,,,기타,0,,,industry_fallback,중간
530094,삼성 인버스 코스닥 150 선물 ETN,KOSPI,기타·이벤트,업종:기타,,,,기타,0,,,industry_fallback,중간
530095,삼성 구리 선물 ETN(H),KOSPI,기타·이벤트,업종:기타,,,,기타,0,,,industry_fallback,중간
530096,삼성 인버스 구리 선물 ETN(H),KOSPI,기타·이벤트,업종:기타,,,,기타,0,,,industry_fallback,중간
530104,삼성 레버리지 코스피200 선물 ETN,KOSPI,기타·이벤트,업종:기타,,,,기타,0,,,industry_fallback,중간
530106,삼성 레버리지 코스닥150 선물 ETN,KOSPI,기타·이벤트,업종:기타,,,,기타,0,,,industry_fallback,중간
530107,삼성 인버스 2X 코스닥150 선물 ETN,KOSPI,기타·이벤트,업종:기타,,,,기타,0,,,industry_fallback,중간
530112,삼성 S&P500 TR ETN,KOSPI,기타·이벤트,업종:기타,,,,기타,0,,,industry_fallback,중간
530113,삼성 레버리지 S&P500 선물 ETN,KOSPI,기타·이벤트,업종:기타,,,,기타,0,,,industry_fallback,중간
530114,삼성 인버스 2X S&P500 선물 ETN,KOSPI,기타·이벤트,업종:기타,,,,기타,0,,,industry_fallback,중간
530115,삼성 레버리지 나스닥 100 TR ETN,KOSPI,기타·이벤트,업종:기타,,,,기타,0,,,industry_fallback,중간
530116,삼성 인버스 2X 나스닥 100 TR ETN,KOSPI,기타·이벤트,업종:기타,,,,기타,0,,,industry_fallback,중간
530117,삼성 코스피 200 TR ETN,KOSPI,기타·이벤트,업종:기타,,,,기타,0,,,industry_fallback,중간
530118,삼성 코스닥 150 TR ETN,KOSPI,기타·이벤트,업종:기타,,,,기타,0,,,industry_fallback,중간
530119,삼성 레버리지 항셍테크 TR ETN(H) B,KOSPI,기타·이벤트,업종:기타,,,,기타,0,,,industry_fallback,중간
530120,삼성 나스닥 100 TR ETN,KOSPI,기타·이벤트,업종:기타,,,,기타,0,,,industry_fallback,중간
530121,삼성 항셍테크 TR ETN(H) B,KOSPI,기타·이벤트,업종:기타,,,,기타,0,,,industry_fallback,중간
530122,삼성 인버스 2X 항셍테크 TR ETN(H) B,KOSPI,기타·이벤트,업종:기타,,,,기타,0,,,industry_fallback,중간
530123,삼성 일본니케이225선물 ETN(H),KOSPI,기타·이벤트,업종:기타,,,,기타,0,,,industry_fallback,중간
530124,삼성 레버리지 일본니케이225선물 ETN(H),KOSPI,기타·이벤트,업종:기타,,,,기타,0,,,industry_fallback,중간
530125,삼성 인버스 2X 일본니케이225선물 ETN(H),KOSPI,기타·이벤트,업종:기타,,,,기타,0,,,industry_fallback,중간
530126,삼성 코리아 밸류업 TR ETN,KOSPI,기타·이벤트,업종:기타,,,,기타,0,,,industry_fallback,중간
530127,삼성 미국다우존스 TR ETN,KOSPI,기타·이벤트,업종:기타,,,,기타,0,,,industry_fallback,중간
530128,삼성 레버리지 미국다우존스 선물 ETN,KOSPI,기타·이벤트,업종:기타,,,,기타,0,,,industry_fallback,중간
530129,삼성 인버스 2X 미국다우존스 선물 ETN,KOSPI,기타·이벤트,업종:기타,,,,기타,0,,,industry_fallback,중간
530130,삼성 S&P500 VIX S/T 선물 ETN B,KOSPI,기타·이벤트,업종:기타,,,,기타,0,,,industry_fallback,중간
530131,삼성 인버스0.5X S&P500 VIX S/T선물 ETN B,KOSPI,기타·이벤트,업종:기타,,,,기타,0,,,industry_fallback,중간
530132,삼성 블룸버그 WTI원유 선물 ETN B,KOSPI,기타·이벤트,업종:기타,,,,기타,0,,,industry_fallback,중간
530133,삼성 블룸버그 레버리지 WTI원유선물 ETN B,KOSPI,기타·이벤트,업종:기타,,,,기타,0,,,industry_fallback,중간
530134,삼성 블룸버그 인버스2X WTI원유선물 ETN B,KOSPI,기타·이벤트,업종:기타,,,,기타,0,,,industry_fallback,중간
530135,삼성 인버스 China A50 선물 ETN(H) B,KOSPI,기타·이벤트,업종:기타,,,,기타,0,,,industry_fallback,중간
530136,삼성 인버스 2X 천연가스 선물 ETN D,KOSPI,기타·이벤트,업종:기타,,,,기타,0,,,industry_fallback,중간
530137,삼성 KRX 2차전지 TOP10 TR ETN,KOSPI,기타·이벤트,업종:기타,,,,기타,0,,,industry_fallback,중간
530138,삼성 KRX 레버리지 2차전지 TOP10 TR ETN,KOSPI,기타·이벤트,업종:기타,,,,기타,0,,,industry_fallback,중간
530139,삼성 iSelect 조선 TOP10 TR ETN,KOSPI,기타·이벤트,업종:기타,,,,기타,0,,,industry_fallback,중간
530140,삼성 iSelect 레버리지 조선 TOP10 TR ETN,KOSPI,기타·이벤트,업종:기타,,,,기타,0,,,industry_fallback,중간
530141,삼성 중국 자동차 TOP5 TR ETN(H),KOSPI,기타·이벤트,업종:기타,,,,기타,0,,,industry_fallback,중간
530142,삼성 중국 AI 테크 TOP5 TR ETN(H),KOSPI,기타·이벤트,업종:기타,,,,기타,0,,,industry_fallback,중간
530143,삼성 인버스 2X 은 선물 ETN,KOSPI,기타·이벤트,업종:기타,,,,기타,0,,,industry_fallback,중간
530145,삼성 레버리지 천연가스 선물 ETN D,KOSPI,기타·이벤트,업종:기타,,,,기타,0,,,industry_fallback,중간
550041,N2 미국 IT TOP5 ETN(H),KOSPI,기타·이벤트,업종:기타,,,,기타,0,,,industry_fallback,중간
550069,N2 레버리지 구리 선물 ETN(H),KOSPI,기타·이벤트,업종:기타,,,,기타,0,,,industry_fallback,중간
550070,N2 인버스 레버리지 구리 선물 ETN(H),KOSPI,기타·이벤트,업종:기타,,,,기타,0,,,industry_fallback,중간
550082,N2 KIS CD금리투자 ETN,KOSPI,기타·이벤트,업종:기타,,,,기타,0,,,industry_fallback,중간
550084,N2 코스피 200 TR ETN,KOSPI,기타·이벤트,업종:기타,,,,기타,0,,,industry_fallback,중간
550085,N2 코스닥 150 TR ETN,KOSPI,기타·이벤트,업종:기타,,,,기타,0,,,industry_fallback,중간
550087,N2 선진국 1등주 ETN,KOSPI,기타·이벤트,업종:기타,,,,기타,0,,,industry_fallback,중간
550088,N2 월간 레버리지 선진국 1등주 ETN,KOSPI,기타·이벤트,업종:기타,,,,기타,0,,,industry_fallback,중간
550089,N2 월간 레버리지 코스피 200 선물 ETN,KOSPI,기타·이벤트,업종:기타,,,,기타,0,,,industry_fallback,중간
550091,N2 방위산업 Top5 ETN,KOSPI,기타·이벤트,업종:기타,,,,기타,0,,,industry_fallback,중간
550092,N2 월간 레버리지 방위산업 Top5 ETN,KOSPI,기타·이벤트,업종:기타,,,,기타,0,,,industry_fallback,중간
550093,N2 전력인프라 Top5 ETN,KOSPI,기타·이벤트,업종:기타,,,,기타,0,,,industry_fallback,중간
550095,N2 레버리지 국채10년 ETN,KOSPI,기타·이벤트,업종:기타,,,,기타,0,,,industry_fallback,중간
550096,N2 레버리지 국채30년 ETN,KOSPI,기타·이벤트,업종:기타,,,,기타,0,,,industry_fallback,중간
550097,N2 레버리지 코스닥150 선물 ETN,KOSPI,기타·이벤트,업종:기타,,,,기타,0,,,industry_fallback,중간
550098,N2 인버스 2X 코스닥150 선물 ETN,KOSPI,기타·이벤트,업종:기타,,,,기타,0,,,industry_fallback,중간
550099,N2 레버리지 천연가스 선물 ETN,KOSPI,기타·이벤트,업종:기타,,,,기타,0,,,industry_fallback,중간
550100,N2 인버스 2X 천연가스 선물 ETN,KOSPI,기타·이벤트,업종:기타,,,,기타,0,,,industry_fallback,중간
570019,한투 코스피양매도5%OTM ETN,KOSPI,기타·이벤트,업종:기타,,,,기타,0,,,industry_fallback,중간
570022,한투 레버리지S&P500선물 ETN(H),KOSPI,기타·이벤트,업종:기타,,,,기타,0,,,industry_fallback,중간
570023,한투 인버스2XS&P500선물 ETN(H),KOSPI,기타·이벤트,업종:기타,,,,기타,0,,,industry_fallback,중간
570029,한투 코스피양매도3%OTM ETN,KOSPI,기타·이벤트,업종:기타,,,,기타,0,,,industry_fallback,중간
570047,한투 FTSE100 ETN,KOSPI,기타·이벤트,업종:기타,,,,기타,0,,,industry_fallback,중간
570050,한투 S&P500선물 ETN,KOSPI,기타·이벤트,업종:기타,,,,기타,0,,,industry_fallback,중간
570051,한투 나스닥100 ETN,KOSPI,기타·이벤트,업종:기타,,,,기타,0,,,industry_fallback,중간
570063,한투 베트남VN30선물 ETN(H),KOSPI,기타·이벤트,업종:기타,,,,기타,0,,,industry_fallback,중간
570064,한투 인버스베트남VN30선물 ETN(H),KOSPI,기타·이벤트,업종:기타,,,,기타,0,,,industry_fallback,중간
570065,한투 레버리지베트남VN30선물 ETN(H),KOSPI,기타·이벤트,업종:기타,,,,기타,0,,,industry_fallback,중간
570066,한투 인버스2X베트남VN30 선물 ETN(H),KOSPI,기타·이벤트,업종:기타,,,,기타,0,,,industry_fallback,중간
570069,한투 레버리지플래티넘선물 ETN,KOSPI,기타·이벤트,업종:기타,,,,기타,0,,,industry_fallback,중간
570070,한투 인버스2X플래티넘선물 ETN,KOSPI,기타·이벤트,업종:기타,,,,기타,0,,,industry_fallback,중간
570071,한투 구리선물 ETN,KOSPI,기타·이벤트,업종:기타,,,,기타,0,,,industry_fallback,중간
570072,한투 레버리지구리선물 ETN,KOSPI,기타·이벤트,업종:기타,,,,기타,0,,,industry_fallback,중간
570073,한투 인버스2X구리선물 ETN,KOSPI,기타·이벤트,업종:기타,,,,기타,0,,,industry_fallback,중간
570074,한투 유럽탄소배출권선물 ETN(H),KOSPI,기타·이벤트,업종:기타,,,,기타,0,,,industry_fallback,중간
570081,한투 레버리지코스닥150선물 ETN,KOSPI,기타·이벤트,업종:기타,,,,기타,0,,,industry_fallback,중간
570082,한투 인버스2X코스닥150선물 ETN,KOSPI,기타·이벤트,업종:기타,,,,기타,0,,,industry_fallback,중간
570085,한투 인도네시아대표원자재 ETN,KOSPI,기타·이벤트,업종:기타,,,,기타,0,,,industry_fallback,중간
570090,한투 KIS CD금리투자 ETN,KOSPI,기타·이벤트,업종:기타,,,,기타,0,,,industry_fallback,중간
570091,한투 인버스유로스탁스50 ETN(H) C,KOSPI,기타·이벤트,업종:기타,,,,기타,0,,,industry_fallback,중간
570092,한투 인버스2X유로스탁스50 ETN(H) B,KOSPI,기타·이벤트,업종:기타,,,,기타,0,,,industry_fallback,중간
570094,한투 일본엔선물 ETN C,KOSPI,기타·이벤트,업종:기타,,,,기타,0,,,industry_fallback,중간
570095,한투 레버리지일본엔선물 ETN C,KOSPI,기타·이벤트,업종:기타,,,,기타,0,,,industry_fallback,중간
570096,한투 인버스2X일본엔선물 ETN,KOSPI,기타·이벤트,업종:기타,,,,기타,0,,,industry_fallback,중간
570097,한투 엔달러선물 ETN(H),KOSPI,기타·이벤트,업종:기타,,,,기타,0,,,industry_fallback,중간
570098,한투 레버리지엔달러선물 ETN(H),KOSPI,기타·이벤트,업종:기타,,,,기타,0,,,industry_fallback,중간
570099,한투 인버스2X엔달러 선물 ETN(H),KOSPI,기타·이벤트,업종:기타,,,,기타,0,,,industry_fallback,중간
570100,한투 일본종합상사TOP5 ETN,KOSPI,기타·이벤트,업종:기타,,,,기타,0,,,industry_fallback,중간
570101,한투 인버스나스닥100 ETN B,KOSPI,기타·이벤트,업종:기타,,,,기타,0,,,industry_fallback,중간
570102,한투 레버리지나스닥100 ETN B,KOSPI,기타·이벤트,업종:기타,,,,기타,0,,,industry_fallback,중간
570103,한투 인버스2X나스닥100 ETN B,KOSPI,기타·이벤트,업종:기타,,,,기타,0,,,industry_fallback,중간
570104,한투 일본니케이225선물 ETN(H),KOSPI,기타·이벤트,업종:기타,,,,기타,0,,,industry_fallback,중간
570105,한투 인버스일본니케이225선물 ETN(H),KOSPI,기타·이벤트,업종:기타,,,,기타,0,,,industry_fallback,중간
570106,한투 레버리지일본니케이225선물 ETN(H),KOSPI,기타·이벤트,업종:기타,,,,기타,0,,,industry_fallback,중간
570107,한투 인버스2X일본니케이225선물 ETN(H),KOSPI,기타·이벤트,업종:기타,,,,기타,0,,,industry_fallback,중간
570108,한투 레버리지국채30년 ETN,KOSPI,기타·이벤트,업종:기타,,,,기타,0,,,industry_fallback,중간
570109,한투 레버리지미국채30년 ETN,KOSPI,기타·이벤트,업종:기타,,,,기타,0,,,industry_fallback,중간
570110,한투 3X레버리지국채30년 ETN,KOSPI,기타·이벤트,업종:기타,,,,기타,0,,,industry_fallback,중간
570111,한투 3X레버리지미국채30년 ETN,KOSPI,기타·이벤트,업종:기타,,,,기타,0,,,industry_fallback,중간
570114,한투 S&P500 VIX S/T선물 ETN(H) B,KOSPI,기타·이벤트,업종:기타,,,,기타,0,,,industry_fallback,중간
570115,한투 인버스0.5X S&P500 VIX S/T선물 ETN B,KOSPI,기타·이벤트,업종:기타,,,,기타,0,,,industry_fallback,중간
570116,한투 레버리지WTI원유선물 ETN B,KOSPI,기타·이벤트,업종:기타,,,,기타,0,,,industry_fallback,중간
570117,한투 인버스2XWTI원유선물 ETN B,KOSPI,기타·이벤트,업종:기타,,,,기타,0,,,industry_fallback,중간
570118,한투 인버스2X천연가스선물 ETN B,KOSPI,기타·이벤트,업종:기타,,,,기타,0,,,industry_fallback,중간
570119,한투 인버스2X은선물 ETN,KOSPI,기타·이벤트,업종:기타,,,,기타,0,,,industry_fallback,중간
570120,한투 레버리지천연가스선물 ETN C,KOSPI,기타·이벤트,업종:기타,,,,기타,0,,,industry_fallback,중간
570121,한투 금선물 ETN,KOSPI,기타·이벤트,업종:기타,,,,기타,0,,,industry_fallback,중간
570122,한투 인버스금선물 ETN,KOSPI,기타·이벤트,업종:기타,,,,기타,0,,,industry_fallback,중간
570123,한투 은선물 ETN,KOSPI,기타·이벤트,업종:기타,,,,기타,0,,,industry_fallback,중간
570124,한투 인버스은선물 ETN,KOSPI,기타·이벤트,업종:기타,,,,기타,0,,,industry_fallback,중간
570125,한투 솔랙티브레버리지금선물 ETN,KOSPI,기타·이벤트,업종:기타,,,,기타,0,,,industry_fallback,중간
570126,한투 솔랙티브인버스2X금선물 ETN,KOSPI,기타·이벤트,업종:기타,,,,기타,0,,,industry_fallback,중간
570127,한투 인버스2X코스피200선물 ETN,KOSPI,기타·이벤트,업종:기타,,,,기타,0,,,industry_fallback,중간
580010,KB Wise 분할매매 ETN,KOSPI,기타·이벤트,업종:기타,,,,기타,0,,,industry_fallback,중간
580032,KB 레버리지 구리 선물 ETN(H),KOSPI,기타·이벤트,업종:기타,,,,기타,0,,,industry_fallback,중간
580033,KB 인버스 2X 구리 선물 ETN(H),KOSPI,기타·이벤트,업종:기타,,,,기타,0,,,industry_fallback,중간
580034,KB 레버리지 FANG 플러스 ETN(H),KOSPI,기타·이벤트,업종:기타,,,,기타,0,,,industry_fallback,중간
580035,KB S&P 유럽탄소배출권 선물 ETN(H),KOSPI,기타·이벤트,업종:기타,,,,기타,0,,,industry_fallback,중간
580039,KB 레버리지 KOSPI 200 선물 ETN,KOSPI,기타·이벤트,업종:기타,,,,기타,0,,,industry_fallback,중간
580043,KB 레버리지 KOSDAQ 150 선물 ETN,KOSPI,기타·이벤트,업종:기타,,,,기타,0,,,industry_fallback,중간
580044,KB 인버스 2X KOSDAQ 150 선물 ETN,KOSPI,기타·이벤트,업종:기타,,,,기타,0,,,industry_fallback,중간
580047,KB 레버리지 항셍테크 선물 ETN(H) B,KOSPI,기타·이벤트,업종:기타,,,,기타,0,,,industry_fallback,중간
580048,KB 차이나 대형주 CSI 300 ETN,KOSPI,기타·이벤트,업종:기타,,,,기타,0,,,industry_fallback,중간
580049,KB 차이나 중형주 CSI 500 ETN,KOSPI,기타·이벤트,업종:기타,,,,기타,0,,,industry_fallback,중간
580050,KB 차이나 과창판 STAR 50 ETN,KOSPI,기타·이벤트,업종:기타,,,,기타,0,,,industry_fallback,중간
580051,KB 레버리지 밀 선물 ETN,KOSPI,기타·이벤트,업종:기타,,,,기타,0,,,industry_fallback,중간
580052,KB 인버스 2X 밀 선물 ETN,KOSPI,기타·이벤트,업종:기타,,,,기타,0,,,industry_fallback,중간
580053,KB 레버리지 콩 선물 ETN,KOSPI,기타·이벤트,업종:기타,,,,기타,0,,,industry_fallback,중간
580054,KB 인버스 2X 콩 선물 ETN,KOSPI,기타·이벤트,업종:기타,,,,기타,0,,,industry_fallback,중간
580056,KB 일본 로보틱스 TOP 10 ETN,KOSPI,기타·이벤트,업종:기타,,,,기타,0,,,industry_fallback,중간
580057,KB 일본 컨슈머 TOP 10 ETN,KOSPI,기타·이벤트,업종:기타,,,,기타,0,,,industry_fallback,중간
580058,KB KIS CD금리투자 ETN,KOSPI,기타·이벤트,업종:기타,,,,기타,0,,,industry_fallback,중간
580059,KB 미국채 10년 ETN,KOSPI,기타·이벤트,업종:기타,,,,기타,0,,,industry_fallback,중간
580060,KB 레버리지 미국채 10년 ETN,KOSPI,기타·이벤트,업종:기타,,,,기타,0,,,industry_fallback,중간
580061,KB 미국채 30년 ETN,KOSPI,기타·이벤트,업종:기타,,,,기타,0,,,industry_fallback,중간
580062,KB 레버리지 미국채 30년 ETN,KOSPI,기타·이벤트,업종:기타,,,,기타,0,,,industry_fallback,중간
580063,KB 레버리지 미국채 10년 선물 ETN,KOSPI,기타·이벤트,업종:기타,,,,기타,0,,,industry_fallback,중간
580064,KB 인버스 2X 미국채 10년 선물 ETN,KOSPI,기타·이벤트,업종:기타,,,,기타,0,,,industry_fallback,중간
580065,KB 코스닥 150 TR ETN,KOSPI,기타·이벤트,업종:기타,,,,기타,0,,,industry_fallback,중간
580066,KB 인도 대형 성장주 Select 5 ETN,KOSPI,기타·이벤트,업종:기타,,,,기타,0,,,industry_fallback,중간
580067,KB 인도 디지털 Select 5 ETN,KOSPI,기타·이벤트,업종:기타,,,,기타,0,,,industry_fallback,중간
580068,KB S&P 레버리지 WTI원유 선물 ETN B,KOSPI,기타·이벤트,업종:기타,,,,기타,0,,,industry_fallback,중간
580069,KB S&P 인버스 2X WTI원유 선물 ETN B,KOSPI,기타·이벤트,업종:기타,,,,기타,0,,,industry_fallback,중간
580070,KB 레버리지 2차전지 TOP 10 TR ETN,KOSPI,기타·이벤트,업종:기타,,,,기타,0,,,industry_fallback,중간
580071,KB 인버스 2X 천연가스 선물 ETN B,KOSPI,기타·이벤트,업종:기타,,,,기타,0,,,industry_fallback,중간
580072,KB 화웨이 밸류체인 ETN,KOSPI,기타·이벤트,업종:기타,,,,기타,0,,,industry_fallback,중간
580073,KB 레버리지 화웨이 밸류체인 ETN,KOSPI,기타·이벤트,업종:기타,,,,기타,0,,,industry_fallback,중간
580074,KB BYD 밸류체인 ETN,KOSPI,기타·이벤트,업종:기타,,,,기타,0,,,industry_fallback,중간
580075,KB 레버리지 BYD 밸류체인 ETN,KOSPI,기타·이벤트,업종:기타,,,,기타,0,,,industry_fallback,중간
580076,KB 레버리지 미국 나스닥 100 TR ETN B,KOSPI,기타·이벤트,업종:기타,,,,기타,0,,,industry_fallback,중간
580077,KB 인버스 2X 미국 나스닥 100 TR ETN B,KOSPI,기타·이벤트,업종:기타,,,,기타,0,,,industry_fallback,중간
580078,KB 은 선물 ETN,KOSPI,기타·이벤트,업종:기타,,,,기타,0,,,industry_fallback,중간
580079,KB 레버리지 은 선물 ETN,KOSPI,기타·이벤트,업종:기타,,,,기타,0,,,industry_fallback,중간
580080,KB 인버스 은 선물 ETN,KOSPI,기타·이벤트,업종:기타,,,,기타,0,,,industry_fallback,중간
580081,KB 인버스 2X 은 선물 ETN,KOSPI,기타·이벤트,업종:기타,,,,기타,0,,,industry_fallback,중간
580082,KB 레버리지 반도체 TOP10 TR ETN,KOSPI,기타·이벤트,업종:기타,,,,기타,0,,,industry_fallback,중간
580083,KB 레버리지 미국 S&P500 선물 ETN B,KOSPI,기타·이벤트,업종:기타,,,,기타,0,,,industry_fallback,중간
580084,KB 인버스 2X 미국 S&P500 선물 ETN B,KOSPI,기타·이벤트,업종:기타,,,,기타,0,,,industry_fallback,중간
580085,KB 솔랙티브 천연가스 선물 ETN,KOSPI,기타·이벤트,업종:기타,,,,기타,0,,,industry_fallback,중간
580086,KB 솔랙티브 레버리지 천연가스 선물 ETN,KOSPI,기타·이벤트,업종:기타,,,,기타,0,,,industry_fallback,중간
580087,KB 솔랙티브 인버스 천연가스 선물 ETN,KOSPI,기타·이벤트,업종:기타,,,,기타,0,,,industry_fallback,중간
580088,KB 인버스 2X KOSPI 200 선물 ETN B,KOSPI,기타·이벤트,업종:기타,,,,기타,0,,,industry_fallback,중간
580089,KB 솔랙티브 레버리지 금 선물 ETN,KOSPI,기타·이벤트,업종:기타,,,,기타,0,,,industry_fallback,중간
580090,KB 솔랙티브 인버스 2X 금 선물 ETN,KOSPI,기타·이벤트,업종:기타,,,,기타,0,,,industry_fallback,중간
700011,하나 레버리지 옥수수 선물 ETN(H),KOSPI,기타·이벤트,업종:기타,,,,기타,0,,,industry_fallback,중간
700012,하나 인버스 2X 옥수수 선물 ETN(H),KOSPI,기타·이벤트,업종:기타,,,,기타,0,,,industry_fallback,중간
700013,하나 레버리지 콩 선물 ETN(H),KOSPI,기타·이벤트,업종:기타,,,,기타,0,,,industry_fallback,중간
700014,하나 인버스 2X 콩 선물 ETN(H),KOSPI,기타·이벤트,업종:기타,,,,기타,0,,,industry_fallback,중간
700017,하나 레버리지 코스닥150 선물 ETN,KOSPI,기타·이벤트,업종:기타,,,,기타,0,,,industry_fallback,중간
700018,하나 인버스 2X 코스닥150 선물 ETN,KOSPI,기타·이벤트,업종:기타,,,,기타,0,,,industry_fallback,중간
700022,하나 Solactive US Tech Top 10 ETN(H),KOSPI,기타·이벤트,업종:기타,,,,기타,0,,,industry_fallback,중간
700023,하나 Solactive 2X US Tech Top 10 ETN(H),KOSPI,기타·이벤트,업종:기타,,,,기타,0,,,industry_fallback,중간
700026,하나 CD금리투자 ETN,KOSPI,기타·이벤트,업종:기타,,,,기타,0,,,industry_fallback,중간
700027,하나 반도체 ETN,KOSPI,기타·이벤트,업종:기타,,,,기타,0,,,industry_fallback,중간
700028,하나 레버리지 반도체 ETN,KOSPI,기타·이벤트,업종:기타,,,,기타,0,,,industry_fallback,중간
700029,하나 S&P 레버리지 WTI원유 선물 ETN B,KOSPI,기타·이벤트,업종:기타,,,,기타,0,,,industry_fallback,중간
700030,하나 S&P 인버스 2X WTI원유 선물 ETN B,KOSPI,기타·이벤트,업종:기타,,,,기타,0,,,industry_fallback,중간
700031,하나 레버리지 천연가스 선물 ETN(H),KOSPI,기타·이벤트,업종:기타,,,,기타,0,,,industry_fallback,중간
700032,하나 인버스 2X 천연가스 선물 ETN(H),KOSPI,기타·이벤트,업종:기타,,,,기타,0,,,industry_fallback,중간
700033,하나 K방산TOP10 ETN,KOSPI,기타·이벤트,업종:기타,,,,기타,0,,,industry_fallback,중간
700034,하나 레버리지 K방산TOP10 ETN,KOSPI,기타·이벤트,업종:기타,,,,기타,0,,,industry_fallback,중간
700035,하나 인버스 2X K방산TOP10 ETN,KOSPI,기타·이벤트,업종:기타,,,,기타,0,,,industry_fallback,중간
700036,하나 인버스 2X 반도체 ETN,KOSPI,기타·이벤트,업종:기타,,,,기타,0,,,industry_fallback,중간
760004,키움 인버스 미국달러선물 ETN,KOSPI,기타·이벤트,업종:기타,,,,기타,0,,,industry_fallback,중간
760005,키움 INDXX 미국테크탑10 ETN,KOSPI,기타·이벤트,업종:기타,,,,기타,0,,,industry_fallback,중간
760006,키움 KPOP ETN,KOSPI,기타·이벤트,업종:기타,,,,기타,0,,,industry_fallback,중간
760007,키움 코스피 200 TR ETN,KOSPI,기타·이벤트,업종:기타,,,,기타,0,,,industry_fallback,중간
760008,키움 코스닥 150 TR ETN,KOSPI,기타·이벤트,업종:기타,,,,기타,0,,,industry_fallback,중간
760009,키움 CD금리투자 ETN,KOSPI,기타·이벤트,업종:기타,,,,기타,0,,,industry_fallback,중간
760010,키움 2차전지산업 ETN,KOSPI,기타·이벤트,업종:기타,,,,기타,0,,,industry_fallback,중간
760011,키움 레버리지 2차전지산업 ETN,KOSPI,기타·이벤트,업종:기타,,,,기타,0,,,industry_fallback,중간
760012,키움 반도체TOP10 ETN,KOSPI,기타·이벤트,업종:기타,,,,기타,0,,,industry_fallback,중간
760013,키움 레버리지 반도체TOP10 ETN,KOSPI,기타·이벤트,업종:기타,,,,기타,0,,,industry_fallback,중간
760014,키움 바이오TOP10 ETN,KOSPI,기타·이벤트,업종:기타,,,,기타,0,,,industry_fallback,중간
760015,키움 레버리지 바이오TOP10 ETN,KOSPI,기타·이벤트,업종:기타,,,,기타,0,,,industry_fallback,중간
760016,키움 레버리지 조선TOP10 ETN,KOSPI,기타·이벤트,업종:기타,,,,기타,0,,,industry_fallback,중간
760017,키움 조선TOP10 ETN,KOSPI,기타·이벤트,업종:기타,,,,기타,0,,,industry_fallback,중간
760018,키움 미국달러선물 ETN B,KOSPI,기타·이벤트,업종:기타,,,,기타,0,,,industry_fallback,중간
760021,키움 코스피200 선물 달러노출 ETN,KOSPI,기타·이벤트,업종:기타,,,,기타,0,,,industry_fallback,중간
760022,키움 K방산 TOP5 ETN,KOSPI,기타·이벤트,업종:기타,,,,기타,0,,,industry_fallback,중간
760023,키움 레버리지 K방산 TOP5 ETN,KOSPI,기타·이벤트,업종:기타,,,,기타,0,,,industry_fallback,중간
760024,키움 인버스 2X K방산 TOP5 ETN,KOSPI,기타·이벤트,업종:기타,,,,기타,0,,,industry_fallback,중간
760025,키움 전력 TOP5 ETN,KOSPI,기타·이벤트,업종:기타,,,,기타,0,,,industry_fallback,중간
760026,키움 레버리지 전력 TOP5 ETN,KOSPI,기타·이벤트,업종:기타,,,,기타,0,,,industry_fallback,중간
760027,키움 인버스 2X 전력 TOP5 ETN,KOSPI,기타·이벤트,업종:기타,,,,기타,0,,,industry_fallback,중간
760028,키움 인버스 2X 반도체TOP10 ETN,KOSPI,기타·이벤트,업종:기타,,,,기타,0,,,industry_fallback,중간
760032,키움 모험자본창업투자 ETN,KOSPI,기타·이벤트,업종:기타,,,,기타,0,,,industry_fallback,중간
095570,AJ네트웍스,KOSPI,기타·이벤트,업종:도로와철도운송,,,,도로와철도운송,0,,,industry_fallback,중간
009310,참엔지니어링,KOSPI,기타·이벤트,업종:디스플레이장비및부품,,,,디스플레이장비및부품,0,,,industry_fallback,중간
020760,일진디스플,KOSPI,기타·이벤트,업종:디스플레이패널,,,,디스플레이패널,0,,,industry_fallback,중간
011810,STX,KOSPI,기타·이벤트,업종:무역회사와판매업체,,,,무역회사와판매업체,0,,,industry_fallback,중간
005110,한창,KOSPI,기타·이벤트,업종:부동산,,,,부동산,0,,,industry_fallback,중간
015020,이스타코,KOSPI,기타·이벤트,업종:부동산,,,,부동산,0,,,industry_fallback,중간
034830,한국토지신탁,KOSPI,기타·이벤트,업종:부동산,,,,부동산,0,,,industry_fallback,중간
094800,맵스리얼티,KOSPI,기타·이벤트,업종:부동산,,,,부동산,0,,,industry_fallback,중간
123890,한국자산신탁,KOSPI,기타·이벤트,업종:부동산,,,,부동산,0,,,industry_fallback,중간
210980,SK디앤디,KOSPI,기타·이벤트,업종:부동산,,,,부동산,0,,,industry_fallback,중간
009440,KC그린홀딩스,KOSPI,기타·이벤트,업종:상업서비스와공급품,,,,상업서비스와공급품,0,,,industry_fallback,중간
058850,KTcs,KOSPI,기타·이벤트,업종:상업서비스와공급품,,,,상업서비스와공급품,0,,,industry_fallback,중간
058860,KTis,KOSPI,기타·이벤트,업종:상업서비스와공급품,,,,상업서비스와공급품,0,,,industry_fallback,중간
119650,KC코트렐,KOSPI,기타·이벤트,업종:상업서비스와공급품,,,,상업서비스와공급품,0,,,industry_fallback,중간
122900,아이마켓코리아,KOSPI,기타·이벤트,업종:상업서비스와공급품,,,,상업서비스와공급품,0,,,industry_fallback,중간
002630,오리엔트바이오,KOSPI,기타·이벤트,업종:생물공학,,,,생물공학,0,,,industry_fallback,중간
011000,진원생명과학,KOSPI,기타·이벤트,업종:생물공학,,,,생물공학,0,,,industry_fallback,중간
005430,한국공항,KOSPI,기타·이벤트,업종:운송인프라,,,,운송인프라,0,,,industry_fallback,중간
088980,맥쿼리인프라,KOSPI,기타·이벤트,업종:운송인프라,,,,운송인프라,0,,,industry_fallback,중간
415640,KB발해인프라,KOSPI,기타·이벤트,업종:운송인프라,,,,운송인프라,0,,,industry_fallback,중간
017040,광명전기,KOSPI,기타·이벤트,업종:전기장비,,,,전기장비,0,,,industry_fallback,중간
005680,삼영전자,KOSPI,기타·이벤트,업종:전기제품,,,,전기제품,0,,,industry_fallback,중간
004770,써니전자,KOSPI,기타·이벤트,업종:전자장비와기기,,,,전자장비와기기,0,,,industry_fallback,중간
007815,코리아써우,KOSPI,기타·이벤트,업종:전자장비와기기,,,,전자장비와기기,0,,,industry_fallback,중간
008700,아남전자,KOSPI,기타·이벤트,업종:전자제품,,,,전자제품,0,,,industry_fallback,중간
009140,경인전자,KOSPI,기타·이벤트,업종:전자제품,,,,전자제품,0,,,industry_fallback,중간
000230,일동홀딩스,KOSPI,기타·이벤트,업종:제약,,,,제약,0,,,industry_fallback,중간
044380,주연테크,KOSPI,기타·이벤트,업종:컴퓨터와주변기기,,,,컴퓨터와주변기기,0,,,industry_fallback,중간
009810,MDS스피어,KOSPI,기타·이벤트,업종:판매업체,,,,판매업체,0,,,industry_fallback,중간
004450,삼화왕관,KOSPI,기타·이벤트,업종:포장재,,,,포장재,0,,,industry_fallback,중간
005820,원림,KOSPI,기타·이벤트,업종:포장재,,,,포장재,0,,,industry_fallback,중간
008870,금비,KOSPI,기타·이벤트,업종:포장재,,,,포장재,0,,,industry_fallback,중간
002450,삼익악기,KOSPI,기타·이벤트,엔젤산업,,,,레저용장비와제품,2,엔젤산업 | 출산장려정책,출산장려정책,legacy_theme,높음
005360,모나미,KOSPI,기타·이벤트,엔젤산업,,,,문구류,2,日제품 불매운동(수혜) | 엔젤산업,日제품 불매운동(수혜),legacy_theme,높음
095720,웅진씽크빅,KOSPI,기타·이벤트,엔젤산업,교육/온라인 교육,,,교육서비스,3,교육/온라인 교육 | 엔젤산업 | 출산장려정책,출산장려정책,legacy_theme,높음
137310,에스디바이오센서,KOSPI,기타·이벤트,유전자 치료제/분석,,,,건강관리장비와용품,3,유전자 치료제/분석 | 코로나19(진단/치료제/백신 개발 등) | 코로나19(진단키트),코로나19(진단/치료제/백신 개발 등) | 코로나19(진단키트),legacy_theme,높음
002700,신일전자,KOSPI,기타·이벤트,제습기,공기청정기,겨울,여름,가정용기기와용품,4,겨울 | 공기청정기 | 여름 | 제습기,,legacy_theme,높음
284740,쿠쿠홈시스,KOSPI,기타·이벤트,제습기,공기청정기,여름,,가정용기기와용품,3,공기청정기 | 여름 | 제습기,,legacy_theme,높음
001020,페이퍼코리아,KOSPI,기타·이벤트,제지,,,,종이와목재,1,제지,,legacy_theme,높음
002870,신풍,KOSPI,기타·이벤트,제지,,,,포장재,1,제지,,legacy_theme,높음
004540,깨끗한나라,KOSPI,기타·이벤트,제지,마스크,,,종이와목재,4,日제품 불매운동(수혜) | 마스크 | 제지 | 출산장려정책,日제품 불매운동(수혜) | 출산장려정책,legacy_theme,높음
004545,깨끗한나라우,KOSPI,기타·이벤트,제지,마스크,,,종이와목재,4,日제품 불매운동(수혜) | 마스크 | 제지 | 출산장려정책,日제품 불매운동(수혜) | 출산장려정책,legacy_theme_inherited,중간
009200,무림페이퍼,KOSPI,기타·이벤트,제지,,,,종이와목재,1,제지,,legacy_theme,높음
009460,한창제지,KOSPI,기타·이벤트,제지,,,,포장재,1,제지,,legacy_theme,높음
009770,삼정펄프,KOSPI,기타·이벤트,제지,,,,가정용품,1,제지,,legacy_theme,높음
027970,한국제지,KOSPI,기타·이벤트,제지,,,,종이와목재,1,제지,,legacy_theme,높음
213500,한솔제지,KOSPI,기타·이벤트,제지,,,,종이와목재,1,제지,,legacy_theme,높음
000180,성창기업지주,KOSPI,기타·이벤트,조림사업,지주사,,,종이와목재,2,조림사업 | 지주사,,legacy_theme,높음
002820,SUN&L,KOSPI,기타·이벤트,조림사업,리모델링/인테리어,,,종이와목재,2,리모델링/인테리어 | 조림사업,,legacy_theme,높음
001120,LX인터내셔널,KOSPI,기타·이벤트,종합상사,자원개발,니켈,,무역회사와판매업체,3,니켈 | 자원개발 | 종합상사,,legacy_theme,높음
001250,GS글로벌,KOSPI,기타·이벤트,종합상사,자원개발,,,무역회사와판매업체,2,자원개발 | 종합상사,,legacy_theme,높음
011760,현대코퍼레이션,KOSPI,기타·이벤트,종합상사,자원개발,전후 재건(우크라/중동 전쟁 등),,무역회사와판매업체,3,자원개발 | 전후 재건(우크라/중동 전쟁 등) | 종합상사,,legacy_theme,높음
047050,포스코인터내셔널,KOSPI,기타·이벤트,종합상사,셰일가스(Shale Gas),자원개발,니켈,무역회사와판매업체,8,니켈 | 리비안(RIVIAN) | 밸류업(24년 기업가치 제고계획 발표) | 셰일가스(Shale Gas) | 자원개발 | 전후 재건(우크라/중동 전쟁 등) | 종합상사 | 코리아 밸류업 지수(Korea Value-up Index),밸류업(24년 기업가치 제고계획 발표) | 코리아 밸류업 지수(Korea Value-up Index),legacy_theme,높음
001040,CJ,KOSPI,기타·이벤트,지주사,,,,복합기업,1,지주사,,legacy_theme,높음
001045,CJ우,KOSPI,기타·이벤트,지주사,,,,복합기업,1,지주사,,legacy_theme_inherited,중간
002620,제일파마홀딩스,KOSPI,기타·이벤트,지주사,,,,제약,1,지주사,,legacy_theme,높음
003090,대웅,KOSPI,기타·이벤트,지주사,,,,제약,2,지주사 | 코로나19(진단/치료제/백신 개발 등),코로나19(진단/치료제/백신 개발 등),legacy_theme,높음
003480,한진중공업홀딩스,KOSPI,기타·이벤트,지주사,,,,가스유틸리티,1,지주사,,legacy_theme,높음
005440,현대지에프홀딩스,KOSPI,기타·이벤트,지주사,,,,복합기업,2,밸류업(24년 기업가치 제고계획 발표) | 지주사,밸류업(24년 기업가치 제고계획 발표),legacy_theme,높음
008060,대덕,KOSPI,기타·이벤트,지주사,,,,전자장비와기기,1,지주사,,legacy_theme,높음
044820,코스맥스비티아이,KOSPI,기타·이벤트,지주사,,,,건강관리업체및서비스,1,지주사,,legacy_theme,높음
096760,JW홀딩스,KOSPI,기타·이벤트,지주사,,,,제약,1,지주사,,legacy_theme,높음
192400,쿠쿠홀딩스,KOSPI,기타·이벤트,지주사,,,,가정용기기와용품,1,지주사,,legacy_theme,높음
363280,티와이홀딩스,KOSPI,기타·이벤트,지주사,,,,"호텔,레스토랑,레저",1,지주사,,legacy_theme,높음
383800,LX홀딩스,KOSPI,기타·이벤트,지주사,,,,무역회사와판매업체,1,지주사,,legacy_theme,높음
487570,HS효성,KOSPI,기타·이벤트,지주사,,,,복합기업,1,지주사,,legacy_theme,높음
004920,씨아이테크,KOSPI,기타·이벤트,키오스크(KIOSK),DMZ 평화공원,,,컴퓨터와주변기기,2,DMZ 평화공원 | 키오스크(KIOSK),,legacy_theme,높음
001210,금호전기,KOSPI,디스플레이·전자부품,LED,,,,디스플레이장비및부품,1,LED,,legacy_theme,높음
014580,태경비케이,KOSPI,디스플레이·전자부품,LED,비료,아프리카 돼지열병(ASF),,비철금속,4,LED | 구제역/광우병 수혜 | 비료 | 아프리카 돼지열병(ASF),구제역/광우병 수혜,legacy_theme,높음
025540,한국단자,KOSPI,디스플레이·전자부품,LED,자율주행차,전기차,자동차부품,자동차부품,4,LED | 자동차부품 | 자율주행차 | 전기차,,legacy_theme,높음
017900,광전자,KOSPI,디스플레이·전자부품,마이크로 LED,LED,,,전자장비와기기,2,LED | 마이크로 LED,,legacy_theme,높음
066570,LG전자,KOSPI,디스플레이·전자부품,마이크로 LED,무선충전기술,냉각시스템(액침냉각 등),LED,전자제품,17,5G(5세대 이동통신) | IT 대표주 | LED | OLED(유기 발광 다이오드) | 가상현실(VR) | 공기청정기 | 냉각시스템(액침냉각 등) | 마이크로 LED | 무선충전기술 | 밸류업(24년 기업가치 제고계획 발표) | 스마트홈(홈네트워크) | 자율주행차 | 전기차 | 전력저장장치(ESS) | 제습기 | 지능형로봇/인공지능(AI) | 피지컬 AI/휴머노이드 로봇,밸류업(24년 기업가치 제고계획 발표),legacy_theme,높음
066575,LG전자우,KOSPI,디스플레이·전자부품,마이크로 LED,무선충전기술,냉각시스템(액침냉각 등),LED,전자제품,17,5G(5세대 이동통신) | IT 대표주 | LED | OLED(유기 발광 다이오드) | 가상현실(VR) | 공기청정기 | 냉각시스템(액침냉각 등) | 마이크로 LED | 무선충전기술 | 밸류업(24년 기업가치 제고계획 발표) | 스마트홈(홈네트워크) | 자율주행차 | 전기차 | 전력저장장치(ESS) | 제습기 | 지능형로봇/인공지능(AI) | 피지컬 AI/휴머노이드 로봇,밸류업(24년 기업가치 제고계획 발표),legacy_theme_inherited,중간
033240,자화전자,KOSPI,디스플레이·전자부품,카메라모듈/부품,남북경협,갤럭시 부품주,스마트폰,통신장비,4,갤럭시 부품주 | 남북경협 | 스마트폰 | 카메라모듈/부품,,legacy_theme,높음
012610,경인양행,KOSPI,디스플레이·전자부품,플렉서블 디스플레이,그래핀,日 수출 규제(국산화 등),,화학,3,日 수출 규제(국산화 등) | 그래핀 | 플렉서블 디스플레이,,legacy_theme,높음
034220,LG디스플레이,KOSPI,디스플레이·전자부품,플렉서블 디스플레이,OLED(유기 발광 다이오드),IT 대표주,아이폰,디스플레이패널,7,IT 대표주 | OLED(유기 발광 다이오드) | 밸류업(24년 기업가치 제고계획 발표) | 스마트폰 | 아이폰 | 폴더블폰 | 플렉서블 디스플레이,밸류업(24년 기업가치 제고계획 발표),legacy_theme,높음
120110,코오롱인더,KOSPI,디스플레이·전자부품,플렉서블 디스플레이,수소에너지(수소차/연료전지 등),화학섬유,타이어,화학,8,두나무(Dunamu) | 석유화학 | 수소에너지(수소차/연료전지 등) | 타이어 | 패션/의류 | 폴더블폰 | 플렉서블 디스플레이 | 화학섬유,,legacy_theme,높음
120115,코오롱인더우,KOSPI,디스플레이·전자부품,플렉서블 디스플레이,수소에너지(수소차/연료전지 등),화학섬유,타이어,화학,8,두나무(Dunamu) | 석유화학 | 수소에너지(수소차/연료전지 등) | 타이어 | 패션/의류 | 폴더블폰 | 플렉서블 디스플레이 | 화학섬유,,legacy_theme_inherited,중간
178920,PI첨단소재,KOSPI,디스플레이·전자부품,플렉서블 디스플레이,5G(5세대 이동통신),2차전지(소재/부품),OLED(유기 발광 다이오드),화학,9,2차전지 | 2차전지(소재/부품) | 5G(5세대 이동통신) | OLED(유기 발광 다이오드) | PCB(FPCB 등) | 日 수출 규제(국산화 등) | 갤럭시 부품주 | 폴더블폰 | 플렉서블 디스플레이,,legacy_theme,높음
005850,에스엘,KOSPI,로봇·자동화,로봇(산업용/협동로봇 등),자동차부품,,,자동차부품,2,로봇(산업용/협동로봇 등) | 자동차부품,,legacy_theme,높음
012200,계양전기,KOSPI,로봇·자동화,로봇(산업용/협동로봇 등),전기차,자동차부품,,자동차부품,3,로봇(산업용/협동로봇 등) | 자동차부품 | 전기차,,legacy_theme,높음
012205,계양전기우,KOSPI,로봇·자동화,로봇(산업용/협동로봇 등),전기차,자동차부품,,자동차부품,3,로봇(산업용/협동로봇 등) | 자동차부품 | 전기차,,legacy_theme_inherited,중간
454910,두산로보틱스,KOSPI,로봇·자동화,로봇(산업용/협동로봇 등),,,,기계,1,로봇(산업용/협동로봇 등),,legacy_theme,높음
003550,LG,KOSPI,로봇·자동화,스마트팩토리(스마트공장),블록체인,지주사,,복합기업,4,밸류업(24년 기업가치 제고계획 발표) | 블록체인 | 스마트팩토리(스마트공장) | 지주사,밸류업(24년 기업가치 제고계획 발표),legacy_theme,높음
003555,LG우,KOSPI,로봇·자동화,스마트팩토리(스마트공장),블록체인,지주사,,복합기업,4,밸류업(24년 기업가치 제고계획 발표) | 블록체인 | 스마트팩토리(스마트공장) | 지주사,밸류업(24년 기업가치 제고계획 발표),legacy_theme_inherited,중간
004380,삼익THK,KOSPI,로봇·자동화,스마트팩토리(스마트공장),로봇(산업용/협동로봇 등),공작기계,,기계,3,공작기계 | 로봇(산업용/협동로봇 등) | 스마트팩토리(스마트공장),,legacy_theme,높음
011700,한신기계,KOSPI,로봇·자동화,스마트팩토리(스마트공장),원자력발전,,,기계,2,스마트팩토리(스마트공장) | 원자력발전,,legacy_theme,높음
005690,파미셀,KOSPI,바이오·헬스케어,mRNA(메신저 리보핵산),반도체 재료/부품,화장품,화이자(PFIZER),화학,8,mRNA(메신저 리보핵산) | 모더나(MODERNA) | 반도체 재료/부품 | 줄기세포 | 코로나19(진단/치료제/백신 개발 등) | 코로나19(진단키트) | 화이자(PFIZER) | 화장품,코로나19(진단/치료제/백신 개발 등) | 코로나19(진단키트),legacy_theme,높음
006280,녹십자,KOSPI,바이오·헬스케어,mRNA(메신저 리보핵산),바이오시밀러(복제 바이오의약품),"백신/진단시약/방역(신종플루, AI 등)",제약업체,제약,9,"mRNA(메신저 리보핵산) | 겨울 | 남북경협 | 모더나(MODERNA) | 바이오시밀러(복제 바이오의약품) | 백신/진단시약/방역(신종플루, AI 등) | 유전자 치료제/분석 | 제대혈 | 제약업체",,legacy_theme,높음
008930,한미사이언스,KOSPI,바이오·헬스케어,mRNA(메신저 리보핵산),지주사,,,제약,5,mRNA(메신저 리보핵산) | 밸류업(24년 기업가치 제고계획 발표) | 밸류업(25년 기업가치 제고계획 발표) | 지주사 | 코리아 밸류업 지수(Korea Value-up Index),밸류업(24년 기업가치 제고계획 발표) | 밸류업(25년 기업가치 제고계획 발표) | 코리아 밸류업 지수(Korea Value-up Index),legacy_theme,높음
102460,이연제약,KOSPI,바이오·헬스케어,mRNA(메신저 리보핵산),치매,제약업체,,제약,3,mRNA(메신저 리보핵산) | 제약업체 | 치매,,legacy_theme,높음
128940,한미약품,KOSPI,바이오·헬스케어,mRNA(메신저 리보핵산),바이오시밀러(복제 바이오의약품),비만치료제,"백신/진단시약/방역(신종플루, AI 등)",제약,8,"mRNA(메신저 리보핵산) | 겨울 | 바이오시밀러(복제 바이오의약품) | 백신/진단시약/방역(신종플루, AI 등) | 밸류업(25년 기업가치 제고계획 발표) | 비만치료제 | 제약업체 | 코리아 밸류업 지수(Korea Value-up Index)",밸류업(25년 기업가치 제고계획 발표) | 코리아 밸류업 지수(Korea Value-up Index),legacy_theme,높음
003060,에이프로젠바이오로직스,KOSPI,바이오·헬스케어,바이오시밀러(복제 바이오의약품),"백신/진단시약/방역(신종플루, AI 등)",치매,제약업체,제약,4,"바이오시밀러(복제 바이오의약품) | 백신/진단시약/방역(신종플루, AI 등) | 제약업체 | 치매",,legacy_theme,높음
003850,보령,KOSPI,바이오·헬스케어,바이오시밀러(복제 바이오의약품),"백신/진단시약/방역(신종플루, AI 등)",치매,제약업체,제약,6,"바이오시밀러(복제 바이오의약품) | 백신/진단시약/방역(신종플루, AI 등) | 제약업체 | 치매 | 탈모 치료 | 황사/미세먼지",,legacy_theme,높음
007460,에이프로젠,KOSPI,바이오·헬스케어,바이오시밀러(복제 바이오의약품),원자력발전,,,제약,2,바이오시밀러(복제 바이오의약품) | 원자력발전,,legacy_theme,높음
009420,한올바이오파마,KOSPI,바이오·헬스케어,바이오시밀러(복제 바이오의약품),제약업체,,,제약,2,바이오시밀러(복제 바이오의약품) | 제약업체,,legacy_theme,높음
068270,셀트리온,KOSPI,바이오·헬스케어,바이오시밀러(복제 바이오의약품),,,,제약,2,바이오시밀러(복제 바이오의약품) | 밸류업(25년 기업가치 제고계획 발표),밸류업(25년 기업가치 제고계획 발표),legacy_theme,높음
069620,대웅제약,KOSPI,바이오·헬스케어,바이오시밀러(복제 바이오의약품),비만치료제,치매,제약업체,제약,9,미용기기 | 바이오시밀러(복제 바이오의약품) | 보톡스(보툴리눔톡신) | 비만치료제 | 제약업체 | 치매 | 코로나19(진단/치료제/백신 개발 등) | 코로나19(진단키트) | 탈모 치료,코로나19(진단/치료제/백신 개발 등) | 코로나19(진단키트),legacy_theme,높음
170900,동아에스티,KOSPI,바이오·헬스케어,바이오시밀러(복제 바이오의약품),비만치료제,치매,제약업체,제약,5,면역항암제 | 바이오시밀러(복제 바이오의약품) | 비만치료제 | 제약업체 | 치매,,legacy_theme,높음
185750,종근당,KOSPI,바이오·헬스케어,바이오시밀러(복제 바이오의약품),비만치료제,"백신/진단시약/방역(신종플루, AI 등)",치매,제약,8,"바이오시밀러(복제 바이오의약품) | 백신/진단시약/방역(신종플루, AI 등) | 비만치료제 | 제약업체 | 치매 | 코로나19(진단/치료제/백신 개발 등) | 코로나19(진단키트) | 코리아 밸류업 지수(Korea Value-up Index)",코로나19(진단/치료제/백신 개발 등) | 코로나19(진단키트) | 코리아 밸류업 지수(Korea Value-up Index),legacy_theme,높음
950210,프레스티지바이오파마,KOSPI,바이오·헬스케어,바이오시밀러(복제 바이오의약품),제약업체,,,제약,2,바이오시밀러(복제 바이오의약품) | 제약업체,,legacy_theme,높음
077500,유니퀘스트,KOSPI,바이오·헬스케어,바이오인식(생체인식),온디바이스 AI,자율주행차,,반도체와반도체장비,3,바이오인식(생체인식) | 온디바이스 AI | 자율주행차,,legacy_theme,높음
097520,엠씨넥스,KOSPI,바이오·헬스케어,바이오인식(생체인식),드론(Drone),자율주행차,스마트카(SMART CAR),핸드셋,6,갤럭시 부품주 | 드론(Drone) | 바이오인식(생체인식) | 스마트카(SMART CAR) | 자율주행차 | 카메라모듈/부품,,legacy_theme,높음
192650,드림텍,KOSPI,바이오·헬스케어,바이오인식(생체인식),자율주행차,반도체 재료/부품,갤럭시 부품주,핸드셋,9,갤럭시 부품주 | 바이오인식(생체인식) | 반도체 재료/부품 | 밸류업(24년 기업가치 제고계획 발표) | 스마트폰 | 자율주행차 | 코로나19(진단/치료제/백신 개발 등) | 코로나19(진단키트) | 코리아 밸류업 지수(Korea Value-up Index),밸류업(24년 기업가치 제고계획 발표) | 코로나19(진단/치료제/백신 개발 등) | 코로나19(진단키트) | 코리아 밸류업 지수(Korea Value-up Index),legacy_theme,높음
000100,유한양행,KOSPI,바이오·헬스케어,비만치료제,"백신/진단시약/방역(신종플루, AI 등)",치매,제약업체,제약,9,"겨울 | 면역항암제 | 미용기기 | 백신/진단시약/방역(신종플루, AI 등) | 밸류업(24년 기업가치 제고계획 발표) | 비만치료제 | 제약업체 | 치매 | 화이자(PFIZER)",밸류업(24년 기업가치 제고계획 발표),legacy_theme,높음
000105,유한양행우,KOSPI,바이오·헬스케어,비만치료제,"백신/진단시약/방역(신종플루, AI 등)",치매,제약업체,제약,9,"겨울 | 면역항암제 | 미용기기 | 백신/진단시약/방역(신종플루, AI 등) | 밸류업(24년 기업가치 제고계획 발표) | 비만치료제 | 제약업체 | 치매 | 화이자(PFIZER)",밸류업(24년 기업가치 제고계획 발표),legacy_theme_inherited,중간
002390,한독,KOSPI,바이오·헬스케어,비만치료제,제약업체,의료기기,,제약,3,비만치료제 | 의료기기 | 제약업체,,legacy_theme,높음
003220,대원제약,KOSPI,바이오·헬스케어,비만치료제,제약업체,의료기기,고령화 사회(노인복지),제약,5,건강기능식품 | 고령화 사회(노인복지) | 비만치료제 | 의료기기 | 제약업체,,legacy_theme,높음
009290,광동제약,KOSPI,바이오·헬스케어,비만치료제,"백신/진단시약/방역(신종플루, AI 등)",제약업체,마이코플라스마 폐렴,제약,5,"겨울 | 마이코플라스마 폐렴 | 백신/진단시약/방역(신종플루, AI 등) | 비만치료제 | 제약업체",,legacy_theme,높음
249420,일동제약,KOSPI,바이오·헬스케어,비만치료제,제약업체,,,제약,5,비만치료제 | 제약업체 | 코로나19(진단/치료제/백신 개발 등) | 코로나19(진단키트) | 코로나19(치료제/백신 개발 등),코로나19(진단/치료제/백신 개발 등) | 코로나19(진단키트) | 코로나19(치료제/백신 개발 등),legacy_theme,높음
001060,JW중외제약,KOSPI,바이오·헬스케어,오가노이드,제약업체,마스크,황사/미세먼지,제약,10,고령화 사회(노인복지) | 마스크 | 밸류업(25년 기업가치 제고계획 발표) | 오가노이드 | 제약업체 | 코로나19(진단/치료제/백신 개발 등) | 코로나19(치료제/백신 개발 등) | 코리아 밸류업 지수(Korea Value-up Index) | 탈모 치료 | 황사/미세먼지,밸류업(25년 기업가치 제고계획 발표) | 코로나19(진단/치료제/백신 개발 등) | 코로나19(치료제/백신 개발 등) | 코리아 밸류업 지수(Korea Value-up Index),legacy_theme,높음
001065,JW중외제약우,KOSPI,바이오·헬스케어,오가노이드,제약업체,마스크,황사/미세먼지,제약,10,고령화 사회(노인복지) | 마스크 | 밸류업(25년 기업가치 제고계획 발표) | 오가노이드 | 제약업체 | 코로나19(진단/치료제/백신 개발 등) | 코로나19(치료제/백신 개발 등) | 코리아 밸류업 지수(Korea Value-up Index) | 탈모 치료 | 황사/미세먼지,밸류업(25년 기업가치 제고계획 발표) | 코로나19(진단/치료제/백신 개발 등) | 코로나19(치료제/백신 개발 등) | 코리아 밸류업 지수(Korea Value-up Index),legacy_theme_inherited,중간
001067,JW중외제약2우B,KOSPI,바이오·헬스케어,오가노이드,제약업체,마스크,황사/미세먼지,제약,10,고령화 사회(노인복지) | 마스크 | 밸류업(25년 기업가치 제고계획 발표) | 오가노이드 | 제약업체 | 코로나19(진단/치료제/백신 개발 등) | 코로나19(치료제/백신 개발 등) | 코리아 밸류업 지수(Korea Value-up Index) | 탈모 치료 | 황사/미세먼지,밸류업(25년 기업가치 제고계획 발표) | 코로나19(진단/치료제/백신 개발 등) | 코로나19(치료제/백신 개발 등) | 코리아 밸류업 지수(Korea Value-up Index),legacy_theme_inherited,중간
207940,삼성바이오로직스,KOSPI,바이오·헬스케어,오가노이드,제약업체,모더나(MODERNA),,제약,3,모더나(MODERNA) | 오가노이드 | 제약업체,,legacy_theme,높음
004080,신흥,KOSPI,바이오·헬스케어,의료기기,치아 치료(임플란트 등),고령화 사회(노인복지),,건강관리장비와용품,3,고령화 사회(노인복지) | 의료기기 | 치아 치료(임플란트 등),,legacy_theme,높음
118000,메타케어,KOSPI,바이오·헬스케어,의료기기,줄기세포,탈모 치료,,제약,5,의료기기 | 줄기세포 | 코로나19(진단/치료제/백신 개발 등) | 코로나19(진단키트) | 탈모 치료,코로나19(진단/치료제/백신 개발 등) | 코로나19(진단키트),legacy_theme,높음
145720,덴티움,KOSPI,바이오·헬스케어,의료기기,치아 치료(임플란트 등),,,건강관리장비와용품,3,의료기기 | 치아 치료(임플란트 등) | 코리아 밸류업 지수(Korea Value-up Index),코리아 밸류업 지수(Korea Value-up Index),legacy_theme,높음
000020,동화약품,KOSPI,바이오·헬스케어,제약업체,겨울,,,제약,2,겨울 | 제약업체,,legacy_theme,높음
000520,삼일제약,KOSPI,바이오·헬스케어,제약업체,황사/미세먼지,,,제약,2,제약업체 | 황사/미세먼지,,legacy_theme,높음
000640,동아쏘시오홀딩스,KOSPI,바이오·헬스케어,제약업체,콜드체인(저온 유통),지주사,,제약,3,제약업체 | 지주사 | 콜드체인(저온 유통),,legacy_theme,높음
002210,동성제약,KOSPI,바이오·헬스케어,제약업체,화장품,탈모 치료,,제약,3,제약업체 | 탈모 치료 | 화장품,,legacy_theme,높음
002720,국제약품,KOSPI,바이오·헬스케어,제약업체,화장품,마이코플라스마 폐렴,마스크,제약,5,마스크 | 마이코플라스마 폐렴 | 제약업체 | 화장품 | 황사/미세먼지,,legacy_theme,높음
003000,부광약품,KOSPI,바이오·헬스케어,제약업체,,,,제약,1,제약업체,,legacy_theme,높음
003520,영진약품,KOSPI,바이오·헬스케어,제약업체,,,,제약,1,제약업체,,legacy_theme,높음
004720,팜젠사이언스,KOSPI,바이오·헬스케어,제약업체,마이코플라스마 폐렴,,,제약,4,마이코플라스마 폐렴 | 제약업체 | 코로나19(진단/치료제/백신 개발 등) | 코로나19(진단키트),코로나19(진단/치료제/백신 개발 등) | 코로나19(진단키트),legacy_theme,높음
033270,유나이티드제약,KOSPI,바이오·헬스케어,제약업체,,,,제약,1,제약업체,,legacy_theme,높음
214390,경보제약,KOSPI,바이오·헬스케어,제약업체,,,,제약,1,제약업체,,legacy_theme,높음
234080,JW생명과학,KOSPI,바이오·헬스케어,제약업체,,,,제약,1,제약업체,,legacy_theme,높음
271980,제일약품,KOSPI,바이오·헬스케어,제약업체,화이자(PFIZER),줄기세포,,제약,4,제약업체 | 줄기세포 | 코로나19(진단/치료제/백신 개발 등) | 화이자(PFIZER),코로나19(진단/치료제/백신 개발 등),legacy_theme,높음
293480,하나제약,KOSPI,바이오·헬스케어,제약업체,,,,제약,1,제약업체,,legacy_theme,높음
326030,SK바이오팜,KOSPI,바이오·헬스케어,제약업체,,,,제약,1,제약업체,,legacy_theme,높음
000220,유유제약,KOSPI,바이오·헬스케어,치매,제약업체,,,제약,2,제약업체 | 치매,,legacy_theme,높음
000225,유유제약1우,KOSPI,바이오·헬스케어,치매,제약업체,,,제약,2,제약업체 | 치매,,legacy_theme_inherited,중간
000227,유유제약2우B,KOSPI,바이오·헬스케어,치매,제약업체,,,제약,2,제약업체 | 치매,,legacy_theme_inherited,중간
001360,삼성제약,KOSPI,바이오·헬스케어,치매,제약업체,,,제약,2,제약업체 | 치매,,legacy_theme,높음
004310,현대약품,KOSPI,바이오·헬스케어,치매,제약업체,낙태/피임,탈모 치료,제약,4,낙태/피임 | 제약업체 | 치매 | 탈모 치료,,legacy_theme,높음
005500,삼진제약,KOSPI,바이오·헬스케어,치매,제약업체,,,제약,2,제약업체 | 치매,,legacy_theme,높음
012690,모나리자,KOSPI,바이오·헬스케어,치매,마스크,황사/미세먼지,,가정용품,5,日제품 불매운동(수혜) | 마스크 | 출산장려정책 | 치매 | 황사/미세먼지,日제품 불매운동(수혜) | 출산장려정책,legacy_theme,높음
016580,환인제약,KOSPI,바이오·헬스케어,치매,제약업체,,,제약,2,제약업체 | 치매,,legacy_theme,높음
017180,명문제약,KOSPI,바이오·헬스케어,치매,제약업체,낙태/피임,탈모 치료,제약,4,낙태/피임 | 제약업체 | 치매 | 탈모 치료,,legacy_theme,높음
317450,명인제약,KOSPI,바이오·헬스케어,치매,제약업체,,,제약,2,제약업체 | 치매,,legacy_theme,높음
377740,바이오노트,KOSPI,바이오·헬스케어,코로나19(진단키트),코로나19(진단/치료제/백신 개발 등),,,건강관리장비와용품,2,코로나19(진단/치료제/백신 개발 등) | 코로나19(진단키트),코로나19(진단/치료제/백신 개발 등) | 코로나19(진단키트),legacy_theme,높음
018260,삼성에스디에스,KOSPI,반도체·AI,AI 챗봇(챗GPT 등),클라우드 컴퓨팅,스마트팩토리(스마트공장),지능형로봇/인공지능(AI),IT서비스,7,AI 챗봇(챗GPT 등) | IT 대표주 | SI(시스템통합) | 블록체인 | 스마트팩토리(스마트공장) | 지능형로봇/인공지능(AI) | 클라우드 컴퓨팅,,legacy_theme,높음
072130,유엔젤,KOSPI,반도체·AI,AI 챗봇(챗GPT 등),클라우드 컴퓨팅,SNS(소셜네트워크서비스),모바일솔루션(스마트폰),IT서비스,7,AI 챗봇(챗GPT 등) | SNS(소셜네트워크서비스) | 교육/온라인 교육 | 모바일솔루션(스마트폰) | 재난/안전(지진/화재 등) | 출산장려정책 | 클라우드 컴퓨팅,재난/안전(지진/화재 등) | 출산장려정책,legacy_theme,높음
019680,대교,KOSPI,반도체·AI,CXL(컴퓨트익스프레스링크),엔젤산업,교육/온라인 교육,,교육서비스,4,CXL(컴퓨트익스프레스링크) | 교육/온라인 교육 | 엔젤산업 | 출산장려정책,출산장려정책,legacy_theme,높음
019685,대교우B,KOSPI,반도체·AI,CXL(컴퓨트익스프레스링크),엔젤산업,교육/온라인 교육,,교육서비스,4,CXL(컴퓨트익스프레스링크) | 교육/온라인 교육 | 엔젤산업 | 출산장려정책,출산장려정책,legacy_theme_inherited,중간
003160,디아이,KOSPI,반도체·AI,HBM(고대역폭메모리),시스템반도체,반도체 장비,,반도체와반도체장비,3,HBM(고대역폭메모리) | 반도체 장비 | 시스템반도체,,legacy_theme,높음
042700,한미반도체,KOSPI,반도체·AI,HBM(고대역폭메모리),시스템반도체,반도체 장비,전자파,반도체와반도체장비,7,HBM(고대역폭메모리) | 반도체 장비 | 밸류업(25년 기업가치 제고계획 발표) | 스페이스X(SpaceX) | 시스템반도체 | 전자파 | 코리아 밸류업 지수(Korea Value-up Index),밸류업(25년 기업가치 제고계획 발표) | 코리아 밸류업 지수(Korea Value-up Index),legacy_theme,높음
281820,케이씨텍,KOSPI,반도체·AI,HBM(고대역폭메모리),반도체 재료/부품,반도체 장비,,반도체와반도체장비,3,HBM(고대역폭메모리) | 반도체 장비 | 반도체 재료/부품,,legacy_theme,높음
005935,삼성전자우,KOSPI,반도체·AI,S7(삼성전자/SK하이닉스 등),,,,반도체와반도체장비,1,S7(삼성전자/SK하이닉스 등),,legacy_theme,높음
402340,SK스퀘어,KOSPI,반도체·AI,S7(삼성전자/SK하이닉스 등),모바일콘텐츠(스마트폰/태블릿PC),지주사,,반도체와반도체장비,5,S7(삼성전자/SK하이닉스 등) | 모바일콘텐츠(스마트폰/태블릿PC) | 밸류업(24년 기업가치 제고계획 발표) | 밸류업(25년 기업가치 제고계획 발표) | 지주사,밸류업(24년 기업가치 제고계획 발표) | 밸류업(25년 기업가치 제고계획 발표),legacy_theme,높음
010950,S-Oil,KOSPI,반도체·AI,냉각시스템(액침냉각 등),정유,윤활유,LPG(액화석유가스),석유와가스,7,LPG(액화석유가스) | 냉각시스템(액침냉각 등) | 밸류업(25년 기업가치 제고계획 발표) | 윤활유 | 정유 | 주유소 | 환율하락 수혜,밸류업(25년 기업가치 제고계획 발표) | 환율하락 수혜,legacy_theme,높음
010955,S-Oil우,KOSPI,반도체·AI,냉각시스템(액침냉각 등),정유,윤활유,LPG(액화석유가스),석유와가스,7,LPG(액화석유가스) | 냉각시스템(액침냉각 등) | 밸류업(25년 기업가치 제고계획 발표) | 윤활유 | 정유 | 주유소 | 환율하락 수혜,밸류업(25년 기업가치 제고계획 발표) | 환율하락 수혜,legacy_theme_inherited,중간
012450,한화에어로스페이스,KOSPI,반도체·AI,냉각시스템(액침냉각 등),항공기부품,드론(Drone),우주항공산업(누리호/인공위성 등),우주항공과국방,8,냉각시스템(액침냉각 등) | 드론(Drone) | 방위산업/전쟁 및 테러 | 밸류업(25년 기업가치 제고계획 발표) | 우주항공산업(누리호/인공위성 등) | 지능형로봇/인공지능(AI) | 코리아 밸류업 지수(Korea Value-up Index) | 항공기부품,밸류업(25년 기업가치 제고계획 발표) | 코리아 밸류업 지수(Korea Value-up Index),legacy_theme,높음
034730,SK,KOSPI,반도체·AI,냉각시스템(액침냉각 등),전기차(충전소/충전기),핀테크(FinTech),클라우드 컴퓨팅,석유와가스,12,LNG(액화천연가스) | SI(시스템통합) | 냉각시스템(액침냉각 등) | 밸류업(24년 기업가치 제고계획 발표) | 블록체인 | 수소에너지(수소차/연료전지 등) | 스마트팩토리(스마트공장) | 전기차(충전소/충전기) | 조림사업 | 지주사 | 클라우드 컴퓨팅 | 핀테크(FinTech),밸류업(24년 기업가치 제고계획 발표),legacy_theme,높음
078930,GS,KOSPI,반도체·AI,냉각시스템(액침냉각 등),정유,윤활유,LPG(액화석유가스),석유와가스,10,LNG(액화천연가스) | LPG(액화석유가스) | UAM(도심항공모빌리티) | 냉각시스템(액침냉각 등) | 밸류업(25년 기업가치 제고계획 발표) | 윤활유 | 자원개발 | 정유 | 주유소 | 지주사,밸류업(25년 기업가치 제고계획 발표),legacy_theme,높음
078935,GS우,KOSPI,반도체·AI,냉각시스템(액침냉각 등),정유,윤활유,LPG(액화석유가스),석유와가스,10,LNG(액화천연가스) | LPG(액화석유가스) | UAM(도심항공모빌리티) | 냉각시스템(액침냉각 등) | 밸류업(25년 기업가치 제고계획 발표) | 윤활유 | 자원개발 | 정유 | 주유소 | 지주사,밸류업(25년 기업가치 제고계획 발표),legacy_theme_inherited,중간
007660,이수페타시스,KOSPI,반도체·AI,반도체 기판(FC-BGA/PCB/MLB 등),AI 챗봇(챗GPT 등),우주항공산업(누리호/인공위성 등),5G(5세대 이동통신),반도체와반도체장비,6,5G(5세대 이동통신) | AI 챗봇(챗GPT 등) | PCB(FPCB 등) | 반도체 기판(FC-BGA/PCB/MLB 등) | 밸류업(25년 기업가치 제고계획 발표) | 우주항공산업(누리호/인공위성 등),밸류업(25년 기업가치 제고계획 발표),legacy_theme,높음
009150,삼성전기,KOSPI,반도체·AI,반도체 기판(FC-BGA/PCB/MLB 등),유리 기판,온디바이스 AI,2차전지(전고체),전자장비와기기,12,2차전지(전고체) | MLCC(적층세라믹콘덴서) | PCB(FPCB 등) | S7(삼성전자/SK하이닉스 등) | 갤럭시 부품주 | 반도체 기판(FC-BGA/PCB/MLB 등) | 아이폰 | 온디바이스 AI | 유리 기판 | 자율주행차 | 카메라모듈/부품 | 폴더블폰,,legacy_theme,높음
009155,삼성전기우,KOSPI,반도체·AI,반도체 기판(FC-BGA/PCB/MLB 등),유리 기판,온디바이스 AI,2차전지(전고체),전자장비와기기,12,2차전지(전고체) | MLCC(적층세라믹콘덴서) | PCB(FPCB 등) | S7(삼성전자/SK하이닉스 등) | 갤럭시 부품주 | 반도체 기판(FC-BGA/PCB/MLB 등) | 아이폰 | 온디바이스 AI | 유리 기판 | 자율주행차 | 카메라모듈/부품 | 폴더블폰,,legacy_theme_inherited,중간
000660,SK하이닉스,KOSPI,반도체·AI,반도체 대표주(생산),소캠(SOCAMM),CXL(컴퓨트익스프레스링크),전력반도체,반도체와반도체장비,13,CXL(컴퓨트익스프레스링크) | HBM(고대역폭메모리) | IT 대표주 | S7(삼성전자/SK하이닉스 등) | 반도체 대표주(생산) | 밸류업(24년 기업가치 제고계획 발표) | 소캠(SOCAMM) | 시스템반도체 | 아이폰 | 온디바이스 AI | 자율주행차 | 전력반도체 | 코리아 밸류업 지수(Korea Value-up Index),밸류업(24년 기업가치 제고계획 발표) | 코리아 밸류업 지수(Korea Value-up Index),legacy_theme,높음
000990,DB하이텍,KOSPI,반도체·AI,반도체 대표주(생산),전력반도체,시스템반도체,스마트카(SMART CAR),반도체와반도체장비,7,반도체 대표주(생산) | 밸류업(24년 기업가치 제고계획 발표) | 밸류업(25년 기업가치 제고계획 발표) | 스마트카(SMART CAR) | 시스템반도체 | 전력반도체 | 코리아 밸류업 지수(Korea Value-up Index),밸류업(24년 기업가치 제고계획 발표) | 밸류업(25년 기업가치 제고계획 발표) | 코리아 밸류업 지수(Korea Value-up Index),legacy_theme,높음
005930,삼성전자,KOSPI,반도체·AI,반도체 대표주(생산),뉴로모픽 반도체,소캠(SOCAMM),마이크로 LED,반도체와반도체장비,31,5G(5세대 이동통신) | CXL(컴퓨트익스프레스링크) | HBM(고대역폭메모리) | IT 대표주 | LED | NFT(대체불가토큰) | OLED(유기 발광 다이오드) | S7(삼성전자/SK하이닉스 등) | 가상현실(VR) | 갤럭시 부품주 | 고령화 사회(노인복지) | 공기청정기 | 뉴로모픽 반도체 | 마이크로 LED | 무선충전기술 | 반도체 대표주(생산) | 삼성페이 | 소캠(SOCAMM) | 스마트폰 | 스마트홈(홈네트워크) | 시스템반도체 | 아이폰 | 온디바이스 AI | 의료기기 | 자율주행차 | 전력반도체 | 제습기 | 코리아 밸류업 지수(Korea Value-up Index) | 폴더블폰 | 플렉서블 디스플레이 | 피지컬 AI/휴머노이드 로봇,코리아 밸류업 지수(Korea Value-up Index),legacy_theme,높음
029460,케이씨,KOSPI,반도체·AI,반도체 장비,,,,반도체와반도체장비,1,반도체 장비,,legacy_theme,높음
000150,두산,KOSPI,반도체·AI,반도체 재료/부품,로봇(산업용/협동로봇 등),지주사,,복합기업,3,로봇(산업용/협동로봇 등) | 반도체 재료/부품 | 지주사,,legacy_theme,높음
000155,두산우,KOSPI,반도체·AI,반도체 재료/부품,로봇(산업용/협동로봇 등),지주사,,복합기업,3,로봇(산업용/협동로봇 등) | 반도체 재료/부품 | 지주사,,legacy_theme_inherited,중간
000157,두산2우B,KOSPI,반도체·AI,반도체 재료/부품,로봇(산업용/협동로봇 등),지주사,,복합기업,3,로봇(산업용/협동로봇 등) | 반도체 재료/부품 | 지주사,,legacy_theme_inherited,중간
000390,SP삼화,KOSPI,반도체·AI,반도체 재료/부품,페인트,,,건축자재,2,반도체 재료/부품 | 페인트,,legacy_theme,높음
014680,한솔케미칼,KOSPI,반도체·AI,반도체 재료/부품,2차전지(소재/부품),OLED(유기 발광 다이오드),2차전지,화학,6,2차전지 | 2차전지(소재/부품) | OLED(유기 발광 다이오드) | 반도체 재료/부품 | 밸류업(25년 기업가치 제고계획 발표) | 코리아 밸류업 지수(Korea Value-up Index),밸류업(25년 기업가치 제고계획 발표) | 코리아 밸류업 지수(Korea Value-up Index),legacy_theme,높음
025000,KPX케미칼,KOSPI,반도체·AI,반도체 재료/부품,석유화학,,,화학,2,반도체 재료/부품 | 석유화학,,legacy_theme,높음
195870,해성디에스,KOSPI,반도체·AI,반도체 재료/부품,,,,반도체와반도체장비,1,반도체 재료/부품,,legacy_theme,높음
003120,일성아이에스,KOSPI,반도체·AI,"백신/진단시약/방역(신종플루, AI 등)",제약업체,,,제약,2,"백신/진단시약/방역(신종플루, AI 등) | 제약업체",,legacy_theme,높음
005250,녹십자홀딩스,KOSPI,반도체·AI,"백신/진단시약/방역(신종플루, AI 등)",원격진료/비대면진료(U-Healthcare),고령화 사회(노인복지),지주사,제약,4,"고령화 사회(노인복지) | 백신/진단시약/방역(신종플루, AI 등) | 원격진료/비대면진료(U-Healthcare) | 지주사",,legacy_theme,높음
005257,녹십자홀딩스2우,KOSPI,반도체·AI,"백신/진단시약/방역(신종플루, AI 등)",원격진료/비대면진료(U-Healthcare),고령화 사회(노인복지),지주사,제약,4,"고령화 사회(노인복지) | 백신/진단시약/방역(신종플루, AI 등) | 원격진료/비대면진료(U-Healthcare) | 지주사",,legacy_theme_inherited,중간
007570,일양약품,KOSPI,반도체·AI,"백신/진단시약/방역(신종플루, AI 등)",제약업체,,,제약,2,"백신/진단시약/방역(신종플루, AI 등) | 제약업체",,legacy_theme,높음
007575,일양약품우,KOSPI,반도체·AI,"백신/진단시약/방역(신종플루, AI 등)",제약업체,,,제약,2,"백신/진단시약/방역(신종플루, AI 등) | 제약업체",,legacy_theme_inherited,중간
019170,신풍제약,KOSPI,반도체·AI,"백신/진단시약/방역(신종플루, AI 등)",제약업체,,,제약,4,"백신/진단시약/방역(신종플루, AI 등) | 제약업체 | 코로나19(진단/치료제/백신 개발 등) | 코로나19(치료제/백신 개발 등)",코로나19(진단/치료제/백신 개발 등) | 코로나19(치료제/백신 개발 등),legacy_theme,높음
019175,신풍제약우,KOSPI,반도체·AI,"백신/진단시약/방역(신종플루, AI 등)",제약업체,,,제약,4,"백신/진단시약/방역(신종플루, AI 등) | 제약업체 | 코로나19(진단/치료제/백신 개발 등) | 코로나19(치료제/백신 개발 등)",코로나19(진단/치료제/백신 개발 등) | 코로나19(치료제/백신 개발 등),legacy_theme_inherited,중간
033250,체시스,KOSPI,반도체·AI,"백신/진단시약/방역(신종플루, AI 등)",자동차부품,비료,아프리카 돼지열병(ASF),자동차부품,4,"백신/진단시약/방역(신종플루, AI 등) | 비료 | 아프리카 돼지열병(ASF) | 자동차부품",,legacy_theme,높음
285130,SK케미칼,KOSPI,반도체·AI,"백신/진단시약/방역(신종플루, AI 등)",치매,석유화학,,화학,3,"백신/진단시약/방역(신종플루, AI 등) | 석유화학 | 치매",,legacy_theme,높음
302440,SK바이오사이언스,KOSPI,반도체·AI,"백신/진단시약/방역(신종플루, AI 등)",제약업체,,,제약,4,"백신/진단시약/방역(신종플루, AI 등) | 제약업체 | 코로나19(진단/치료제/백신 개발 등) | 코로나19(치료제/백신 개발 등)",코로나19(진단/치료제/백신 개발 등) | 코로나19(치료제/백신 개발 등),legacy_theme,높음
007810,코리아써키트,KOSPI,반도체·AI,소캠(SOCAMM),CXL(컴퓨트익스프레스링크),반도체 기판(FC-BGA/PCB/MLB 등),PCB(FPCB 등),전자장비와기기,5,CXL(컴퓨트익스프레스링크) | PCB(FPCB 등) | 갤럭시 부품주 | 반도체 기판(FC-BGA/PCB/MLB 등) | 소캠(SOCAMM),,legacy_theme,높음
353200,대덕전자,KOSPI,반도체·AI,소캠(SOCAMM),반도체 기판(FC-BGA/PCB/MLB 등),온디바이스 AI,5G(5세대 이동통신),전자장비와기기,6,5G(5세대 이동통신) | PCB(FPCB 등) | 반도체 기판(FC-BGA/PCB/MLB 등) | 소캠(SOCAMM) | 스마트폰 | 온디바이스 AI,,legacy_theme,높음
108320,LX세미콘,KOSPI,반도체·AI,시스템반도체,OLED(유기 발광 다이오드),아이폰,,디스플레이장비및부품,3,OLED(유기 발광 다이오드) | 시스템반도체 | 아이폰,,legacy_theme,높음
011790,SKC,KOSPI,반도체·AI,유리 기판,플렉서블 디스플레이,2차전지(소재/부품),전기차,화학,7,2차전지 | 2차전지(소재/부품) | 석유화학 | 유리 기판 | 전기차 | 폴더블폰 | 플렉서블 디스플레이,,legacy_theme,높음
092220,KEC,KOSPI,반도체·AI,전력반도체,반도체 재료/부품,전기차,,반도체와반도체장비,3,반도체 재료/부품 | 전기차 | 전력반도체,,legacy_theme,높음
006200,한국전자홀딩스,KOSPI,반도체·AI,쿠팡(coupang),지주사,,,반도체와반도체장비,2,지주사 | 쿠팡(coupang),,legacy_theme,높음
000850,화천기공,KOSPI,반도체·AI,피지컬 AI/휴머노이드 로봇,공작기계,,,기계,2,공작기계 | 피지컬 AI/휴머노이드 로봇,,legacy_theme,높음
086280,현대글로비스,KOSPI,반도체·AI,피지컬 AI/휴머노이드 로봇,종합 물류,,,항공화물운송과물류,4,밸류업(24년 기업가치 제고계획 발표) | 종합 물류 | 코리아 밸류업 지수(Korea Value-up Index) | 피지컬 AI/휴머노이드 로봇,밸류업(24년 기업가치 제고계획 발표) | 코리아 밸류업 지수(Korea Value-up Index),legacy_theme,높음
307950,현대오토에버,KOSPI,반도체·AI,피지컬 AI/휴머노이드 로봇,자율주행차,SI(시스템통합),,IT서비스,3,SI(시스템통합) | 자율주행차 | 피지컬 AI/휴머노이드 로봇,,legacy_theme,높음
111770,영원무역,KOSPI,소비·유통·패션,겨울,패션/의류,,,"섬유,의류,신발,호화품",3,겨울 | 밸류업(25년 기업가치 제고계획 발표) | 패션/의류,밸류업(25년 기업가치 제고계획 발표),legacy_theme,높음
069640,한세엠케이,KOSPI,소비·유통·패션,골프,패션/의류,,,"섬유,의류,신발,호화품",2,골프 | 패션/의류,,legacy_theme,높음
081660,미스토홀딩스,KOSPI,소비·유통·패션,골프,패션/의류,지주사,,"섬유,의류,신발,호화품",3,골프 | 지주사 | 패션/의류,,legacy_theme,높음
009270,신원,KOSPI,소비·유통·패션,남북경협,패션/의류,,,"섬유,의류,신발,호화품",2,남북경협 | 패션/의류,,legacy_theme,높음
014990,인디에프,KOSPI,소비·유통·패션,남북경협,패션/의류,,,"섬유,의류,신발,호화품",2,남북경협 | 패션/의류,,legacy_theme,높음
093240,형지엘리트,KOSPI,소비·유통·패션,남북경협,패션/의류,,,"섬유,의류,신발,호화품",2,남북경협 | 패션/의류,,legacy_theme,높음
002070,비비안,KOSPI,소비·유통·패션,마스크,패션/의류,,,"섬유,의류,신발,호화품",3,日제품 불매운동(수혜) | 마스크 | 패션/의류,日제품 불매운동(수혜),legacy_theme,높음
008770,호텔신라,KOSPI,소비·유통·패션,면세점,소매유통,호텔/리조트,,백화점과일반상점,3,면세점 | 소매유통 | 호텔/리조트,,legacy_theme,높음
008775,호텔신라우,KOSPI,소비·유통·패션,면세점,소매유통,호텔/리조트,,백화점과일반상점,3,면세점 | 소매유통 | 호텔/리조트,,legacy_theme_inherited,중간
012630,HDC,KOSPI,소비·유통·패션,면세점,지주사,,,건설,2,면세점 | 지주사,,legacy_theme,높음
214420,토니모리,KOSPI,소비·유통·패션,면세점,화장품,,,화장품,2,면세점 | 화장품,,legacy_theme,높음
004170,신세계,KOSPI,소비·유통·패션,백화점,면세점,소매유통,부동산 보유 자산주,백화점과일반상점,6,면세점 | 백화점 | 밸류업(24년 기업가치 제고계획 발표) | 부동산 보유 자산주 | 서울고속버스터미널 재개발 수혜 | 소매유통,밸류업(24년 기업가치 제고계획 발표) | 서울고속버스터미널 재개발 수혜,legacy_theme,높음
006370,대구백화점,KOSPI,소비·유통·패션,백화점,소매유통,,,백화점과일반상점,2,백화점 | 소매유통,,legacy_theme,높음
023530,롯데쇼핑,KOSPI,소비·유통·패션,백화점,영화,소매유통,홈쇼핑,백화점과일반상점,5,백화점 | 밸류업(24년 기업가치 제고계획 발표) | 소매유통 | 영화 | 홈쇼핑,밸류업(24년 기업가치 제고계획 발표),legacy_theme,높음
037710,광주신세계,KOSPI,소비·유통·패션,백화점,소매유통,,,백화점과일반상점,3,백화점 | 밸류업(24년 기업가치 제고계획 발표) | 소매유통,밸류업(24년 기업가치 제고계획 발표),legacy_theme,높음
069960,현대백화점,KOSPI,소비·유통·패션,백화점,면세점,소매유통,,백화점과일반상점,4,면세점 | 백화점 | 밸류업(24년 기업가치 제고계획 발표) | 소매유통,밸류업(24년 기업가치 제고계획 발표),legacy_theme,높음
452260,한화갤러리아,KOSPI,소비·유통·패션,백화점,소매유통,,,백화점과일반상점,2,백화점 | 소매유통,,legacy_theme,높음
000050,경방,KOSPI,소비·유통·패션,부동산 보유 자산주,,,,"섬유,의류,신발,호화품",1,부동산 보유 자산주,,legacy_theme,높음
001460,BYC,KOSPI,소비·유통·패션,부동산 보유 자산주,패션/의류,,,"섬유,의류,신발,호화품",3,日제품 불매운동(수혜) | 부동산 보유 자산주 | 패션/의류,日제품 불매운동(수혜),legacy_theme,높음
001465,BYC우,KOSPI,소비·유통·패션,부동산 보유 자산주,패션/의류,,,"섬유,의류,신발,호화품",3,日제품 불매운동(수혜) | 부동산 보유 자산주 | 패션/의류,日제품 불매운동(수혜),legacy_theme_inherited,중간
003200,일신방직,KOSPI,소비·유통·패션,부동산 보유 자산주,,,,"섬유,의류,신발,호화품",1,부동산 보유 자산주,,legacy_theme,높음
003610,방림,KOSPI,소비·유통·패션,부동산 보유 자산주,,,,"섬유,의류,신발,호화품",1,부동산 보유 자산주,,legacy_theme,높음
004060,SG세계물산,KOSPI,소비·유통·패션,부동산 보유 자산주,패션/의류,,,"섬유,의류,신발,호화품",2,부동산 보유 자산주 | 패션/의류,,legacy_theme,높음
005800,신영와코루,KOSPI,소비·유통·패션,부동산 보유 자산주,패션/의류,,,"섬유,의류,신발,호화품",2,부동산 보유 자산주 | 패션/의류,,legacy_theme,높음
007070,GS리테일,KOSPI,소비·유통·패션,소매유통,인터넷은행,홈쇼핑,편의점,백화점과일반상점,4,소매유통 | 인터넷은행 | 편의점 | 홈쇼핑,,legacy_theme,높음
067830,세이브존I&C,KOSPI,소비·유통·패션,소매유통,부동산 보유 자산주,,,백화점과일반상점,2,부동산 보유 자산주 | 소매유통,,legacy_theme,높음
071840,롯데하이마트,KOSPI,소비·유통·패션,소매유통,황사/미세먼지,여름,,전문소매,4,밸류업(24년 기업가치 제고계획 발표) | 소매유통 | 여름 | 황사/미세먼지,밸류업(24년 기업가치 제고계획 발표),legacy_theme,높음
139480,이마트,KOSPI,소비·유통·패션,소매유통,편의점,호텔/리조트,부동산 보유 자산주,백화점과일반상점,5,밸류업(25년 기업가치 제고계획 발표) | 부동산 보유 자산주 | 소매유통 | 편의점 | 호텔/리조트,밸류업(25년 기업가치 제고계획 발표),legacy_theme,높음
282330,BGF리테일,KOSPI,소비·유통·패션,소매유통,편의점,,,백화점과일반상점,4,밸류업(25년 기업가치 제고계획 발표) | 소매유통 | 코리아 밸류업 지수(Korea Value-up Index) | 편의점,밸류업(25년 기업가치 제고계획 발표) | 코리아 밸류업 지수(Korea Value-up Index),legacy_theme,높음
000950,전방,KOSPI,소비·유통·패션,"업종:섬유,의류,신발,호화품",,,,"섬유,의류,신발,호화품",0,,,industry_fallback,중간
001070,대한방직,KOSPI,소비·유통·패션,"업종:섬유,의류,신발,호화품",,,,"섬유,의류,신발,호화품",0,,,industry_fallback,중간
002170,SYTS,KOSPI,소비·유통·패션,"업종:섬유,의류,신발,호화품",,,,"섬유,의류,신발,호화품",0,,,industry_fallback,중간
004700,조광피혁,KOSPI,소비·유통·패션,"업종:섬유,의류,신발,호화품",,,,"섬유,의류,신발,호화품",0,,,industry_fallback,중간
008600,윌비스,KOSPI,소비·유통·패션,"업종:섬유,의류,신발,호화품",,,,"섬유,의류,신발,호화품",0,,,industry_fallback,중간
035150,백산,KOSPI,소비·유통·패션,"업종:섬유,의류,신발,호화품",,,,"섬유,의류,신발,호화품",0,,,industry_fallback,중간
007700,F&F홀딩스,KOSPI,소비·유통·패션,지주사,,,,"섬유,의류,신발,호화품",1,지주사,,legacy_theme,높음
009970,영원무역홀딩스,KOSPI,소비·유통·패션,지주사,,,,"섬유,의류,신발,호화품",2,밸류업(25년 기업가치 제고계획 발표) | 지주사,밸류업(25년 기업가치 제고계획 발표),legacy_theme,높음
004830,덕성,KOSPI,소비·유통·패션,초전도체,,,,"섬유,의류,신발,호화품",1,초전도체,,legacy_theme,높음
004835,덕성우,KOSPI,소비·유통·패션,초전도체,,,,"섬유,의류,신발,호화품",1,초전도체,,legacy_theme_inherited,중간
084680,이월드,KOSPI,소비·유통·패션,토스(toss),테마파크,,,"섬유,의류,신발,호화품",2,테마파크 | 토스(toss),,legacy_theme,높음
000680,LS네트웍스,KOSPI,소비·유통·패션,패션/의류,,,,증권,1,패션/의류,,legacy_theme,높음
005320,온타이드,KOSPI,소비·유통·패션,패션/의류,,,,"섬유,의류,신발,호화품",1,패션/의류,,legacy_theme,높음
006060,화승인더,KOSPI,소비·유통·패션,패션/의류,,,,"섬유,의류,신발,호화품",1,패션/의류,,legacy_theme,높음
007980,TP,KOSPI,소비·유통·패션,패션/의류,,,,"섬유,의류,신발,호화품",1,패션/의류,,legacy_theme,높음
016090,대현,KOSPI,소비·유통·패션,패션/의류,,,,"섬유,의류,신발,호화품",1,패션/의류,,legacy_theme,높음
020000,한섬,KOSPI,소비·유통·패션,패션/의류,,,,"섬유,의류,신발,호화품",2,밸류업(24년 기업가치 제고계획 발표) | 패션/의류,밸류업(24년 기업가치 제고계획 발표),legacy_theme,높음
084870,TBH글로벌,KOSPI,소비·유통·패션,패션/의류,,,,"섬유,의류,신발,호화품",2,日제품 불매운동(수혜) | 패션/의류,日제품 불매운동(수혜),legacy_theme,높음
088790,진도,KOSPI,소비·유통·패션,패션/의류,,,,"섬유,의류,신발,호화품",1,패션/의류,,legacy_theme,높음
093050,LF,KOSPI,소비·유통·패션,패션/의류,,,,"섬유,의류,신발,호화품",1,패션/의류,,legacy_theme,높음
105630,한세실업,KOSPI,소비·유통·패션,패션/의류,,,,"섬유,의류,신발,호화품",1,패션/의류,,legacy_theme,높음
111110,호전실업,KOSPI,소비·유통·패션,패션/의류,,,,"섬유,의류,신발,호화품",1,패션/의류,,legacy_theme,높음
111380,동인기연,KOSPI,소비·유통·패션,패션/의류,,,,"섬유,의류,신발,호화품",1,패션/의류,,legacy_theme,높음
241590,화승엔터프라이즈,KOSPI,소비·유통·패션,패션/의류,지주사,,,"섬유,의류,신발,호화품",2,지주사 | 패션/의류,,legacy_theme,높음
383220,F&F,KOSPI,소비·유통·패션,패션/의류,,,,"섬유,의류,신발,호화품",3,밸류업(25년 기업가치 제고계획 발표) | 코리아 밸류업 지수(Korea Value-up Index) | 패션/의류,밸류업(25년 기업가치 제고계획 발표) | 코리아 밸류업 지수(Korea Value-up Index),legacy_theme,높음
004990,롯데지주,KOSPI,소비·유통·패션,편의점,지주사,,,복합기업,3,밸류업(24년 기업가치 제고계획 발표) | 지주사 | 편의점,밸류업(24년 기업가치 제고계획 발표),legacy_theme,높음
003240,태광산업,KOSPI,소비·유통·패션,홈쇼핑,화학섬유,석유화학,,화학,3,석유화학 | 홈쇼핑 | 화학섬유,,legacy_theme,높음
002790,아모레퍼시픽홀딩스,KOSPI,소비·유통·패션,화장품,지주사,,,화장품,3,밸류업(24년 기업가치 제고계획 발표) | 지주사 | 화장품,밸류업(24년 기업가치 제고계획 발표),legacy_theme,높음
002795,아모레퍼시픽홀딩스우,KOSPI,소비·유통·패션,화장품,지주사,,,화장품,3,밸류업(24년 기업가치 제고계획 발표) | 지주사 | 화장품,밸류업(24년 기업가치 제고계획 발표),legacy_theme_inherited,중간
002840,미원상사,KOSPI,소비·유통·패션,화장품,,,,화학,2,코리아 밸류업 지수(Korea Value-up Index) | 화장품,코리아 밸류업 지수(Korea Value-up Index),legacy_theme,높음
003350,한국화장품제조,KOSPI,소비·유통·패션,화장품,,,,화장품,1,화장품,,legacy_theme,높음
003580,HLB글로벌,KOSPI,소비·유통·패션,화장품,,,,판매업체,1,화장품,,legacy_theme,높음
018250,애경산업,KOSPI,소비·유통·패션,화장품,마스크,,,화장품,3,마스크 | 밸류업(24년 기업가치 제고계획 발표) | 화장품,밸류업(24년 기업가치 제고계획 발표),legacy_theme,높음
021240,코웨이,KOSPI,소비·유통·패션,화장품,제습기,공기청정기,황사/미세먼지,가정용기기와용품,8,공기청정기 | 밸류업(25년 기업가치 제고계획 발표) | 수자원(양적/질적 개선) | 여름 | 제습기 | 코리아 밸류업 지수(Korea Value-up Index) | 화장품 | 황사/미세먼지,밸류업(25년 기업가치 제고계획 발표) | 코리아 밸류업 지수(Korea Value-up Index),legacy_theme,높음
024720,콜마홀딩스,KOSPI,소비·유통·패션,화장품,마이크로바이옴,지주사,,화장품,5,마이크로바이옴 | 밸류업(24년 기업가치 제고계획 발표) | 밸류업(25년 기업가치 제고계획 발표) | 지주사 | 화장품,밸류업(24년 기업가치 제고계획 발표) | 밸류업(25년 기업가치 제고계획 발표),legacy_theme,높음
025620,차AI헬스케어,KOSPI,소비·유통·패션,화장품,,,,화장품,1,화장품,,legacy_theme,높음
031430,신세계인터내셔날,KOSPI,소비·유통·패션,화장품,패션/의류,,,"섬유,의류,신발,호화품",3,밸류업(24년 기업가치 제고계획 발표) | 패션/의류 | 화장품,밸류업(24년 기업가치 제고계획 발표),legacy_theme,높음
078520,에이블씨엔씨,KOSPI,소비·유통·패션,화장품,,,,화장품,1,화장품,,legacy_theme,높음
090370,메타랩스,KOSPI,소비·유통·패션,화장품,탈모 치료,패션/의류,,상업서비스와공급품,3,탈모 치료 | 패션/의류 | 화장품,,legacy_theme,높음
090430,아모레퍼시픽,KOSPI,소비·유통·패션,화장품,마이크로바이옴,,,화장품,4,마이크로바이옴 | 밸류업(24년 기업가치 제고계획 발표) | 코리아 밸류업 지수(Korea Value-up Index) | 화장품,밸류업(24년 기업가치 제고계획 발표) | 코리아 밸류업 지수(Korea Value-up Index),legacy_theme,높음
090435,아모레퍼시픽우,KOSPI,소비·유통·패션,화장품,마이크로바이옴,,,화장품,4,마이크로바이옴 | 밸류업(24년 기업가치 제고계획 발표) | 코리아 밸류업 지수(Korea Value-up Index) | 화장품,밸류업(24년 기업가치 제고계획 발표) | 코리아 밸류업 지수(Korea Value-up Index),legacy_theme_inherited,중간
123690,한국화장품,KOSPI,소비·유통·패션,화장품,,,,화장품,1,화장품,,legacy_theme,높음
161890,한국콜마,KOSPI,소비·유통·패션,화장품,,,,화장품,1,화장품,,legacy_theme,높음
192820,코스맥스,KOSPI,소비·유통·패션,화장품,,,,화장품,3,밸류업(25년 기업가치 제고계획 발표) | 코리아 밸류업 지수(Korea Value-up Index) | 화장품,밸류업(25년 기업가치 제고계획 발표) | 코리아 밸류업 지수(Korea Value-up Index),legacy_theme,높음
226320,잇츠한불,KOSPI,소비·유통·패션,화장품,,,,화장품,1,화장품,,legacy_theme,높음
278470,에이피알,KOSPI,소비·유통·패션,화장품,미용기기,패션/의류,,화장품,3,미용기기 | 패션/의류 | 화장품,,legacy_theme,높음
483650,달바글로벌,KOSPI,소비·유통·패션,화장품,미용기기,,,화장품,2,미용기기 | 화장품,,legacy_theme,높음
032350,롯데관광개발,KOSPI,여행·레저·운송,여행,카지노,호텔/리조트,,"호텔,레스토랑,레저",3,여행 | 카지노 | 호텔/리조트,,legacy_theme,높음
039130,하나투어,KOSPI,여행·레저·운송,여행,,,,"호텔,레스토랑,레저",3,여행 | 코리아 밸류업 지수(Korea Value-up Index) | 환율하락 수혜,코리아 밸류업 지수(Korea Value-up Index) | 환율하락 수혜,legacy_theme,높음
000120,CJ대한통운,KOSPI,여행·레저·운송,종합 물류,,,,항공화물운송과물류,1,종합 물류,,legacy_theme,높음
002320,한진,KOSPI,여행·레저·운송,종합 물류,,,,항공화물운송과물류,1,종합 물류,,legacy_theme,높음
004360,세방,KOSPI,여행·레저·운송,종합 물류,,,,항공화물운송과물류,1,종합 물류,,legacy_theme,높음
004365,세방우,KOSPI,여행·레저·운송,종합 물류,,,,항공화물운송과물류,1,종합 물류,,legacy_theme_inherited,중간
009070,KCTC,KOSPI,여행·레저·운송,종합 물류,쿠팡(coupang),부동산 보유 자산주,,항공화물운송과물류,3,부동산 보유 자산주 | 종합 물류 | 쿠팡(coupang),,legacy_theme,높음
009180,한솔로지스틱스,KOSPI,여행·레저·운송,종합 물류,,,,항공화물운송과물류,1,종합 물류,,legacy_theme,높음
129260,인터지스,KOSPI,여행·레저·운송,종합 물류,,,,해운사,1,종합 물류,,legacy_theme,높음
034230,파라다이스,KOSPI,여행·레저·운송,카지노,호텔/리조트,,,"호텔,레스토랑,레저",3,밸류업(25년 기업가치 제고계획 발표) | 카지노 | 호텔/리조트,밸류업(25년 기업가치 제고계획 발표),legacy_theme,높음
035250,강원랜드,KOSPI,여행·레저·운송,카지노,호텔/리조트,,,"호텔,레스토랑,레저",4,밸류업(24년 기업가치 제고계획 발표) | 카지노 | 코리아 밸류업 지수(Korea Value-up Index) | 호텔/리조트,밸류업(24년 기업가치 제고계획 발표) | 코리아 밸류업 지수(Korea Value-up Index),legacy_theme,높음
114090,GKL,KOSPI,여행·레저·운송,카지노,,,,"호텔,레스토랑,레저",1,카지노,,legacy_theme,높음
014130,한익스프레스,KOSPI,여행·레저·운송,콜드체인(저온 유통),종합 물류,,,항공화물운송과물류,2,종합 물류 | 콜드체인(저온 유통),,legacy_theme,높음
004870,티웨이홀딩스,KOSPI,여행·레저·운송,항공/저가 항공사(LCC),,,,건축자재,1,항공/저가 항공사(LCC),,legacy_theme,높음
020560,아시아나항공,KOSPI,여행·레저·운송,항공/저가 항공사(LCC),,,,항공사,2,항공/저가 항공사(LCC) | 환율하락 수혜,환율하락 수혜,legacy_theme,높음
089590,제주항공,KOSPI,여행·레저·운송,항공/저가 항공사(LCC),UAM(도심항공모빌리티),,,항공사,3,UAM(도심항공모빌리티) | 밸류업(24년 기업가치 제고계획 발표) | 항공/저가 항공사(LCC),밸류업(24년 기업가치 제고계획 발표),legacy_theme,높음
091810,트리니티항공,KOSPI,여행·레저·운송,항공/저가 항공사(LCC),,,,항공사,1,항공/저가 항공사(LCC),,legacy_theme,높음
180640,한진칼,KOSPI,여행·레저·운송,항공/저가 항공사(LCC),지주사,,,항공사,4,밸류업(25년 기업가치 제고계획 발표) | 지주사 | 코리아 밸류업 지수(Korea Value-up Index) | 항공/저가 항공사(LCC),밸류업(25년 기업가치 제고계획 발표) | 코리아 밸류업 지수(Korea Value-up Index),legacy_theme,높음
272450,진에어,KOSPI,여행·레저·운송,항공/저가 항공사(LCC),,,,항공사,1,항공/저가 항공사(LCC),,legacy_theme,높음
298690,에어부산,KOSPI,여행·레저·운송,항공/저가 항공사(LCC),,,,항공사,1,항공/저가 항공사(LCC),,legacy_theme,높음
070960,모나용평,KOSPI,여행·레저·운송,호텔/리조트,골프,DMZ 평화공원,,"호텔,레스토랑,레저",3,DMZ 평화공원 | 골프 | 호텔/리조트,,legacy_theme,높음
194370,제이에스코퍼레이션,KOSPI,여행·레저·운송,호텔/리조트,패션/의류,,,"섬유,의류,신발,호화품",2,패션/의류 | 호텔/리조트,,legacy_theme,높음
499790,GS피앤엘,KOSPI,여행·레저·운송,호텔/리조트,지주사,,,"호텔,레스토랑,레저",2,지주사 | 호텔/리조트,,legacy_theme,높음
010820,퍼스텍,KOSPI,우주·방산·항공,드론(Drone),우주항공산업(누리호/인공위성 등),지능형로봇/인공지능(AI),로봇(산업용/협동로봇 등),우주항공과국방,8,DMZ 평화공원 | UAM(도심항공모빌리티) | 드론(Drone) | 로봇(산업용/협동로봇 등) | 방위산업/전쟁 및 테러 | 우주항공산업(누리호/인공위성 등) | 전후 재건(우크라/중동 전쟁 등) | 지능형로봇/인공지능(AI),,legacy_theme,높음
023800,인지컨트롤스,KOSPI,우주·방산·항공,드론(Drone),수소에너지(수소차/연료전지 등),전기차,자동차부품,자동차부품,6,남북경협 | 드론(Drone) | 수소에너지(수소차/연료전지 등) | 자동차부품 | 전기차 | 초전도체,,legacy_theme,높음
272210,한화시스템,KOSPI,우주·방산·항공,드론(Drone),우주항공산업(누리호/인공위성 등),방위산업/전쟁 및 테러,UAM(도심항공모빌리티),우주항공과국방,7,SI(시스템통합) | UAM(도심항공모빌리티) | 드론(Drone) | 방위산업/전쟁 및 테러 | 밸류업(25년 기업가치 제고계획 발표) | 우주항공산업(누리호/인공위성 등) | 코리아 밸류업 지수(Korea Value-up Index),밸류업(25년 기업가치 제고계획 발표) | 코리아 밸류업 지수(Korea Value-up Index),legacy_theme,높음
003570,SNT다이내믹스,KOSPI,우주·방산·항공,방위산업/전쟁 및 테러,자동차부품,공작기계,,자동차부품,3,공작기계 | 방위산업/전쟁 및 테러 | 자동차부품,,legacy_theme,높음
484870,엠앤씨솔루션,KOSPI,우주·방산·항공,방위산업/전쟁 및 테러,,,,우주항공과국방,1,방위산업/전쟁 및 테러,,legacy_theme,높음
009830,한화솔루션,KOSPI,우주·방산·항공,우주태양광(페로브스카이트 등),태양광에너지,수소에너지(수소차/연료전지 등),석유화학,에너지장비및서비스,5,日 수출 규제(국산화 등) | 석유화학 | 수소에너지(수소차/연료전지 등) | 우주태양광(페로브스카이트 등) | 태양광에너지,,legacy_theme,높음
009835,한화솔루션우,KOSPI,우주·방산·항공,우주태양광(페로브스카이트 등),태양광에너지,수소에너지(수소차/연료전지 등),석유화학,에너지장비및서비스,5,日 수출 규제(국산화 등) | 석유화학 | 수소에너지(수소차/연료전지 등) | 우주태양광(페로브스카이트 등) | 태양광에너지,,legacy_theme_inherited,중간
015760,한국전력,KOSPI,우주·방산·항공,우주태양광(페로브스카이트 등),전력설비,풍력에너지,태양광에너지,전기유틸리티,9,LNG(액화천연가스) | 남북경협 | 셰일가스(Shale Gas) | 우주태양광(페로브스카이트 등) | 원자력발전 | 전력설비 | 태양광에너지 | 풍력에너지 | 환율하락 수혜,환율하락 수혜,legacy_theme,높음
322000,HD현대에너지솔루션,KOSPI,우주·방산·항공,우주태양광(페로브스카이트 등),전력저장장치(ESS),태양광에너지,,에너지장비및서비스,3,우주태양광(페로브스카이트 등) | 전력저장장치(ESS) | 태양광에너지,,legacy_theme,높음
000880,한화,KOSPI,우주·방산·항공,우주항공산업(누리호/인공위성 등),태양광에너지,방위산업/전쟁 및 테러,지주사,복합기업,4,방위산업/전쟁 및 테러 | 우주항공산업(누리호/인공위성 등) | 지주사 | 태양광에너지,,legacy_theme,높음
023960,에쓰씨엔지니어링,KOSPI,우주·방산·항공,전후 재건(우크라/중동 전쟁 등),,,,건설,1,전후 재건(우크라/중동 전쟁 등),,legacy_theme,높음
163560,동일고무벨트,KOSPI,우주·방산·항공,전후 재건(우크라/중동 전쟁 등),,,,화학,1,전후 재건(우크라/중동 전쟁 등),,legacy_theme,높음
003490,대한항공,KOSPI,우주·방산·항공,항공기부품,드론(Drone),우주항공산업(누리호/인공위성 등),방위산업/전쟁 및 테러,항공사,10,UAM(도심항공모빌리티) | 드론(Drone) | 방위산업/전쟁 및 테러 | 밸류업(24년 기업가치 제고계획 발표) | 밸류업(25년 기업가치 제고계획 발표) | 우주항공산업(누리호/인공위성 등) | 코리아 밸류업 지수(Korea Value-up Index) | 항공/저가 항공사(LCC) | 항공기부품 | 환율하락 수혜,밸류업(24년 기업가치 제고계획 발표) | 밸류업(25년 기업가치 제고계획 발표) | 코리아 밸류업 지수(Korea Value-up Index) | 환율하락 수혜,legacy_theme,높음
003495,대한항공우,KOSPI,우주·방산·항공,항공기부품,드론(Drone),우주항공산업(누리호/인공위성 등),방위산업/전쟁 및 테러,항공사,10,UAM(도심항공모빌리티) | 드론(Drone) | 방위산업/전쟁 및 테러 | 밸류업(24년 기업가치 제고계획 발표) | 밸류업(25년 기업가치 제고계획 발표) | 우주항공산업(누리호/인공위성 등) | 코리아 밸류업 지수(Korea Value-up Index) | 항공/저가 항공사(LCC) | 항공기부품 | 환율하락 수혜,밸류업(24년 기업가치 제고계획 발표) | 밸류업(25년 기업가치 제고계획 발표) | 코리아 밸류업 지수(Korea Value-up Index) | 환율하락 수혜,legacy_theme_inherited,중간
005870,휴니드,KOSPI,우주·방산·항공,항공기부품,드론(Drone),방위산업/전쟁 및 테러,,우주항공과국방,3,드론(Drone) | 방위산업/전쟁 및 테러 | 항공기부품,,legacy_theme,높음
017960,한국카본,KOSPI,우주·방산·항공,항공기부품,조선기자재,셰일가스(Shale Gas),UAM(도심항공모빌리티),조선,5,LNG(액화천연가스) | UAM(도심항공모빌리티) | 셰일가스(Shale Gas) | 조선기자재 | 항공기부품,,legacy_theme,높음
047810,한국항공우주,KOSPI,우주·방산·항공,항공기부품,드론(Drone),우주항공산업(누리호/인공위성 등),방위산업/전쟁 및 테러,우주항공과국방,7,UAM(도심항공모빌리티) | 드론(Drone) | 방위산업/전쟁 및 테러 | 밸류업(25년 기업가치 제고계획 발표) | 우주항공산업(누리호/인공위성 등) | 코리아 밸류업 지수(Korea Value-up Index) | 항공기부품,밸류업(25년 기업가치 제고계획 발표) | 코리아 밸류업 지수(Korea Value-up Index),legacy_theme,높음
079550,LIG디펜스앤에어로스페이스,KOSPI,우주·방산·항공,항공기부품,드론(Drone),우주항공산업(누리호/인공위성 등),로봇(산업용/협동로봇 등),우주항공과국방,7,UAM(도심항공모빌리티) | 드론(Drone) | 로봇(산업용/협동로봇 등) | 방위산업/전쟁 및 테러 | 우주항공산업(누리호/인공위성 등) | 코리아 밸류업 지수(Korea Value-up Index) | 항공기부품,코리아 밸류업 지수(Korea Value-up Index),legacy_theme,높음
005740,크라운해태홀딩스,KOSPI,음식료·농업,DMZ 평화공원,지주사,,,식품,3,DMZ 평화공원 | 日제품 불매운동(수혜) | 지주사,日제품 불매운동(수혜),legacy_theme,높음
005745,크라운해태홀딩스우,KOSPI,음식료·농업,DMZ 평화공원,지주사,,,식품,3,DMZ 평화공원 | 日제품 불매운동(수혜) | 지주사,日제품 불매운동(수혜),legacy_theme_inherited,중간
001630,종근당홀딩스,KOSPI,음식료·농업,건강기능식품,지주사,,,제약,2,건강기능식품 | 지주사,,legacy_theme,높음
008490,서흥,KOSPI,음식료·농업,건강기능식품,,,,제약,1,건강기능식품,,legacy_theme,높음
033780,KT&G,KOSPI,음식료·농업,건강기능식품,,,,담배,3,건강기능식품 | 밸류업(24년 기업가치 제고계획 발표) | 코리아 밸류업 지수(Korea Value-up Index),밸류업(24년 기업가치 제고계획 발표) | 코리아 밸류업 지수(Korea Value-up Index),legacy_theme,높음
084690,대상홀딩스,KOSPI,음식료·농업,건강기능식품,지주사,,,식품,2,건강기능식품 | 지주사,,legacy_theme,높음
084695,대상홀딩스우,KOSPI,음식료·농업,건강기능식품,지주사,,,식품,2,건강기능식품 | 지주사,,legacy_theme_inherited,중간
003680,한성기업,KOSPI,음식료·농업,김밥(냉동김밥 등),수산,,,식품,3,구제역/광우병 수혜 | 김밥(냉동김밥 등) | 수산,구제역/광우병 수혜,legacy_theme,높음
003960,사조대림,KOSPI,음식료·농업,김밥(냉동김밥 등),수산,,,식품,3,구제역/광우병 수혜 | 김밥(냉동김밥 등) | 수산,구제역/광우병 수혜,legacy_theme,높음
011150,CJ씨푸드,KOSPI,음식료·농업,김밥(냉동김밥 등),수산,,,식품,3,구제역/광우병 수혜 | 김밥(냉동김밥 등) | 수산,구제역/광우병 수혜,legacy_theme,높음
011155,CJ씨푸드1우,KOSPI,음식료·농업,김밥(냉동김밥 등),수산,,,식품,3,구제역/광우병 수혜 | 김밥(냉동김밥 등) | 수산,구제역/광우병 수혜,legacy_theme_inherited,중간
000490,대동,KOSPI,음식료·농업,농업,로봇(산업용/협동로봇 등),태풍 및 장마,전후 재건(우크라/중동 전쟁 등),기계,4,농업 | 로봇(산업용/협동로봇 등) | 전후 재건(우크라/중동 전쟁 등) | 태풍 및 장마,,legacy_theme,높음
001390,KG케미칼,KOSPI,음식료·농업,농업,2차전지(소재/부품),2차전지,요소수,자동차,7,2차전지 | 2차전지(소재/부품) | 농업 | 밸류업(25년 기업가치 제고계획 발표) | 비료 | 수자원(양적/질적 개선) | 요소수,밸류업(25년 기업가치 제고계획 발표),legacy_theme,높음
001550,조비,KOSPI,음식료·농업,농업,태풍 및 장마,비료,여름,화학,5,남북경협 | 농업 | 비료 | 여름 | 태풍 및 장마,,legacy_theme,높음
002100,경농,KOSPI,음식료·농업,농업,태풍 및 장마,남북경협,,화학,3,남북경협 | 농업 | 태풍 및 장마,,legacy_theme,높음
002900,TYM,KOSPI,음식료·농업,농업,전후 재건(우크라/중동 전쟁 등),,,기계,2,농업 | 전후 재건(우크라/중동 전쟁 등),,legacy_theme,높음
003080,SB성보,KOSPI,음식료·농업,농업,,,,화학,1,농업,,legacy_theme,높음
004000,롯데정밀화학,KOSPI,음식료·농업,농업,반도체 재료/부품,요소수,태풍 및 장마,화학,6,남북경협 | 농업 | 반도체 재료/부품 | 비료 | 요소수 | 태풍 및 장마,,legacy_theme,높음
007590,동방아그로,KOSPI,음식료·농업,농업,태풍 및 장마,,,화학,2,농업 | 태풍 및 장마,,legacy_theme,높음
025860,남해화학,KOSPI,음식료·농업,농업,태풍 및 장마,비료,주유소,화학,6,남북경협 | 농업 | 비료 | 여름 | 주유소 | 태풍 및 장마,,legacy_theme,높음
036580,팜스코,KOSPI,음식료·농업,마켓컬리(kurly),사료,아프리카 돼지열병(ASF),,식품,3,마켓컬리(kurly) | 사료 | 아프리카 돼지열병(ASF),,legacy_theme,높음
002140,고려산업,KOSPI,음식료·농업,사료,,,,식품,1,사료,,legacy_theme,높음
006980,우성,KOSPI,음식료·농업,사료,아프리카 돼지열병(ASF),,,식품,3,구제역/광우병 수혜 | 사료 | 아프리카 돼지열병(ASF),구제역/광우병 수혜,legacy_theme,높음
136490,선진,KOSPI,음식료·농업,사료,아프리카 돼지열병(ASF),,,식품,2,사료 | 아프리카 돼지열병(ASF),,legacy_theme,높음
004970,신라교역,KOSPI,음식료·농업,수산,,,,식품,2,구제역/광우병 수혜 | 수산,구제역/광우병 수혜,legacy_theme,높음
006040,동원산업,KOSPI,음식료·농업,수산,부동산 보유 자산주,지주사,,식품,6,구제역/광우병 수혜 | 밸류업(24년 기업가치 제고계획 발표) | 부동산 보유 자산주 | 서울고속버스터미널 재개발 수혜 | 수산 | 지주사,구제역/광우병 수혜 | 밸류업(24년 기업가치 제고계획 발표) | 서울고속버스터미널 재개발 수혜,legacy_theme,높음
006090,사조오양,KOSPI,음식료·농업,수산,,,,식품,2,구제역/광우병 수혜 | 수산,구제역/광우병 수혜,legacy_theme,높음
007160,사조산업,KOSPI,음식료·농업,수산,,,,식품,2,구제역/광우병 수혜 | 수산,구제역/광우병 수혜,legacy_theme,높음
014710,사조씨푸드,KOSPI,음식료·농업,수산,,,,식품,1,수산,,legacy_theme,높음
030720,동원수산,KOSPI,음식료·농업,수산,,,,식품,2,구제역/광우병 수혜 | 수산,구제역/광우병 수혜,legacy_theme,높음
002760,보락,KOSPI,음식료·농업,업종:식품,,,,식품,0,,,industry_fallback,중간
227840,현대코퍼레이션홀딩스,KOSPI,음식료·농업,업종:식품과기본식료품소매,,,,식품과기본식료품소매,0,,,industry_fallback,중간
027740,마니커,KOSPI,음식료·농업,육계,여름,아프리카 돼지열병(ASF),,식품,5,"구제역/광우병 수혜 | 스포츠행사 수혜(올림픽, 월드컵 등) | 아프리카 돼지열병(ASF) | 여름 | 육계","구제역/광우병 수혜 | 스포츠행사 수혜(올림픽, 월드컵 등)",legacy_theme,높음
000080,하이트진로,KOSPI,음식료·농업,음식료업종,"주류업(주정, 에탄올 등)",여름,,음료,6,"日제품 불매운동(수혜) | 스포츠행사 수혜(올림픽, 월드컵 등) | 여름 | 음식료업종 | 주류업(주정, 에탄올 등) | 환율하락 수혜","日제품 불매운동(수혜) | 스포츠행사 수혜(올림픽, 월드컵 등) | 환율하락 수혜",legacy_theme,높음
000087,하이트진로2우B,KOSPI,음식료·농업,음식료업종,"주류업(주정, 에탄올 등)",여름,,음료,6,"日제품 불매운동(수혜) | 스포츠행사 수혜(올림픽, 월드컵 등) | 여름 | 음식료업종 | 주류업(주정, 에탄올 등) | 환율하락 수혜","日제품 불매운동(수혜) | 스포츠행사 수혜(올림픽, 월드컵 등) | 환율하락 수혜",legacy_theme_inherited,중간
000140,하이트진로홀딩스,KOSPI,음식료·농업,음식료업종,"주류업(주정, 에탄올 등)",지주사,,음료,5,"日제품 불매운동(수혜) | 스포츠행사 수혜(올림픽, 월드컵 등) | 음식료업종 | 주류업(주정, 에탄올 등) | 지주사","日제품 불매운동(수혜) | 스포츠행사 수혜(올림픽, 월드컵 등)",legacy_theme,높음
000145,하이트진로홀딩스우,KOSPI,음식료·농업,음식료업종,"주류업(주정, 에탄올 등)",지주사,,음료,5,"日제품 불매운동(수혜) | 스포츠행사 수혜(올림픽, 월드컵 등) | 음식료업종 | 주류업(주정, 에탄올 등) | 지주사","日제품 불매운동(수혜) | 스포츠행사 수혜(올림픽, 월드컵 등)",legacy_theme_inherited,중간
001130,대한제분,KOSPI,음식료·농업,음식료업종,,,,식품,2,음식료업종 | 환율하락 수혜,환율하락 수혜,legacy_theme,높음
001420,태원물산,KOSPI,음식료·농업,음식료업종,자동차부품,,,자동차부품,2,음식료업종 | 자동차부품,,legacy_theme,높음
001680,대상,KOSPI,음식료·농업,음식료업종,,,,식품,2,음식료업종 | 환율하락 수혜,환율하락 수혜,legacy_theme,높음
001685,대상우,KOSPI,음식료·농업,음식료업종,,,,식품,2,음식료업종 | 환율하락 수혜,환율하락 수혜,legacy_theme_inherited,중간
001790,대한제당,KOSPI,음식료·농업,음식료업종,사료,,,식품,3,사료 | 음식료업종 | 환율하락 수혜,환율하락 수혜,legacy_theme,높음
001795,대한제당우,KOSPI,음식료·농업,음식료업종,사료,,,식품,3,사료 | 음식료업종 | 환율하락 수혜,환율하락 수혜,legacy_theme_inherited,중간
002600,조흥,KOSPI,음식료·농업,음식료업종,,,,식품,1,음식료업종,,legacy_theme,높음
003230,삼양식품,KOSPI,음식료·농업,음식료업종,,,,식품,3,밸류업(25년 기업가치 제고계획 발표) | 음식료업종 | 코리아 밸류업 지수(Korea Value-up Index),밸류업(25년 기업가치 제고계획 발표) | 코리아 밸류업 지수(Korea Value-up Index),legacy_theme,높음
003920,남양유업,KOSPI,음식료·농업,음식료업종,엔젤산업,,,식품,3,엔젤산업 | 음식료업종 | 출산장려정책,출산장려정책,legacy_theme,높음
003925,남양유업우,KOSPI,음식료·농업,음식료업종,엔젤산업,,,식품,3,엔젤산업 | 음식료업종 | 출산장려정책,출산장려정책,legacy_theme_inherited,중간
004370,농심,KOSPI,음식료·농업,음식료업종,,,,식품,3,밸류업(25년 기업가치 제고계획 발표) | 음식료업종 | 환율하락 수혜,밸류업(25년 기업가치 제고계획 발표) | 환율하락 수혜,legacy_theme,높음
004410,서울식품,KOSPI,음식료·농업,음식료업종,쿠팡(coupang),,,식품,2,음식료업종 | 쿠팡(coupang),,legacy_theme,높음
004415,서울식품우,KOSPI,음식료·농업,음식료업종,쿠팡(coupang),,,식품,2,음식료업종 | 쿠팡(coupang),,legacy_theme_inherited,중간
005180,빙그레,KOSPI,음식료·농업,음식료업종,여름,,,식품,3,여름 | 음식료업종 | 코리아 밸류업 지수(Korea Value-up Index),코리아 밸류업 지수(Korea Value-up Index),legacy_theme,높음
005300,롯데칠성,KOSPI,음식료·농업,음식료업종,"주류업(주정, 에탄올 등)",부동산 보유 자산주,여름,음료,6,"밸류업(24년 기업가치 제고계획 발표) | 부동산 보유 자산주 | 여름 | 음식료업종 | 주류업(주정, 에탄올 등) | 코리아 밸류업 지수(Korea Value-up Index)",밸류업(24년 기업가치 제고계획 발표) | 코리아 밸류업 지수(Korea Value-up Index),legacy_theme,높음
005305,롯데칠성우,KOSPI,음식료·농업,음식료업종,"주류업(주정, 에탄올 등)",부동산 보유 자산주,여름,음료,6,"밸류업(24년 기업가치 제고계획 발표) | 부동산 보유 자산주 | 여름 | 음식료업종 | 주류업(주정, 에탄올 등) | 코리아 밸류업 지수(Korea Value-up Index)",밸류업(24년 기업가치 제고계획 발표) | 코리아 밸류업 지수(Korea Value-up Index),legacy_theme_inherited,중간
005610,삼립,KOSPI,음식료·농업,음식료업종,겨울,,,식품,2,겨울 | 음식료업종,,legacy_theme,높음
006880,신송홀딩스,KOSPI,음식료·농업,음식료업종,콩/대두,지주사,,식품과기본식료품소매,3,음식료업종 | 지주사 | 콩/대두,,legacy_theme,높음
007310,오뚜기,KOSPI,음식료·농업,음식료업종,,,,식품,2,음식료업종 | 환율하락 수혜,환율하락 수혜,legacy_theme,높음
008040,사조동아원,KOSPI,음식료·농업,음식료업종,사료,,,식품,2,사료 | 음식료업종,,legacy_theme,높음
017810,풀무원,KOSPI,음식료·농업,음식료업종,콩/대두,김밥(냉동김밥 등),지주사,식품,5,김밥(냉동김밥 등) | 밸류업(25년 기업가치 제고계획 발표) | 음식료업종 | 지주사 | 콩/대두,밸류업(25년 기업가치 제고계획 발표),legacy_theme,높음
026960,동서,KOSPI,음식료·농업,음식료업종,,,,식품,2,음식료업종 | 코리아 밸류업 지수(Korea Value-up Index),코리아 밸류업 지수(Korea Value-up Index),legacy_theme,높음
051900,LG생활건강,KOSPI,음식료·농업,음식료업종,화장품,마이크로바이옴,여름,화장품,6,건강기능식품 | 마이크로바이옴 | 밸류업(24년 기업가치 제고계획 발표) | 여름 | 음식료업종 | 화장품,밸류업(24년 기업가치 제고계획 발표),legacy_theme,높음
051905,LG생활건강우,KOSPI,음식료·농업,음식료업종,화장품,마이크로바이옴,여름,화장품,6,건강기능식품 | 마이크로바이옴 | 밸류업(24년 기업가치 제고계획 발표) | 여름 | 음식료업종 | 화장품,밸류업(24년 기업가치 제고계획 발표),legacy_theme_inherited,중간
097950,CJ제일제당,KOSPI,음식료·농업,음식료업종,,,,식품,2,음식료업종 | 환율하락 수혜,환율하락 수혜,legacy_theme,높음
097955,CJ제일제당 우,KOSPI,음식료·농업,음식료업종,,,,식품,2,음식료업종 | 환율하락 수혜,환율하락 수혜,legacy_theme_inherited,중간
101530,해태제과식품,KOSPI,음식료·농업,음식료업종,,,,식품,2,日제품 불매운동(수혜) | 음식료업종,日제품 불매운동(수혜),legacy_theme,높음
145990,삼양사,KOSPI,음식료·농업,음식료업종,수소에너지(수소차/연료전지 등),석유화학,,식품,3,석유화학 | 수소에너지(수소차/연료전지 등) | 음식료업종,,legacy_theme,높음
145995,삼양사우,KOSPI,음식료·농업,음식료업종,수소에너지(수소차/연료전지 등),석유화학,,식품,3,석유화학 | 수소에너지(수소차/연료전지 등) | 음식료업종,,legacy_theme_inherited,중간
248170,샘표식품,KOSPI,음식료·농업,음식료업종,콩/대두,,,식품,2,음식료업종 | 콩/대두,,legacy_theme,높음
264900,크라운제과,KOSPI,음식료·농업,음식료업종,,,,식품,2,日제품 불매운동(수혜) | 음식료업종,日제품 불매운동(수혜),legacy_theme,높음
271560,오리온,KOSPI,음식료·농업,음식료업종,,,,식품,4,밸류업(25년 기업가치 제고계획 발표) | 음식료업종 | 코리아 밸류업 지수(Korea Value-up Index) | 환율하락 수혜,밸류업(25년 기업가치 제고계획 발표) | 코리아 밸류업 지수(Korea Value-up Index) | 환율하락 수혜,legacy_theme,높음
280360,롯데웰푸드,KOSPI,음식료·농업,음식료업종,여름,,,식품,3,밸류업(24년 기업가치 제고계획 발표) | 여름 | 음식료업종,밸류업(24년 기업가치 제고계획 발표),legacy_theme,높음
339770,교촌에프앤비,KOSPI,음식료·농업,음식료업종,육계,,,식품,2,육계 | 음식료업종,,legacy_theme,높음
453340,현대그린푸드,KOSPI,음식료·농업,음식료업종,,,,식품,2,밸류업(24년 기업가치 제고계획 발표) | 음식료업종,밸류업(24년 기업가치 제고계획 발표),legacy_theme,높음
475560,더본코리아,KOSPI,음식료·농업,음식료업종,,,,"호텔,레스토랑,레저",1,음식료업종,,legacy_theme,높음
000890,보해양조,KOSPI,음식료·농업,"주류업(주정, 에탄올 등)",여름,,,음료,3,"日제품 불매운동(수혜) | 여름 | 주류업(주정, 에탄올 등)",日제품 불매운동(수혜),legacy_theme,높음
023150,MH에탄올,KOSPI,음식료·농업,"주류업(주정, 에탄올 등)",,,,음료,1,"주류업(주정, 에탄올 등)",,legacy_theme,높음
033920,무학,KOSPI,음식료·농업,"주류업(주정, 에탄올 등)",,,,음료,2,"밸류업(25년 기업가치 제고계획 발표) | 주류업(주정, 에탄올 등)",밸류업(25년 기업가치 제고계획 발표),legacy_theme,높음
001800,오리온홀딩스,KOSPI,음식료·농업,지주사,,,,식품,1,지주사,,legacy_theme,높음
072710,농심홀딩스,KOSPI,음식료·농업,지주사,,,,식품,1,지주사,,legacy_theme,높음
007540,샘표,KOSPI,음식료·농업,콩/대두,지주사,,,식품,2,지주사 | 콩/대두,,legacy_theme,높음
000700,유수홀딩스,KOSPI,인터넷·SW·클라우드,블록체인,지주사,,,항공화물운송과물류,2,블록체인 | 지주사,,legacy_theme,높음
016450,한세예스24홀딩스,KOSPI,인터넷·SW·클라우드,인터넷은행,카카오뱅크(kakao BANK),지주사,,"섬유,의류,신발,호화품",3,인터넷은행 | 지주사 | 카카오뱅크(kakao BANK),,legacy_theme,높음
030190,NICE평가정보,KOSPI,인터넷·SW·클라우드,인터넷은행,마이데이터,,,상업서비스와공급품,4,마이데이터 | 밸류업(25년 기업가치 제고계획 발표) | 인터넷은행 | 코리아 밸류업 지수(Korea Value-up Index),밸류업(25년 기업가치 제고계획 발표) | 코리아 밸류업 지수(Korea Value-up Index),legacy_theme,높음
012030,DB,KOSPI,인터넷·SW·클라우드,클라우드 컴퓨팅,교육/온라인 교육,SI(시스템통합),지주사,IT서비스,4,SI(시스템통합) | 교육/온라인 교육 | 지주사 | 클라우드 컴퓨팅,,legacy_theme,높음
023590,다우기술,KOSPI,인터넷·SW·클라우드,클라우드 컴퓨팅,SI(시스템통합),,,증권,2,SI(시스템통합) | 클라우드 컴퓨팅,,legacy_theme,높음
064400,LG씨엔에스,KOSPI,인터넷·SW·클라우드,클라우드 컴퓨팅,스마트팩토리(스마트공장),스테이블코인,SI(시스템통합),IT서비스,4,SI(시스템통합) | 스마트팩토리(스마트공장) | 스테이블코인 | 클라우드 컴퓨팅,,legacy_theme,높음
094280,효성ITX,KOSPI,인터넷·SW·클라우드,클라우드 컴퓨팅,스마트팩토리(스마트공장),재택근무/스마트워크,삼성페이,상업서비스와공급품,4,삼성페이 | 스마트팩토리(스마트공장) | 재택근무/스마트워크 | 클라우드 컴퓨팅,,legacy_theme,높음
377300,카카오페이,KOSPI,인터넷·SW·클라우드,핀테크(FinTech),화폐/금융자동화기기(디지털화폐 등),전자결제(전자화폐),스테이블코인,IT서비스,4,스테이블코인 | 전자결제(전자화폐) | 핀테크(FinTech) | 화폐/금융자동화기기(디지털화폐 등),,legacy_theme,높음
381970,케이카,KOSPI,자동차·부품,렌터카,,,,자동차,2,렌터카 | 코리아 밸류업 지수(Korea Value-up Index),코리아 밸류업 지수(Korea Value-up Index),legacy_theme,높음
000040,KR모터스,KOSPI,자동차·부품,업종:자동차,,,,자동차,0,,,industry_fallback,중간
000300,DH오토넥스,KOSPI,자동차·부품,업종:자동차부품,,,,자동차부품,0,,,industry_fallback,중간
005030,부산주공,KOSPI,자동차·부품,업종:자동차부품,,,,자동차부품,0,,,industry_fallback,중간
011330,유니켐,KOSPI,자동차·부품,업종:자동차부품,,,,자동차부품,0,,,industry_fallback,중간
013520,화승코퍼레이션,KOSPI,자동차·부품,업종:자동차부품,,,,자동차부품,0,,,industry_fallback,중간
143210,핸즈코퍼레이션,KOSPI,자동차·부품,업종:자동차부품,,,,자동차부품,0,,,industry_fallback,중간
145210,다이나믹디자인,KOSPI,자동차·부품,업종:자동차부품,,,,자동차부품,0,,,industry_fallback,중간
000270,기아,KOSPI,자동차·부품,자동차 대표주,전기차(충전소/충전기),피지컬 AI/휴머노이드 로봇,자율주행차,자동차,9,방위산업/전쟁 및 테러 | 밸류업(24년 기업가치 제고계획 발표) | 수소에너지(수소차/연료전지 등) | 자동차 대표주 | 자율주행차 | 전기차 | 전기차(충전소/충전기) | 코리아 밸류업 지수(Korea Value-up Index) | 피지컬 AI/휴머노이드 로봇,밸류업(24년 기업가치 제고계획 발표) | 코리아 밸류업 지수(Korea Value-up Index),legacy_theme,높음
003620,KG모빌리티,KOSPI,자동차·부품,자동차 대표주,자율주행차,전기차,,자동차,3,자동차 대표주 | 자율주행차 | 전기차,,legacy_theme,높음
005380,현대차,KOSPI,자동차·부품,자동차 대표주,전기차(충전소/충전기),피지컬 AI/휴머노이드 로봇,자율주행차,자동차,11,UAM(도심항공모빌리티) | 메타버스(Metaverse) | 밸류업(24년 기업가치 제고계획 발표) | 수소에너지(수소차/연료전지 등) | 자동차 대표주 | 자율주행차 | 전기차 | 전기차(충전소/충전기) | 코리아 밸류업 지수(Korea Value-up Index) | 폐배터리 | 피지컬 AI/휴머노이드 로봇,밸류업(24년 기업가치 제고계획 발표) | 코리아 밸류업 지수(Korea Value-up Index),legacy_theme,높음
005385,현대차우,KOSPI,자동차·부품,자동차 대표주,전기차(충전소/충전기),피지컬 AI/휴머노이드 로봇,자율주행차,자동차,11,UAM(도심항공모빌리티) | 메타버스(Metaverse) | 밸류업(24년 기업가치 제고계획 발표) | 수소에너지(수소차/연료전지 등) | 자동차 대표주 | 자율주행차 | 전기차 | 전기차(충전소/충전기) | 코리아 밸류업 지수(Korea Value-up Index) | 폐배터리 | 피지컬 AI/휴머노이드 로봇,밸류업(24년 기업가치 제고계획 발표) | 코리아 밸류업 지수(Korea Value-up Index),legacy_theme_inherited,중간
005387,현대차2우B,KOSPI,자동차·부품,자동차 대표주,전기차(충전소/충전기),피지컬 AI/휴머노이드 로봇,자율주행차,자동차,11,UAM(도심항공모빌리티) | 메타버스(Metaverse) | 밸류업(24년 기업가치 제고계획 발표) | 수소에너지(수소차/연료전지 등) | 자동차 대표주 | 자율주행차 | 전기차 | 전기차(충전소/충전기) | 코리아 밸류업 지수(Korea Value-up Index) | 폐배터리 | 피지컬 AI/휴머노이드 로봇,밸류업(24년 기업가치 제고계획 발표) | 코리아 밸류업 지수(Korea Value-up Index),legacy_theme_inherited,중간
005389,현대차3우B,KOSPI,자동차·부품,자동차 대표주,전기차(충전소/충전기),피지컬 AI/휴머노이드 로봇,자율주행차,자동차,11,UAM(도심항공모빌리티) | 메타버스(Metaverse) | 밸류업(24년 기업가치 제고계획 발표) | 수소에너지(수소차/연료전지 등) | 자동차 대표주 | 자율주행차 | 전기차 | 전기차(충전소/충전기) | 코리아 밸류업 지수(Korea Value-up Index) | 폐배터리 | 피지컬 AI/휴머노이드 로봇,밸류업(24년 기업가치 제고계획 발표) | 코리아 밸류업 지수(Korea Value-up Index),legacy_theme_inherited,중간
011210,현대위아,KOSPI,자동차·부품,자동차 대표주,항공기부품,피지컬 AI/휴머노이드 로봇,방위산업/전쟁 및 테러,자동차부품,6,방위산업/전쟁 및 테러 | 자동차 대표주 | 자동차부품 | 전기차 | 피지컬 AI/휴머노이드 로봇 | 항공기부품,,legacy_theme,높음
012330,현대모비스,KOSPI,자동차·부품,자동차 대표주,피지컬 AI/휴머노이드 로봇,자율주행차,전기차,자동차부품,9,밸류업(24년 기업가치 제고계획 발표) | 스마트카(SMART CAR) | 음성인식 | 자동차 대표주 | 자동차부품 | 자율주행차 | 전기차 | 코리아 밸류업 지수(Korea Value-up Index) | 피지컬 AI/휴머노이드 로봇,밸류업(24년 기업가치 제고계획 발표) | 코리아 밸류업 지수(Korea Value-up Index),legacy_theme,높음
018880,한온시스템,KOSPI,자동차·부품,자동차 대표주,수소에너지(수소차/연료전지 등),전기차,자동차부품,자동차부품,4,수소에너지(수소차/연료전지 등) | 자동차 대표주 | 자동차부품 | 전기차,,legacy_theme,높음
204320,HL만도,KOSPI,자동차·부품,자동차 대표주,자율주행차,로봇(산업용/협동로봇 등),전기차,자동차부품,7,로봇(산업용/협동로봇 등) | 리비안(RIVIAN) | 스마트카(SMART CAR) | 자동차 대표주 | 자동차부품 | 자율주행차 | 전기차,,legacy_theme,높음
001380,SG글로벌,KOSPI,자동차·부품,자동차부품,,,,자동차부품,1,자동차부품,,legacy_theme,높음
001620,케이비아이동국실업,KOSPI,자동차·부품,자동차부품,,,,자동차부품,1,자동차부품,,legacy_theme,높음
002880,디와이에이,KOSPI,자동차·부품,자동차부품,리비안(RIVIAN),,,자동차부품,2,리비안(RIVIAN) | 자동차부품,,legacy_theme,높음
002920,유성기업,KOSPI,자동차·부품,자동차부품,,,,자동차부품,1,자동차부품,,legacy_theme,높음
004100,태양금속,KOSPI,자동차·부품,자동차부품,,,,자동차부품,1,자동차부품,,legacy_theme,높음
004105,태양금속우,KOSPI,자동차·부품,자동차부품,,,,자동차부품,1,자동차부품,,legacy_theme_inherited,중간
006660,삼성공조,KOSPI,자동차·부품,자동차부품,,,,자동차부품,1,자동차부품,,legacy_theme,높음
007340,DN오토모티브,KOSPI,자동차·부품,자동차부품,지주사,,,자동차부품,2,자동차부품 | 지주사,,legacy_theme,높음
010100,한국무브넥스,KOSPI,자동차·부품,자동차부품,,,,자동차부품,1,자동차부품,,legacy_theme,높음
010580,에스엠벡셀,KOSPI,자동차·부품,자동차부품,,,,자동차부품,1,자동차부품,,legacy_theme,높음
010660,화천기계,KOSPI,자동차·부품,자동차부품,공작기계,,,기계,2,공작기계 | 자동차부품,,legacy_theme,높음
012280,영화금속,KOSPI,자동차·부품,자동차부품,,,,자동차부품,1,자동차부품,,legacy_theme,높음
014440,영보화학,KOSPI,자동차·부품,자동차부품,,,,화학,1,자동차부품,,legacy_theme,높음
015260,에이엔피,KOSPI,자동차·부품,자동차부품,PCB(FPCB 등),,,전자장비와기기,2,PCB(FPCB 등) | 자동차부품,,legacy_theme,높음
016740,두올,KOSPI,자동차·부품,자동차부품,,,,자동차부품,1,자동차부품,,legacy_theme,높음
018500,동원모빌리티,KOSPI,자동차·부품,자동차부품,,,,자동차부품,1,자동차부품,,legacy_theme,높음
021820,세원정공,KOSPI,자동차·부품,자동차부품,,,,자동차부품,1,자동차부품,,legacy_theme,높음
023000,삼원강재,KOSPI,자동차·부품,자동차부품,,,,자동차부품,1,자동차부품,,legacy_theme,높음
041650,상신브레이크,KOSPI,자동차·부품,자동차부품,,,,자동차부품,1,자동차부품,,legacy_theme,높음
047400,유니온머티리얼,KOSPI,자동차·부품,자동차부품,요소수,페라이트,공작기계,자동차부품,5,공작기계 | 요소수 | 자동차부품 | 페라이트 | 희귀금속(희토류 등),,legacy_theme,높음
060980,HL홀딩스,KOSPI,자동차·부품,자동차부품,지주사,,,자동차부품,3,밸류업(24년 기업가치 제고계획 발표) | 자동차부품 | 지주사,밸류업(24년 기업가치 제고계획 발표),legacy_theme,높음
075180,새론오토모티브,KOSPI,자동차·부품,자동차부품,,,,자동차부품,1,자동차부품,,legacy_theme,높음
089470,HDC현대EP,KOSPI,자동차·부품,자동차부품,,,,자동차부품,2,자동차부품 | 재난/안전(지진/화재 등),재난/안전(지진/화재 등),legacy_theme,높음
108670,LX하우시스,KOSPI,자동차·부품,자동차부품,리모델링/인테리어,,,건축자재,2,리모델링/인테리어 | 자동차부품,,legacy_theme,높음
108675,LX하우시스우,KOSPI,자동차·부품,자동차부품,리모델링/인테리어,,,건축자재,2,리모델링/인테리어 | 자동차부품,,legacy_theme_inherited,중간
123700,SJM,KOSPI,자동차·부품,자동차부품,,,,자동차부품,1,자동차부품,,legacy_theme,높음
378850,화승알앤에이,KOSPI,자동차·부품,자동차부품,,,,자동차부품,1,자동차부품,,legacy_theme,높음
013570,디와이,KOSPI,자동차·부품,자율주행차,수소에너지(수소차/연료전지 등),자동차부품,리비안(RIVIAN),자동차부품,5,리비안(RIVIAN) | 수소에너지(수소차/연료전지 등) | 자동차부품 | 자율주행차 | 지주사,,legacy_theme,높음
403550,쏘카,KOSPI,자동차·부품,자율주행차,렌터카,,,도로와철도운송,2,렌터카 | 자율주행차,,legacy_theme,높음
007860,서연,KOSPI,자동차·부품,지주사,,,,자동차부품,1,지주사,,legacy_theme,높음
025530,SJM홀딩스,KOSPI,자동차·부품,지주사,,,,자동차부품,1,지주사,,legacy_theme,높음
036530,SNT홀딩스,KOSPI,자동차·부품,지주사,,,,자동차부품,1,지주사,,legacy_theme,높음
100250,진양홀딩스,KOSPI,자동차·부품,지주사,,,,자동차부품,1,지주사,,legacy_theme,높음
900140,엘브이엠씨홀딩스,KOSPI,자동차·부품,지주사,,,,자동차,1,지주사,,legacy_theme,높음
002350,넥센타이어,KOSPI,자동차·부품,타이어,UAM(도심항공모빌리티),,,자동차부품,2,UAM(도심항공모빌리티) | 타이어,,legacy_theme,높음
002355,넥센타이어1우B,KOSPI,자동차·부품,타이어,UAM(도심항공모빌리티),,,자동차부품,2,UAM(도심항공모빌리티) | 타이어,,legacy_theme_inherited,중간
005720,넥센,KOSPI,자동차·부품,타이어,지주사,,,자동차부품,2,지주사 | 타이어,,legacy_theme,높음
005725,넥센우,KOSPI,자동차·부품,타이어,지주사,,,자동차부품,2,지주사 | 타이어,,legacy_theme_inherited,중간
073240,금호타이어,KOSPI,자동차·부품,타이어,,,,자동차부품,1,타이어,,legacy_theme,높음
161390,한국타이어앤테크놀로지,KOSPI,자동차·부품,타이어,,,,자동차부품,2,밸류업(25년 기업가치 제고계획 발표) | 타이어,밸류업(25년 기업가치 제고계획 발표),legacy_theme,높음
017940,E1,KOSPI,전력·원전·에너지,LPG(액화석유가스),셰일가스(Shale Gas),,,가스유틸리티,2,LPG(액화석유가스) | 셰일가스(Shale Gas),,legacy_theme,높음
018670,SK가스,KOSPI,전력·원전·에너지,LPG(액화석유가스),셰일가스(Shale Gas),LNG(액화천연가스),,가스유틸리티,4,LNG(액화천연가스) | LPG(액화석유가스) | 셰일가스(Shale Gas) | 코리아 밸류업 지수(Korea Value-up Index),코리아 밸류업 지수(Korea Value-up Index),legacy_theme,높음
128820,대성산업,KOSPI,전력·원전·에너지,LPG(액화석유가스),자원개발,주유소,부동산 보유 자산주,석유와가스,5,LPG(액화석유가스) | 부동산 보유 자산주 | 서울고속버스터미널 재개발 수혜 | 자원개발 | 주유소,서울고속버스터미널 재개발 수혜,legacy_theme,높음
004690,삼천리,KOSPI,전력·원전·에너지,도시가스,겨울,LNG(액화천연가스),,가스유틸리티,3,LNG(액화천연가스) | 겨울 | 도시가스,,legacy_theme,높음
015360,INVENI,KOSPI,전력·원전·에너지,도시가스,겨울,지주사,,가스유틸리티,3,겨울 | 도시가스 | 지주사,,legacy_theme,높음
016710,대성홀딩스,KOSPI,전력·원전·에너지,도시가스,겨울,,,가스유틸리티,2,겨울 | 도시가스,,legacy_theme,높음
017390,서울가스,KOSPI,전력·원전·에너지,도시가스,자원개발,겨울,,가스유틸리티,3,겨울 | 도시가스 | 자원개발,,legacy_theme,높음
034590,인천도시가스,KOSPI,전력·원전·에너지,도시가스,겨울,,,가스유틸리티,2,겨울 | 도시가스,,legacy_theme,높음
036460,한국가스공사,KOSPI,전력·원전·에너지,도시가스,셰일가스(Shale Gas),자원개발,겨울,가스유틸리티,6,LNG(액화천연가스) | 겨울 | 도시가스 | 셰일가스(Shale Gas) | 자원개발 | 환율하락 수혜,환율하락 수혜,legacy_theme,높음
117580,대성에너지,KOSPI,전력·원전·에너지,도시가스,겨울,,,가스유틸리티,2,겨울 | 도시가스,,legacy_theme,높음
267290,경동도시가스,KOSPI,전력·원전·에너지,도시가스,겨울,,,가스유틸리티,2,겨울 | 도시가스,,legacy_theme,높음
002360,SH에너지화학,KOSPI,전력·원전·에너지,셰일가스(Shale Gas),,,,화학,1,셰일가스(Shale Gas),,legacy_theme,높음
006490,프리티,KOSPI,전력·원전·에너지,스마트그리드(지능형전력망),화장품,탈모 치료,,무선통신서비스,3,스마트그리드(지능형전력망) | 탈모 치료 | 화장품,,legacy_theme,높음
010120,LS ELECTRIC,KOSPI,전력·원전·에너지,스마트그리드(지능형전력망),전력설비,스마트팩토리(스마트공장),전력저장장치(ESS),전기장비,10,수소에너지(수소차/연료전지 등) | 스마트그리드(지능형전력망) | 스마트팩토리(스마트공장) | 원자력발전 | 전기차 | 전력설비 | 전력저장장치(ESS) | 초전도체 | 코리아 밸류업 지수(Korea Value-up Index) | 태양광에너지,코리아 밸류업 지수(Korea Value-up Index),legacy_theme,높음
015860,일진홀딩스,KOSPI,전력·원전·에너지,스마트그리드(지능형전력망),치매,지주사,,전기장비,3,스마트그리드(지능형전력망) | 지주사 | 치매,,legacy_theme,높음
022100,포스코DX,KOSPI,전력·원전·에너지,스마트그리드(지능형전력망),클라우드 컴퓨팅,스마트팩토리(스마트공장),전력저장장치(ESS),IT서비스,9,SI(시스템통합) | 스마트그리드(지능형전력망) | 스마트팩토리(스마트공장) | 스마트홈(홈네트워크) | 전력저장장치(ESS) | 코리아 밸류업 지수(Korea Value-up Index) | 클라우드 컴퓨팅 | 피지컬 AI/휴머노이드 로봇 | 황사/미세먼지,코리아 밸류업 지수(Korea Value-up Index),legacy_theme,높음
103590,일진전기,KOSPI,전력·원전·에너지,스마트그리드(지능형전력망),전력설비,전선,,전기장비,3,스마트그리드(지능형전력망) | 전력설비 | 전선,,legacy_theme,높음
130660,한전산업,KOSPI,전력·원전·에너지,스마트그리드(지능형전력망),전력설비,전력저장장치(ESS),원자력발전,전기유틸리티,4,스마트그리드(지능형전력망) | 원자력발전 | 전력설비 | 전력저장장치(ESS),,legacy_theme,높음
004140,동방,KOSPI,전력·원전·에너지,온실가스(탄소배출권)/탄소 포집·활용·저장(CCUS),종합 물류,쿠팡(coupang),,항공화물운송과물류,3,온실가스(탄소배출권)/탄소 포집·활용·저장(CCUS) | 종합 물류 | 쿠팡(coupang),,legacy_theme,높음
005090,SGC에너지,KOSPI,전력·원전·에너지,온실가스(탄소배출권)/탄소 포집·활용·저장(CCUS),,,,에너지장비및서비스,1,온실가스(탄소배출권)/탄소 포집·활용·저장(CCUS),,legacy_theme,높음
008250,이건산업,KOSPI,전력·원전·에너지,온실가스(탄소배출권)/탄소 포집·활용·저장(CCUS),조림사업,리모델링/인테리어,,건축자재,3,리모델링/인테리어 | 온실가스(탄소배출권)/탄소 포집·활용·저장(CCUS) | 조림사업,,legacy_theme,높음
014830,유니드,KOSPI,전력·원전·에너지,온실가스(탄소배출권)/탄소 포집·활용·저장(CCUS),농업,비료,,화학,3,농업 | 비료 | 온실가스(탄소배출권)/탄소 포집·활용·저장(CCUS),,legacy_theme,높음
025750,한솔홈데코,KOSPI,전력·원전·에너지,온실가스(탄소배출권)/탄소 포집·활용·저장(CCUS),조림사업,리모델링/인테리어,,건축자재,3,리모델링/인테리어 | 온실가스(탄소배출권)/탄소 포집·활용·저장(CCUS) | 조림사업,,legacy_theme,높음
033530,SJG세종,KOSPI,전력·원전·에너지,온실가스(탄소배출권)/탄소 포집·활용·저장(CCUS),수소에너지(수소차/연료전지 등),로봇(산업용/협동로봇 등),자동차부품,자동차부품,4,로봇(산업용/협동로봇 등) | 수소에너지(수소차/연료전지 등) | 온실가스(탄소배출권)/탄소 포집·활용·저장(CCUS) | 자동차부품,,legacy_theme,높음
069260,TKG휴켐스,KOSPI,전력·원전·에너지,온실가스(탄소배출권)/탄소 포집·활용·저장(CCUS),요소수,,,화학,2,온실가스(탄소배출권)/탄소 포집·활용·저장(CCUS) | 요소수,,legacy_theme,높음
083420,그린케미칼,KOSPI,전력·원전·에너지,온실가스(탄소배출권)/탄소 포집·활용·저장(CCUS),석유화학,,,화학,2,석유화학 | 온실가스(탄소배출권)/탄소 포집·활용·저장(CCUS),,legacy_theme,높음
093370,후성,KOSPI,전력·원전·에너지,온실가스(탄소배출권)/탄소 포집·활용·저장(CCUS),리튬,반도체 재료/부품,2차전지(소재/부품),화학,7,2차전지 | 2차전지(소재/부품) | 日 수출 규제(국산화 등) | 리튬 | 반도체 재료/부품 | 여름 | 온실가스(탄소배출권)/탄소 포집·활용·저장(CCUS),,legacy_theme,높음
053690,한미글로벌,KOSPI,전력·원전·에너지,원자력발전,,,,건설,1,원자력발전,,legacy_theme,높음
100840,SNT에너지,KOSPI,전력·원전·에너지,원자력발전,셰일가스(Shale Gas),LNG(액화천연가스),,에너지장비및서비스,3,LNG(액화천연가스) | 셰일가스(Shale Gas) | 원자력발전,,legacy_theme,높음
051600,한전KPS,KOSPI,전력·원전·에너지,원자력발전소 해체,전력설비,원자력발전,,전기유틸리티,5,밸류업(25년 기업가치 제고계획 발표) | 원자력발전 | 원자력발전소 해체 | 전력설비 | 코리아 밸류업 지수(Korea Value-up Index),밸류업(25년 기업가치 제고계획 발표) | 코리아 밸류업 지수(Korea Value-up Index),legacy_theme,높음
052690,한전기술,KOSPI,전력·원전·에너지,원자력발전소 해체,풍력에너지,원자력발전,,전기유틸리티,5,밸류업(24년 기업가치 제고계획 발표) | 원자력발전 | 원자력발전소 해체 | 코리아 밸류업 지수(Korea Value-up Index) | 풍력에너지,밸류업(24년 기업가치 제고계획 발표) | 코리아 밸류업 지수(Korea Value-up Index),legacy_theme,높음
105840,우진,KOSPI,전력·원전·에너지,원자력발전소 해체,원자력발전,,,기계,2,원자력발전 | 원자력발전소 해체,,legacy_theme,높음
000500,가온전선,KOSPI,전력·원전·에너지,전력설비,전선,,,전기장비,2,전력설비 | 전선,,legacy_theme,높음
001440,대한전선,KOSPI,전력·원전·에너지,전력설비,원자력발전,전선,,전기장비,3,원자력발전 | 전력설비 | 전선,,legacy_theme,높음
006340,대원전선,KOSPI,전력·원전·에너지,전력설비,철도,전선,,전기장비,3,전력설비 | 전선 | 철도,,legacy_theme,높음
006345,대원전선우,KOSPI,전력·원전·에너지,전력설비,철도,전선,,전기장비,3,전력설비 | 전선 | 철도,,legacy_theme_inherited,중간
007610,선도전기,KOSPI,전력·원전·에너지,전력설비,철도,,,전기장비,2,전력설비 | 철도,,legacy_theme,높음
062040,산일전기,KOSPI,전력·원전·에너지,전력설비,,,,전기장비,1,전력설비,,legacy_theme,높음
229640,LS에코에너지,KOSPI,전력·원전·에너지,전력설비,풍력에너지,5G(5세대 이동통신),전선,전기장비,6,5G(5세대 이동통신) | 전력설비 | 전선 | 지주사 | 풍력에너지 | 희귀금속(희토류 등),,legacy_theme,높음
267260,HD현대일렉트릭,KOSPI,전력·원전·에너지,전력설비,전력저장장치(ESS),,,전기장비,4,밸류업(24년 기업가치 제고계획 발표) | 전력설비 | 전력저장장치(ESS) | 코리아 밸류업 지수(Korea Value-up Index),밸류업(24년 기업가치 제고계획 발표) | 코리아 밸류업 지수(Korea Value-up Index),legacy_theme,높음
298040,효성중공업,KOSPI,전력·원전·에너지,전력설비,풍력에너지,전력저장장치(ESS),원자력발전,전기장비,6,수소에너지(수소차/연료전지 등) | 원자력발전 | 전력설비 | 전력저장장치(ESS) | 코리아 밸류업 지수(Korea Value-up Index) | 풍력에너지,코리아 밸류업 지수(Korea Value-up Index),legacy_theme,높음
009470,삼화전기,KOSPI,전력·원전·에너지,전력저장장치(ESS),전기차,페라이트,,전기제품,3,전기차 | 전력저장장치(ESS) | 페라이트,,legacy_theme,높음
011930,신성이엔지,KOSPI,전력·원전·에너지,전력저장장치(ESS),태양광에너지,반도체 장비,두나무(Dunamu),반도체와반도체장비,5,두나무(Dunamu) | 반도체 장비 | 전력저장장치(ESS) | 코로나19(음압병실/음압구급차) | 태양광에너지,코로나19(음압병실/음압구급차),legacy_theme,높음
001820,삼화콘덴서,KOSPI,전력·원전·에너지,핵융합에너지,스마트그리드(지능형전력망),전력저장장치(ESS),전기차,전기제품,5,MLCC(적층세라믹콘덴서) | 스마트그리드(지능형전력망) | 전기차 | 전력저장장치(ESS) | 핵융합에너지,,legacy_theme,높음
002240,고려제강,KOSPI,전력·원전·에너지,핵융합에너지,철강 주요종목,초전도체,,철강,3,철강 주요종목 | 초전도체 | 핵융합에너지,,legacy_theme,높음
034020,두산에너빌리티,KOSPI,전력·원전·에너지,핵융합에너지,항공기부품,원자력발전소 해체,전력설비,기계,8,셰일가스(Shale Gas) | 수자원(양적/질적 개선) | 원자력발전 | 원자력발전소 해체 | 전력설비 | 풍력에너지 | 항공기부품 | 핵융합에너지,,legacy_theme,높음
009540,HD한국조선해양,KOSPI,조선·해운,조선,방위산업/전쟁 및 테러,LNG(액화천연가스),지주사,조선,5,LNG(액화천연가스) | 방위산업/전쟁 및 테러 | 밸류업(24년 기업가치 제고계획 발표) | 조선 | 지주사,밸류업(24년 기업가치 제고계획 발표),legacy_theme,높음
010140,삼성중공업,KOSPI,조선·해운,조선,LNG(액화천연가스),,,조선,2,LNG(액화천연가스) | 조선,,legacy_theme,높음
042660,한화오션,KOSPI,조선·해운,조선,방위산업/전쟁 및 테러,,,조선,2,방위산업/전쟁 및 테러 | 조선,,legacy_theme,높음
097230,HJ중공업,KOSPI,조선·해운,조선,GTX(수도권 광역급행철도),방위산업/전쟁 및 테러,LNG(액화천연가스),건설,4,GTX(수도권 광역급행철도) | LNG(액화천연가스) | 방위산업/전쟁 및 테러 | 조선,,legacy_theme,높음
329180,HD현대중공업,KOSPI,조선·해운,조선,LNG(액화천연가스),,,조선,3,LNG(액화천연가스) | 밸류업(24년 기업가치 제고계획 발표) | 조선,밸류업(24년 기업가치 제고계획 발표),legacy_theme,높음
439260,대한조선,KOSPI,조선·해운,조선,,,,조선,1,조선,,legacy_theme,높음
071970,HD현대마린엔진,KOSPI,조선·해운,조선기자재,,,,조선,1,조선기자재,,legacy_theme,높음
075580,세진중공업,KOSPI,조선·해운,조선기자재,풍력에너지,,,조선,2,조선기자재 | 풍력에너지,,legacy_theme,높음
077970,STX엔진,KOSPI,조선·해운,조선기자재,방위산업/전쟁 및 테러,,,조선,2,방위산업/전쟁 및 테러 | 조선기자재,,legacy_theme,높음
082740,한화엔진,KOSPI,조선·해운,조선기자재,LNG(액화천연가스),,,조선,2,LNG(액화천연가스) | 조선기자재,,legacy_theme,높음
085310,엔케이,KOSPI,조선·해운,조선기자재,수소에너지(수소차/연료전지 등),남-북-러 가스관사업,LNG(액화천연가스),조선,4,LNG(액화천연가스) | 남-북-러 가스관사업 | 수소에너지(수소차/연료전지 등) | 조선기자재,,legacy_theme,높음
100090,SK오션플랜트,KOSPI,조선·해운,조선기자재,철강 중소형,풍력에너지,강관업체(Steel pipe),에너지장비및서비스,6,LNG(액화천연가스) | 강관업체(Steel pipe) | 남-북-러 가스관사업 | 조선기자재 | 철강 중소형 | 풍력에너지,,legacy_theme,높음
120030,조선선재,KOSPI,조선·해운,조선기자재,,,,철강,1,조선기자재,,legacy_theme,높음
133820,화인베스틸,KOSPI,조선·해운,조선기자재,철강 중소형,,,철강,2,조선기자재 | 철강 중소형,,legacy_theme,높음
443060,HD현대마린솔루션,KOSPI,조선·해운,조선기자재,,,,조선,2,밸류업(24년 기업가치 제고계획 발표) | 조선기자재,밸류업(24년 기업가치 제고계획 발표),legacy_theme,높음
267250,HD현대,KOSPI,조선·해운,주유소,지주사,,,조선,4,밸류업(24년 기업가치 제고계획 발표) | 주유소 | 지주사 | 코리아 밸류업 지수(Korea Value-up Index),밸류업(24년 기업가치 제고계획 발표) | 코리아 밸류업 지수(Korea Value-up Index),legacy_theme,높음
003280,흥아해운,KOSPI,조선·해운,해운,,,,해운사,1,해운,,legacy_theme,높음
005880,대한해운,KOSPI,조선·해운,해운,LNG(액화천연가스),,,해운사,3,LNG(액화천연가스) | 해운 | 환율하락 수혜,환율하락 수혜,legacy_theme,높음
011200,HMM,KOSPI,조선·해운,해운,,,,해운사,3,밸류업(25년 기업가치 제고계획 발표) | 코리아 밸류업 지수(Korea Value-up Index) | 해운,밸류업(25년 기업가치 제고계획 발표) | 코리아 밸류업 지수(Korea Value-up Index),legacy_theme,높음
028670,팬오션,KOSPI,조선·해운,해운,LNG(액화천연가스),,,해운사,2,LNG(액화천연가스) | 해운,,legacy_theme,높음
044450,KSS해운,KOSPI,조선·해운,해운,,,,해운사,1,해운,,legacy_theme,높음
465770,STX그린로지스,KOSPI,조선·해운,해운,종합 물류,,,해운사,2,종합 물류 | 해운,,legacy_theme,높음
009160,SIMPAC,KOSPI,철강·비철·소재,공작기계,,,,비철금속,1,공작기계,,legacy_theme,높음
025890,한국주강,KOSPI,철강·비철·소재,공작기계,,,,철강,1,공작기계,,legacy_theme,높음
000670,영풍,KOSPI,철강·비철·소재,비철금속,귀금속(금/은),아이폰,,핸드셋,3,귀금속(금/은) | 비철금속 | 아이폰,,legacy_theme,높음
001530,DI동일,KOSPI,철강·비철·소재,비철금속,2차전지(소재/부품),2차전지,부동산 보유 자산주,"섬유,의류,신발,호화품",6,2차전지 | 2차전지(소재/부품) | 밸류업(25년 기업가치 제고계획 발표) | 부동산 보유 자산주 | 비철금속 | 여름,밸류업(25년 기업가치 제고계획 발표),legacy_theme,높음
001780,알루코,KOSPI,철강·비철·소재,비철금속,철도,2차전지(소재/부품),2차전지,비철금속,4,2차전지 | 2차전지(소재/부품) | 비철금속 | 철도,,legacy_theme,높음
004560,현대비앤지스틸,KOSPI,철강·비철·소재,비철금속,철강 중소형,니켈,희귀금속(희토류 등),비철금속,4,니켈 | 비철금속 | 철강 중소형 | 희귀금속(희토류 등),,legacy_theme,높음
005810,풍산홀딩스,KOSPI,철강·비철·소재,비철금속,방위산업/전쟁 및 테러,지주사,,비철금속,3,방위산업/전쟁 및 테러 | 비철금속 | 지주사,,legacy_theme,높음
006110,삼아알미늄,KOSPI,철강·비철·소재,비철금속,2차전지(소재/부품),2차전지,,비철금속,3,2차전지 | 2차전지(소재/부품) | 비철금속,,legacy_theme,높음
008350,남선알미늄,KOSPI,철강·비철·소재,비철금속,자동차부품,,,비철금속,2,비철금속 | 자동차부품,,legacy_theme,높음
009190,대양금속,KOSPI,철강·비철·소재,비철금속,니켈,,,철강,2,니켈 | 비철금속,,legacy_theme,높음
010130,고려아연,KOSPI,철강·비철·소재,비철금속,2차전지(소재/부품),2차전지,귀금속(금/은),비철금속,7,2차전지 | 2차전지(소재/부품) | 귀금속(금/은) | 밸류업(24년 기업가치 제고계획 발표) | 비철금속 | 환율하락 수혜 | 희귀금속(희토류 등),밸류업(24년 기업가치 제고계획 발표) | 환율하락 수혜,legacy_theme,높음
012800,대창,KOSPI,철강·비철·소재,비철금속,그래핀,,,비철금속,2,그래핀 | 비철금속,,legacy_theme,높음
015890,태경산업,KOSPI,철강·비철·소재,비철금속,LED,페라이트,주유소,비철금속,4,LED | 비철금속 | 주유소 | 페라이트,,legacy_theme,높음
018470,조일알미늄,KOSPI,철강·비철·소재,비철금속,2차전지(소재/부품),2차전지,,비철금속,3,2차전지 | 2차전지(소재/부품) | 비철금속,,legacy_theme,높음
021050,서원,KOSPI,철강·비철·소재,비철금속,,,,비철금속,1,비철금속,,legacy_theme,높음
025820,이구산업,KOSPI,철강·비철·소재,비철금속,,,,비철금속,1,비철금속,,legacy_theme,높음
032560,황금에스티,KOSPI,철강·비철·소재,비철금속,철도,2차전지(소재/부품),2차전지,비철금속,5,2차전지 | 2차전지(소재/부품) | 니켈 | 비철금속 | 철도,,legacy_theme,높음
103140,풍산,KOSPI,철강·비철·소재,비철금속,방위산업/전쟁 및 테러,화폐/금융자동화기기(디지털화폐 등),,비철금속,5,방위산업/전쟁 및 테러 | 비철금속 | 코리아 밸류업 지수(Korea Value-up Index) | 화폐/금융자동화기기(디지털화폐 등) | 환율하락 수혜,코리아 밸류업 지수(Korea Value-up Index) | 환율하락 수혜,legacy_theme,높음
001560,제일연마,KOSPI,철강·비철·소재,업종:비철금속,,,,비철금속,0,,,industry_fallback,중간
008355,남선알미우,KOSPI,철강·비철·소재,업종:비철금속,,,,비철금속,0,,,industry_fallback,중간
010040,한국내화,KOSPI,철강·비철·소재,업종:비철금속,,,,비철금속,0,,,industry_fallback,중간
024090,디씨엠,KOSPI,철강·비철·소재,업종:비철금속,,,,비철금속,0,,,industry_fallback,중간
069460,대호에이엘,KOSPI,철강·비철·소재,업종:비철금속,,,,비철금속,0,,,industry_fallback,중간
155660,DSR,KOSPI,철강·비철·소재,업종:비철금속,,,,비철금속,0,,,industry_fallback,중간
462520,조선내화,KOSPI,철강·비철·소재,업종:비철금속,,,,비철금속,0,,,industry_fallback,중간
001770,SHD,KOSPI,철강·비철·소재,업종:철강,,,,철강,0,,,industry_fallback,중간
000480,CR홀딩스,KOSPI,철강·비철·소재,지주사,,,,비철금속,1,지주사,,legacy_theme,높음
000590,CS홀딩스,KOSPI,철강·비철·소재,지주사,,,,철강,1,지주사,,legacy_theme,높음
001230,동국홀딩스,KOSPI,철강·비철·소재,지주사,,,,철강,1,지주사,,legacy_theme,높음
001940,KISCO홀딩스,KOSPI,철강·비철·소재,지주사,,,,철강,1,지주사,,legacy_theme,높음
012320,경동인베스트,KOSPI,철강·비철·소재,지주사,,,,비철금속,1,지주사,,legacy_theme,높음
058650,세아홀딩스,KOSPI,철강·비철·소재,지주사,,,,철강,2,밸류업(24년 기업가치 제고계획 발표) | 지주사,밸류업(24년 기업가치 제고계획 발표),legacy_theme,높음
001430,세아베스틸지주,KOSPI,철강·비철·소재,철강 주요종목,우주항공산업(누리호/인공위성 등),스페이스X(SpaceX),지주사,철강,5,밸류업(24년 기업가치 제고계획 발표) | 스페이스X(SpaceX) | 우주항공산업(누리호/인공위성 등) | 지주사 | 철강 주요종목,밸류업(24년 기업가치 제고계획 발표),legacy_theme,높음
004020,현대제철,KOSPI,철강·비철·소재,철강 주요종목,철도,수소에너지(수소차/연료전지 등),,철강,4,수소에너지(수소차/연료전지 등) | 철강 주요종목 | 철도 | 환율하락 수혜,환율하락 수혜,legacy_theme,높음
005490,POSCO홀딩스,KOSPI,철강·비철·소재,철강 주요종목,리튬,풍력에너지,2차전지(소재/부품),철강,12,2차전지 | 2차전지(소재/부품) | LNG(액화천연가스) | 니켈 | 리튬 | 모듈러주택 | 밸류업(24년 기업가치 제고계획 발표) | 철강 주요종목 | 폐배터리 | 풍력에너지 | 환율하락 수혜 | 희귀금속(희토류 등),밸류업(24년 기업가치 제고계획 발표) | 환율하락 수혜,legacy_theme,높음
016380,KG스틸,KOSPI,철강·비철·소재,철강 주요종목,,,,철강,2,밸류업(25년 기업가치 제고계획 발표) | 철강 주요종목,밸류업(25년 기업가치 제고계획 발표),legacy_theme,높음
058430,포스코스틸리온,KOSPI,철강·비철·소재,철강 주요종목,전기차,,,비철금속,2,전기차 | 철강 주요종목,,legacy_theme,높음
084010,대한제강,KOSPI,철강·비철·소재,철강 주요종목,,,,철강,1,철강 주요종목,,legacy_theme,높음
104700,한국철강,KOSPI,철강·비철·소재,철강 주요종목,,,,철강,1,철강 주요종목,,legacy_theme,높음
306200,세아제강,KOSPI,철강·비철·소재,철강 주요종목,풍력에너지,강관업체(Steel pipe),남-북-러 가스관사업,철강,4,강관업체(Steel pipe) | 남-북-러 가스관사업 | 철강 주요종목 | 풍력에너지,,legacy_theme,높음
460850,동국씨엠,KOSPI,철강·비철·소재,철강 주요종목,,,,철강,1,철강 주요종목,,legacy_theme,높음
460860,동국제강,KOSPI,철강·비철·소재,철강 주요종목,,,,철강,1,철강 주요종목,,legacy_theme,높음
000970,한국주철관,KOSPI,철강·비철·소재,철강 중소형,강관업체(Steel pipe),수자원(양적/질적 개선),,철강,3,강관업체(Steel pipe) | 수자원(양적/질적 개선) | 철강 중소형,,legacy_theme,높음
001080,만호제강,KOSPI,철강·비철·소재,철강 중소형,,,,철강,1,철강 중소형,,legacy_theme,높음
002220,한일철강,KOSPI,철강·비철·소재,철강 중소형,,,,철강,1,철강 중소형,,legacy_theme,높음
002690,동일제강,KOSPI,철강·비철·소재,철강 중소형,철도,,,철강,2,철강 중소형 | 철도,,legacy_theme,높음
002710,TCC스틸,KOSPI,철강·비철·소재,철강 중소형,2차전지(소재/부품),2차전지,리비안(RIVIAN),철강,4,2차전지 | 2차전지(소재/부품) | 리비안(RIVIAN) | 철강 중소형,,legacy_theme,높음
004890,동일산업,KOSPI,철강·비철·소재,철강 중소형,,,,철강,1,철강 중소형,,legacy_theme,높음
005010,휴스틸,KOSPI,철강·비철·소재,철강 중소형,강관업체(Steel pipe),남-북-러 가스관사업,,철강,3,강관업체(Steel pipe) | 남-북-러 가스관사업 | 철강 중소형,,legacy_theme,높음
007280,한국특강,KOSPI,철강·비철·소재,철강 중소형,,,,철강,1,철강 중소형,,legacy_theme,높음
008260,NI스틸,KOSPI,철강·비철·소재,철강 중소형,,,,건축자재,1,철강 중소형,,legacy_theme,높음
008420,문배철강,KOSPI,철강·비철·소재,철강 중소형,남-북-러 가스관사업,,,철강,2,남-북-러 가스관사업 | 철강 중소형,,legacy_theme,높음
008970,KBI동양철관,KOSPI,철강·비철·소재,철강 중소형,강관업체(Steel pipe),남-북-러 가스관사업,수자원(양적/질적 개선),철강,4,강관업체(Steel pipe) | 남-북-러 가스관사업 | 수자원(양적/질적 개선) | 철강 중소형,,legacy_theme,높음
012160,영흥,KOSPI,철강·비철·소재,철강 중소형,자동차부품,,,철강,2,자동차부품 | 철강 중소형,,legacy_theme,높음
014280,금강공업,KOSPI,철강·비철·소재,철강 중소형,모듈러주택,강관업체(Steel pipe),,건축제품,3,강관업체(Steel pipe) | 모듈러주택 | 철강 중소형,,legacy_theme,높음
014285,금강공업우,KOSPI,철강·비철·소재,철강 중소형,모듈러주택,강관업체(Steel pipe),,건축제품,3,강관업체(Steel pipe) | 모듈러주택 | 철강 중소형,,legacy_theme_inherited,중간
026940,부국철강,KOSPI,철강·비철·소재,철강 중소형,남-북-러 가스관사업,,,철강,2,남-북-러 가스관사업 | 철강 중소형,,legacy_theme,높음
069730,DSR제강,KOSPI,철강·비철·소재,철강 중소형,,,,철강,1,철강 중소형,,legacy_theme,높음
071090,하이스틸,KOSPI,철강·비철·소재,철강 중소형,강관업체(Steel pipe),남-북-러 가스관사업,수자원(양적/질적 개선),철강,4,강관업체(Steel pipe) | 남-북-러 가스관사업 | 수자원(양적/질적 개선) | 철강 중소형,,legacy_theme,높음
092790,넥스틸,KOSPI,철강·비철·소재,철강 중소형,강관업체(Steel pipe),,,철강,2,강관업체(Steel pipe) | 철강 중소형,,legacy_theme,높음
139990,아주스틸,KOSPI,철강·비철·소재,철강 중소형,,,,철강,1,철강 중소형,,legacy_theme,높음
024890,대원화성,KOSPI,철강·비철·소재,희귀금속(희토류 등),리비안(RIVIAN),,,"섬유,의류,신발,호화품",2,리비안(RIVIAN) | 희귀금속(희토류 등),,legacy_theme,높음
336260,두산퓨얼셀,KOSPI,친환경·신재생,고체산화물 연료전지(SOFC),수소에너지(수소차/연료전지 등),,,에너지장비및서비스,2,고체산화물 연료전지(SOFC) | 수소에너지(수소차/연료전지 등),,legacy_theme,높음
475150,SK이터닉스,KOSPI,친환경·신재생,고체산화물 연료전지(SOFC),풍력에너지,전력저장장치(ESS),태양광에너지,에너지장비및서비스,4,고체산화물 연료전지(SOFC) | 전력저장장치(ESS) | 태양광에너지 | 풍력에너지,,legacy_theme,높음
000430,대원강업,KOSPI,친환경·신재생,수소에너지(수소차/연료전지 등),자동차부품,,,자동차부품,2,수소에너지(수소차/연료전지 등) | 자동차부품,,legacy_theme,높음
009320,아진전자부품,KOSPI,친환경·신재생,수소에너지(수소차/연료전지 등),전기차,자동차부품,,자동차부품,3,수소에너지(수소차/연료전지 등) | 자동차부품 | 전기차,,legacy_theme,높음
009680,모토닉,KOSPI,친환경·신재생,수소에너지(수소차/연료전지 등),자동차부품,,,자동차부품,2,수소에너지(수소차/연료전지 등) | 자동차부품,,legacy_theme,높음
010770,평화홀딩스,KOSPI,친환경·신재생,수소에너지(수소차/연료전지 등),지주사,,,자동차부품,2,수소에너지(수소차/연료전지 등) | 지주사,,legacy_theme,높음
011230,삼화전자,KOSPI,친환경·신재생,수소에너지(수소차/연료전지 등),전기차,페라이트,니켈,전자장비와기기,5,니켈 | 수소에너지(수소차/연료전지 등) | 전기차 | 페라이트 | 희귀금속(희토류 등),,legacy_theme,높음
013870,지엠비코리아,KOSPI,친환경·신재생,수소에너지(수소차/연료전지 등),전기차,자동차부품,,자동차부품,3,수소에너지(수소차/연료전지 등) | 자동차부품 | 전기차,,legacy_theme,높음
019180,티에이치엔,KOSPI,친환경·신재생,수소에너지(수소차/연료전지 등),자동차부품,,,자동차부품,2,수소에너지(수소차/연료전지 등) | 자동차부품,,legacy_theme,높음
064960,SNT모티브,KOSPI,친환경·신재생,수소에너지(수소차/연료전지 등),방위산업/전쟁 및 테러,전기차,자동차부품,자동차부품,4,방위산업/전쟁 및 테러 | 수소에너지(수소차/연료전지 등) | 자동차부품 | 전기차,,legacy_theme,높음
081000,일진다이아,KOSPI,친환경·신재생,수소에너지(수소차/연료전지 등),,,,비철금속,1,수소에너지(수소차/연료전지 등),,legacy_theme,높음
090080,평화산업,KOSPI,친환경·신재생,수소에너지(수소차/연료전지 등),방위산업/전쟁 및 테러,자동차부품,,자동차부품,3,방위산업/전쟁 및 테러 | 수소에너지(수소차/연료전지 등) | 자동차부품,,legacy_theme,높음
092780,DYP,KOSPI,친환경·신재생,수소에너지(수소차/연료전지 등),자동차부품,,,자동차부품,2,수소에너지(수소차/연료전지 등) | 자동차부품,,legacy_theme,높음
271940,일진하이솔루스,KOSPI,친환경·신재생,수소에너지(수소차/연료전지 등),자동차부품,,,자동차부품,2,수소에너지(수소차/연료전지 등) | 자동차부품,,legacy_theme,높음
298000,효성화학,KOSPI,친환경·신재생,수소에너지(수소차/연료전지 등),석유화학,,,화학,2,석유화학 | 수소에너지(수소차/연료전지 등),,legacy_theme,높음
298050,HS효성첨단소재,KOSPI,친환경·신재생,수소에너지(수소차/연료전지 등),자동차부품,타이어,,화학,3,수소에너지(수소차/연료전지 등) | 자동차부품 | 타이어,,legacy_theme,높음
011780,금호석유화학,KOSPI,친환경·신재생,탄소나노튜브(CNT),타이어,석유화학,,화학,5,밸류업(25년 기업가치 제고계획 발표) | 석유화학 | 코리아 밸류업 지수(Korea Value-up Index) | 타이어 | 탄소나노튜브(CNT),밸류업(25년 기업가치 제고계획 발표) | 코리아 밸류업 지수(Korea Value-up Index),legacy_theme,높음
011785,금호석유화학우,KOSPI,친환경·신재생,탄소나노튜브(CNT),타이어,석유화학,,화학,5,밸류업(25년 기업가치 제고계획 발표) | 석유화학 | 코리아 밸류업 지수(Korea Value-up Index) | 타이어 | 탄소나노튜브(CNT),밸류업(25년 기업가치 제고계획 발표) | 코리아 밸류업 지수(Korea Value-up Index),legacy_theme_inherited,중간
051910,LG화학,KOSPI,친환경·신재생,탄소나노튜브(CNT),바이오시밀러(복제 바이오의약품),리튬,비만치료제,화학,14,2차전지 | 2차전지(소재/부품) | OLED(유기 발광 다이오드) | 고령화 사회(노인복지) | 니켈 | 리튬 | 바이오시밀러(복제 바이오의약품) | 밸류업(24년 기업가치 제고계획 발표) | 비만치료제 | 석유화학 | 아이폰 | 전기차 | 탄소나노튜브(CNT) | 폴더블폰,밸류업(24년 기업가치 제고계획 발표),legacy_theme,높음
051915,LG화학우,KOSPI,친환경·신재생,탄소나노튜브(CNT),바이오시밀러(복제 바이오의약품),리튬,비만치료제,화학,14,2차전지 | 2차전지(소재/부품) | OLED(유기 발광 다이오드) | 고령화 사회(노인복지) | 니켈 | 리튬 | 바이오시밀러(복제 바이오의약품) | 밸류업(24년 기업가치 제고계획 발표) | 비만치료제 | 석유화학 | 아이폰 | 전기차 | 탄소나노튜브(CNT) | 폴더블폰,밸류업(24년 기업가치 제고계획 발표),legacy_theme_inherited,중간
002380,KCC,KOSPI,친환경·신재생,태양광에너지,페인트,리모델링/인테리어,,건축자재,4,리모델링/인테리어 | 밸류업(25년 기업가치 제고계획 발표) | 태양광에너지 | 페인트,밸류업(25년 기업가치 제고계획 발표),legacy_theme,높음
010060,OCI홀딩스,KOSPI,친환경·신재생,태양광에너지,지주사,,,화학,2,지주사 | 태양광에너지,,legacy_theme,높음
058730,다스코,KOSPI,친환경·신재생,태양광에너지,남북경협,전후 재건(우크라/중동 전쟁 등),,건축자재,3,남북경협 | 전후 재건(우크라/중동 전쟁 등) | 태양광에너지,,legacy_theme,높음
126720,수산인더스트리,KOSPI,친환경·신재생,태양광에너지,원자력발전,,,에너지장비및서비스,2,원자력발전 | 태양광에너지,,legacy_theme,높음
456040,OCI,KOSPI,친환경·신재생,태양광에너지,반도체 재료/부품,,,화학,2,반도체 재료/부품 | 태양광에너지,,legacy_theme,높음
004150,한솔홀딩스,KOSPI,친환경·신재생,폐기물처리,골판지 제조,지주사,,복합기업,3,골판지 제조 | 지주사 | 폐기물처리,,legacy_theme,높음
003030,세아제강지주,KOSPI,친환경·신재생,풍력에너지,지주사,,,철강,2,지주사 | 풍력에너지,,legacy_theme,높음
004440,삼일씨엔에스,KOSPI,친환경·신재생,풍력에너지,철도,,,건축자재,3,재난/안전(지진/화재 등) | 철도 | 풍력에너지,재난/안전(지진/화재 등),legacy_theme,높음
004800,효성,KOSPI,친환경·신재생,풍력에너지,삼성페이,지주사,,복합기업,3,삼성페이 | 지주사 | 풍력에너지,,legacy_theme,높음
112610,씨에스윈드,KOSPI,친환경·신재생,풍력에너지,,,,에너지장비및서비스,1,풍력에너지,,legacy_theme,높음
036570,NC,KOSPI,콘텐츠·엔터·게임,게임,모바일게임(스마트폰),증강현실(AR),,게임엔터테인먼트,3,게임 | 모바일게임(스마트폰) | 증강현실(AR),,legacy_theme,높음
192080,더블유게임즈,KOSPI,콘텐츠·엔터·게임,게임,모바일게임(스마트폰),,,게임엔터테인먼트,3,게임 | 모바일게임(스마트폰) | 코리아 밸류업 지수(Korea Value-up Index),코리아 밸류업 지수(Korea Value-up Index),legacy_theme,높음
251270,넷마블,KOSPI,콘텐츠·엔터·게임,게임,모바일게임(스마트폰),,,게임엔터테인먼트,2,게임 | 모바일게임(스마트폰),,legacy_theme,높음
259960,크래프톤,KOSPI,콘텐츠·엔터·게임,게임,모바일게임(스마트폰),,,게임엔터테인먼트,3,게임 | 모바일게임(스마트폰) | 코리아 밸류업 지수(Korea Value-up Index),코리아 밸류업 지수(Korea Value-up Index),legacy_theme,높음
462870,시프트업,KOSPI,콘텐츠·엔터·게임,게임,모바일게임(스마트폰),,,게임엔터테인먼트,2,게임 | 모바일게임(스마트폰),,legacy_theme,높음
030000,제일기획,KOSPI,콘텐츠·엔터·게임,광고,,,,광고,2,광고 | 코리아 밸류업 지수(Korea Value-up Index),코리아 밸류업 지수(Korea Value-up Index),legacy_theme,높음
035000,HS애드,KOSPI,콘텐츠·엔터·게임,광고,,,,광고,2,광고 | 밸류업(25년 기업가치 제고계획 발표),밸류업(25년 기업가치 제고계획 발표),legacy_theme,높음
037270,YG PLUS,KOSPI,콘텐츠·엔터·게임,광고,음원/음반,,,방송과엔터테인먼트,2,광고 | 음원/음반,,legacy_theme,높음
214320,이노션,KOSPI,콘텐츠·엔터·게임,광고,,,,광고,1,광고,,legacy_theme,높음
034120,SBS,KOSPI,콘텐츠·엔터·게임,미디어(방송/신문),영상콘텐츠,메타버스(Metaverse),,방송과엔터테인먼트,4,"메타버스(Metaverse) | 미디어(방송/신문) | 스포츠행사 수혜(올림픽, 월드컵 등) | 영상콘텐츠","스포츠행사 수혜(올림픽, 월드컵 등)",legacy_theme,높음
053210,스카이라이프,KOSPI,콘텐츠·엔터·게임,미디어(방송/신문),,,,방송과엔터테인먼트,1,미디어(방송/신문),,legacy_theme,높음
068290,삼성출판사,KOSPI,콘텐츠·엔터·게임,엔젤산업,교육/온라인 교육,모바일콘텐츠(스마트폰/태블릿PC),,출판,4,교육/온라인 교육 | 모바일콘텐츠(스마트폰/태블릿PC) | 엔젤산업 | 출산장려정책,출산장려정책,legacy_theme,높음
352820,하이브,KOSPI,콘텐츠·엔터·게임,엔터테인먼트,음원/음반,,,방송과엔터테인먼트,2,엔터테인먼트 | 음원/음반,,legacy_theme,높음
012170,아센디오,KOSPI,콘텐츠·엔터·게임,영화,엔터테인먼트,초전도체,,방송과엔터테인먼트,3,엔터테인먼트 | 영화 | 초전도체,,legacy_theme,높음
036420,콘텐트리중앙,KOSPI,콘텐츠·엔터·게임,영화,미디어(방송/신문),엔터테인먼트,영상콘텐츠,방송과엔터테인먼트,5,미디어(방송/신문) | 엔터테인먼트 | 영상콘텐츠 | 영화 | 지주사,,legacy_theme,높음
079160,CJ CGV,KOSPI,콘텐츠·엔터·게임,영화,,,,방송과엔터테인먼트,1,영화,,legacy_theme,높음
020120,키다리스튜디오,KOSPI,콘텐츠·엔터·게임,웹툰,모바일콘텐츠(스마트폰/태블릿PC),,,양방향미디어와서비스,2,모바일콘텐츠(스마트폰/태블릿PC) | 웹툰,,legacy_theme,높음
035420,NAVER,KOSPI,콘텐츠·엔터·게임,웹툰,게임,AI 챗봇(챗GPT 등),핀테크(FinTech),양방향미디어와서비스,16,AI 챗봇(챗GPT 등) | NFT(대체불가토큰) | SNS(소셜네트워크서비스) | 게임 | 마이데이터 | 메타버스(Metaverse) | 모바일게임(스마트폰) | 모바일콘텐츠(스마트폰/태블릿PC) | 블록체인 | 스테이블코인 | 웹툰 | 음성인식 | 인터넷 대표주 | 자율주행차 | 클라우드 컴퓨팅 | 핀테크(FinTech),,legacy_theme,높음
035720,카카오,KOSPI,콘텐츠·엔터·게임,웹툰,가상화폐(비트코인 등),인터넷은행,AI 챗봇(챗GPT 등),양방향미디어와서비스,17,AI 챗봇(챗GPT 등) | NFT(대체불가토큰) | SNS(소셜네트워크서비스) | UAM(도심항공모빌리티) | 가상화폐(비트코인 등) | 두나무(Dunamu) | 메타버스(Metaverse) | 모바일콘텐츠(스마트폰/태블릿PC) | 블록체인 | 엔터테인먼트 | 웹툰 | 음성인식 | 음원/음반 | 인터넷 대표주 | 인터넷은행 | 카카오뱅크(kakao BANK) | 핀테크(FinTech),,legacy_theme,높음
181710,NHN,KOSPI,콘텐츠·엔터·게임,웹툰,게임,모바일게임(스마트폰),전자결제(전자화폐),IT서비스,5,게임 | 모바일게임(스마트폰) | 웹툰 | 재택근무/스마트워크 | 전자결제(전자화폐),,legacy_theme,높음
016880,웅진,KOSPI,콘텐츠·엔터·게임,지주사,,,,출판,1,지주사,,legacy_theme,높음
078000,텔코웨어,KOSPI,통신·네트워크,5G(5세대 이동통신),모바일솔루션(스마트폰),,,소프트웨어,2,5G(5세대 이동통신) | 모바일솔루션(스마트폰),,legacy_theme,높음
031820,아이티센씨티에스,KOSPI,통신·네트워크,NI(네트워크통합),아스콘(아스팔트 콘크리트),,,IT서비스,2,NI(네트워크통합) | 아스콘(아스팔트 콘크리트),,legacy_theme,높음
217590,티엠씨,KOSPI,통신·네트워크,광통신(광케이블/광섬유 등),조선기자재,통신장비,,조선,3,광통신(광케이블/광섬유 등) | 조선기자재 | 통신장비,,legacy_theme,높음
489790,한화비전,KOSPI,통신·네트워크,보안주(물리),HBM(고대역폭메모리),반도체 장비,CCTV＆DVR,통신장비,5,CCTV＆DVR | HBM(고대역폭메모리) | 반도체 장비 | 보안주(물리) | 지주사,,legacy_theme,높음
079430,현대리바트,KOSPI,통신·네트워크,스마트홈(홈네트워크),리모델링/인테리어,,,가구,2,리모델링/인테리어 | 스마트홈(홈네트워크),,legacy_theme,높음
317400,자이에스앤디,KOSPI,통신·네트워크,스마트홈(홈네트워크),,,,건설,1,스마트홈(홈네트워크),,legacy_theme,높음
009580,무림P&P,KOSPI,통신·네트워크,양자암호/양자컴퓨팅,조림사업,제지,,종이와목재,3,양자암호/양자컴퓨팅 | 제지 | 조림사업,,legacy_theme,높음
017670,SK텔레콤,KOSPI,통신·네트워크,양자암호/양자컴퓨팅,클라우드 컴퓨팅,5G(5세대 이동통신),자율주행차,무선통신서비스,10,5G(5세대 이동통신) | UAM(도심항공모빌리티) | 밸류업(24년 기업가치 제고계획 발표) | 블록체인 | 스마트홈(홈네트워크) | 양자암호/양자컴퓨팅 | 자율주행차 | 코리아 밸류업 지수(Korea Value-up Index) | 클라우드 컴퓨팅 | 통신,밸류업(24년 기업가치 제고계획 발표) | 코리아 밸류업 지수(Korea Value-up Index),legacy_theme,높음
030200,KT,KOSPI,통신·네트워크,양자암호/양자컴퓨팅,인터넷은행,드론(Drone),핀테크(FinTech),다각화된통신서비스,16,5G(5세대 이동통신) | UAM(도심항공모빌리티) | 드론(Drone) | 메타버스(Metaverse) | 모바일콘텐츠(스마트폰/태블릿PC) | 밸류업(24년 기업가치 제고계획 발표) | 밸류업(25년 기업가치 제고계획 발표) | 블록체인 | 스마트홈(홈네트워크) | 양자암호/양자컴퓨팅 | 인터넷은행 | 자율주행차 | 코리아 밸류업 지수(Korea Value-up Index) | 클라우드 컴퓨팅 | 통신 | 핀테크(FinTech),밸류업(24년 기업가치 제고계획 발표) | 밸류업(25년 기업가치 제고계획 발표) | 코리아 밸류업 지수(Korea Value-up Index),legacy_theme,높음
019490,엑시큐어하이트론,KOSPI,통신·네트워크,업종:통신장비,,,,통신장비,0,,,industry_fallback,중간
109070,주성코퍼레이션,KOSPI,통신·네트워크,통신장비,,,,해운사,1,통신장비,,legacy_theme,높음
004430,송원산업,KOSPI,화학·정유,日 수출 규제(국산화 등),,,,화학,1,日 수출 규제(국산화 등),,legacy_theme,높음
006890,태경케미컬,KOSPI,화학·정유,마켓컬리(kurly),콜드체인(저온 유통),쿠팡(coupang),여름,화학,4,마켓컬리(kurly) | 여름 | 콜드체인(저온 유통) | 쿠팡(coupang),,legacy_theme,높음
005950,이수화학,KOSPI,화학·정유,석유화학,,,,화학,1,석유화학,,legacy_theme,높음
011170,롯데케미칼,KOSPI,화학·정유,석유화학,,,,화학,1,석유화학,,legacy_theme,높음
102260,동성케미컬,KOSPI,화학·정유,석유화학,지주사,,,화학,2,석유화학 | 지주사,,legacy_theme,높음
004090,한국석유,KOSPI,화학·정유,아스콘(아스팔트 콘크리트),남북경협,,,화학,2,남북경협 | 아스콘(아스팔트 콘크리트),,legacy_theme,높음
000760,이화산업,KOSPI,화학·정유,업종:화학,,,,화학,0,,,industry_fallback,중간
001340,PKC,KOSPI,화학·정유,업종:화학,,,,화학,0,,,industry_fallback,중간
001570,금양,KOSPI,화학·정유,업종:화학,,,,화학,0,,,industry_fallback,중간
002810,삼영무역,KOSPI,화학·정유,업종:화학,,,,화학,0,,,industry_fallback,중간
003780,진양산업,KOSPI,화학·정유,업종:화학,,,,화학,0,,,industry_fallback,중간
006380,카프로,KOSPI,화학·정유,업종:화학,,,,화학,0,,,industry_fallback,중간
007690,국도화학,KOSPI,화학·정유,업종:화학,,,,화학,0,,,industry_fallback,중간
010640,진양폴리,KOSPI,화학·정유,업종:화학,,,,화학,0,,,industry_fallback,중간
013000,세우글로벌,KOSPI,화학·정유,업종:화학,,,,화학,0,,,industry_fallback,중간
023450,동남합성,KOSPI,화학·정유,업종:화학,,,,화학,0,,,industry_fallback,중간
024070,WISCOM,KOSPI,화학·정유,업종:화학,,,,화학,0,,,industry_fallback,중간
051630,진양화학,KOSPI,화학·정유,업종:화학,,,,화학,0,,,industry_fallback,중간
134380,미원화학,KOSPI,화학·정유,업종:화학,,,,화학,0,,,industry_fallback,중간
268280,미원에스씨,KOSPI,화학·정유,업종:화학,,,,화학,0,,,industry_fallback,중간
002960,한국쉘석유,KOSPI,화학·정유,윤활유,,,,화학,1,윤활유,,legacy_theme,높음
003650,미창석유,KOSPI,화학·정유,윤활유,,,,화학,1,윤활유,,legacy_theme,높음
014530,극동유화,KOSPI,화학·정유,윤활유,아스콘(아스팔트 콘크리트),LPG(액화석유가스),주유소,석유와가스,4,LPG(액화석유가스) | 아스콘(아스팔트 콘크리트) | 윤활유 | 주유소,,legacy_theme,높음
002420,우양피앤엘,KOSPI,화학·정유,주유소,,,,석유와가스,1,주유소,,legacy_theme,높음
000070,삼양홀딩스,KOSPI,화학·정유,지주사,,,,화학,2,지주사 | 환율하락 수혜,환율하락 수혜,legacy_theme,높음
000210,DL,KOSPI,화학·정유,지주사,,,,화학,1,지주사,,legacy_theme,높음
000215,DL우,KOSPI,화학·정유,지주사,,,,화학,1,지주사,,legacy_theme_inherited,중간
004840,DRB동일,KOSPI,화학·정유,지주사,,,,화학,1,지주사,,legacy_theme,높음
006120,SK디스커버리,KOSPI,화학·정유,지주사,,,,석유와가스,1,지주사,,legacy_theme,높음
006125,SK디스커버리우,KOSPI,화학·정유,지주사,,,,석유와가스,1,지주사,,legacy_theme_inherited,중간
027410,BGF,KOSPI,화학·정유,지주사,,,,화학,1,지주사,,legacy_theme,높음
092230,KPX홀딩스,KOSPI,화학·정유,지주사,,,,화학,1,지주사,,legacy_theme,높음
107590,미원홀딩스,KOSPI,화학·정유,지주사,,,,화학,1,지주사,,legacy_theme,높음
272550,삼양패키징,KOSPI,화학·정유,탈 플라스틱(친환경/생분해성 등),,,,포장재,1,탈 플라스틱(친환경/생분해성 등),,legacy_theme,높음
006840,AK홀딩스,KOSPI,화학·정유,페인트,항공/저가 항공사(LCC),지주사,,화학,4,밸류업(24년 기업가치 제고계획 발표) | 지주사 | 페인트 | 항공/저가 항공사(LCC),밸류업(24년 기업가치 제고계획 발표),legacy_theme,높음
003830,대한화섬,KOSPI,화학·정유,화학섬유,,,,화학,1,화학섬유,,legacy_theme,높음
011300,우성머티리얼스,KOSPI,화학·정유,화학섬유,희귀금속(희토류 등),,,"섬유,의류,신발,호화품",2,화학섬유 | 희귀금속(희토류 등),,legacy_theme,높음
079980,휴비스,KOSPI,화학·정유,화학섬유,그래핀,마스크,,"섬유,의류,신발,호화품",3,그래핀 | 마스크 | 화학섬유,,legacy_theme,높음
298020,효성티앤씨,KOSPI,화학·정유,화학섬유,종합상사,타이어,,무역회사와판매업체,5,밸류업(25년 기업가치 제고계획 발표) | 종합상사 | 코리아 밸류업 지수(Korea Value-up Index) | 타이어 | 화학섬유,밸류업(25년 기업가치 제고계획 발표) | 코리아 밸류업 지수(Korea Value-up Index),legacy_theme,높음
